{
  "type": "FeatureCollection",
  "name": "Nellore Corridor Infrastructure Map",
  "crs": {
    "type": "name",
    "properties": {
      "name": "urn:ogc:def:crs:OGC:1.3:CRS84"
    }
  },
  "features": [
    {
      "type": "Feature",
      "properties": {
        "id": "osm-way-133954212",
        "name": "Balaji Nagar(andhra bank road)",
        "highway": "unclassified",
        "lanes": null,
        "width": 5.5,
        "type": "road"
      },
      "geometry": {
        "type": "LineString",
        "coordinates": [
          [
            79.9900159,
            14.4513607
          ],
          [
            79.9901281,
            14.451308
          ],
          [
            79.9902432,
            14.4512539
          ],
          [
            79.9903124,
            14.4512106
          ],
          [
            79.9903661,
            14.4512483
          ],
          [
            79.9904558,
            14.4511778
          ],
          [
            79.9906088,
            14.4510074
          ],
          [
            79.9906905,
            14.4508076
          ],
          [
            79.9908387,
            14.4506374
          ],
          [
            79.9909352,
            14.4505266
          ],
          [
            79.9910795,
            14.4503843
          ],
          [
            79.9912284,
            14.4502557
          ],
          [
            79.9913432,
            14.4501814
          ],
          [
            79.9916828,
            14.4499327
          ]
        ]
      }
    },
    {
      "type": "Feature",
      "properties": {
        "id": "osm-way-133954873",
        "name": "Vijaya Mahal Gate Road",
        "highway": "secondary",
        "lanes": null,
        "width": 8.0,
        "type": "road"
      },
      "geometry": {
        "type": "LineString",
        "coordinates": [
          [
            79.9893861,
            14.4516729
          ],
          [
            79.988565,
            14.4520296
          ],
          [
            79.9884191,
            14.4520846
          ],
          [
            79.987624,
            14.4524742
          ],
          [
            79.9875817,
            14.4524949
          ]
        ]
      }
    },
    {
      "type": "Feature",
      "properties": {
        "id": "osm-way-133956169",
        "name": "Swami Doss School Road (balaji nagar)",
        "highway": "residential",
        "lanes": null,
        "width": 5.5,
        "type": "road"
      },
      "geometry": {
        "type": "LineString",
        "coordinates": [
          [
            79.9913432,
            14.4501814
          ],
          [
            79.9910933,
            14.4499274
          ],
          [
            79.9910213,
            14.4498489
          ],
          [
            79.9909487,
            14.4497696
          ],
          [
            79.9908006,
            14.449539
          ],
          [
            79.9907325,
            14.4493768
          ],
          [
            79.9905064,
            14.4487364
          ],
          [
            79.9903723,
            14.4483494
          ],
          [
            79.9901877,
            14.4476647
          ],
          [
            79.9900649,
            14.4471616
          ],
          [
            79.9900268,
            14.4467256
          ],
          [
            79.9899726,
            14.4463399
          ],
          [
            79.9899209,
            14.4459091
          ],
          [
            79.989911,
            14.445868
          ],
          [
            79.9897698,
            14.4448404
          ]
        ]
      }
    },
    {
      "type": "Feature",
      "properties": {
        "id": "osm-way-133956170",
        "name": "Balaji Nagar",
        "highway": "residential",
        "lanes": null,
        "width": 5.5,
        "type": "road"
      },
      "geometry": {
        "type": "LineString",
        "coordinates": [
          [
            79.9913432,
            14.4501814
          ],
          [
            79.9916737,
            14.4506674
          ],
          [
            79.9919516,
            14.451021
          ],
          [
            79.9921778,
            14.4513605
          ],
          [
            79.9922986,
            14.4514948
          ],
          [
            79.9924461,
            14.4516714
          ],
          [
            79.9923769,
            14.4517201
          ],
          [
            79.9920921,
            14.4519208
          ],
          [
            79.9924139,
            14.4521831
          ],
          [
            79.9925961,
            14.4523522
          ]
        ]
      }
    },
    {
      "type": "Feature",
      "properties": {
        "id": "osm-way-133956330",
        "name": "Unnamed Road",
        "highway": "unclassified",
        "lanes": null,
        "width": 5.5,
        "type": "road"
      },
      "geometry": {
        "type": "LineString",
        "coordinates": [
          [
            79.9903124,
            14.4512106
          ],
          [
            79.9904566,
            14.4515044
          ],
          [
            79.9906301,
            14.4519561
          ]
        ]
      }
    },
    {
      "type": "Feature",
      "properties": {
        "id": "osm-way-133959464",
        "name": "Childerns Park Road",
        "highway": "tertiary",
        "lanes": null,
        "width": 6.5,
        "type": "road"
      },
      "geometry": {
        "type": "LineString",
        "coordinates": [
          [
            79.9928135,
            14.4403734
          ],
          [
            79.9927188,
            14.4404359
          ],
          [
            79.9923911,
            14.4406305
          ],
          [
            79.9922541,
            14.4407057
          ],
          [
            79.9920197,
            14.4408453
          ],
          [
            79.9918852,
            14.4409054
          ],
          [
            79.9917479,
            14.4409667
          ],
          [
            79.9915259,
            14.4410658
          ],
          [
            79.9913403,
            14.4411487
          ],
          [
            79.9911546,
            14.4412364
          ],
          [
            79.9910806,
            14.4412679
          ],
          [
            79.9908552,
            14.441364
          ],
          [
            79.9902159,
            14.4416364
          ],
          [
            79.9897686,
            14.4418502
          ],
          [
            79.9895198,
            14.4419569
          ],
          [
            79.9888842,
            14.4422403
          ],
          [
            79.9887914,
            14.4422816
          ],
          [
            79.9885958,
            14.4423688
          ],
          [
            79.9881988,
            14.4425143
          ],
          [
            79.9881132,
            14.4425157
          ],
          [
            79.9878132,
            14.4425352
          ],
          [
            79.9877429,
            14.4425112
          ],
          [
            79.9876899,
            14.4424954
          ],
          [
            79.9876674,
            14.4424881
          ]
        ]
      }
    },
    {
      "type": "Feature",
      "properties": {
        "id": "osm-way-133972915",
        "name": "Balaji Nagar Balaji Vidhyalayam Road",
        "highway": "residential",
        "lanes": null,
        "width": 5.5,
        "type": "road"
      },
      "geometry": {
        "type": "LineString",
        "coordinates": [
          [
            79.9907221,
            14.4574691
          ],
          [
            79.9907735,
            14.4569756
          ],
          [
            79.9908176,
            14.4567919
          ],
          [
            79.9908883,
            14.4566264
          ],
          [
            79.9909568,
            14.4563568
          ],
          [
            79.9910614,
            14.4559244
          ],
          [
            79.9912434,
            14.4554961
          ],
          [
            79.9912985,
            14.455408
          ],
          [
            79.9913336,
            14.4552854
          ],
          [
            79.9916301,
            14.4544608
          ],
          [
            79.9917066,
            14.4543219
          ],
          [
            79.9917582,
            14.4542282
          ],
          [
            79.991799,
            14.4541089
          ],
          [
            79.9918808,
            14.4539621
          ],
          [
            79.9919416,
            14.4538531
          ],
          [
            79.9919465,
            14.4537842
          ],
          [
            79.9919727,
            14.4536459
          ],
          [
            79.9919948,
            14.4535121
          ],
          [
            79.9920324,
            14.4533601
          ],
          [
            79.9920404,
            14.4533386
          ],
          [
            79.9920632,
            14.4532595
          ],
          [
            79.9921678,
            14.4531766
          ],
          [
            79.9922317,
            14.4530716
          ],
          [
            79.9922653,
            14.4529045
          ],
          [
            79.9923246,
            14.452789
          ],
          [
            79.9923477,
            14.4527438
          ],
          [
            79.992514,
            14.4524482
          ],
          [
            79.9925961,
            14.4523522
          ],
          [
            79.9928035,
            14.4520377
          ],
          [
            79.9929156,
            14.451878
          ],
          [
            79.9932474,
            14.4514221
          ],
          [
            79.9932791,
            14.4513803
          ],
          [
            79.9935934,
            14.4509402
          ],
          [
            79.9937709,
            14.4507107
          ],
          [
            79.9937989,
            14.4506776
          ],
          [
            79.9940174,
            14.4504679
          ],
          [
            79.9942078,
            14.4501189
          ],
          [
            79.9942573,
            14.4500559
          ],
          [
            79.9943161,
            14.4500136
          ],
          [
            79.9946502,
            14.4496556
          ],
          [
            79.9949759,
            14.4493359
          ],
          [
            79.9950222,
            14.4492808
          ],
          [
            79.9950875,
            14.4492377
          ],
          [
            79.9953436,
            14.4489805
          ],
          [
            79.9955171,
            14.4487765
          ],
          [
            79.9956786,
            14.4485696
          ],
          [
            79.9957767,
            14.4484477
          ],
          [
            79.9958424,
            14.4483222
          ],
          [
            79.995804,
            14.4482438
          ]
        ]
      }
    },
    {
      "type": "Feature",
      "properties": {
        "id": "osm-way-134015886",
        "name": "Trunk Road",
        "highway": "secondary",
        "lanes": null,
        "width": 8.0,
        "type": "road"
      },
      "geometry": {
        "type": "LineString",
        "coordinates": [
          [
            79.9800181,
            14.4455033
          ],
          [
            79.9803221,
            14.4457835
          ],
          [
            79.9806226,
            14.4460606
          ],
          [
            79.9806715,
            14.4461057
          ],
          [
            79.9809388,
            14.4463521
          ],
          [
            79.9819783,
            14.4473104
          ],
          [
            79.982056,
            14.4473839
          ]
        ]
      }
    },
    {
      "type": "Feature",
      "properties": {
        "id": "osm-way-134017439",
        "name": "Unnamed Road",
        "highway": "residential",
        "lanes": null,
        "width": 5.5,
        "type": "road"
      },
      "geometry": {
        "type": "LineString",
        "coordinates": [
          [
            79.9822435,
            14.4471426
          ],
          [
            79.9825354,
            14.4467725
          ],
          [
            79.9827799,
            14.4463648
          ],
          [
            79.9827969,
            14.4462419
          ]
        ]
      }
    },
    {
      "type": "Feature",
      "properties": {
        "id": "osm-way-134017440",
        "name": "Vegetable Market Road",
        "highway": "secondary",
        "lanes": null,
        "width": 8.0,
        "type": "road"
      },
      "geometry": {
        "type": "LineString",
        "coordinates": [
          [
            79.9820257,
            14.4461855
          ],
          [
            79.9819117,
            14.4459065
          ],
          [
            79.9817776,
            14.4457455
          ],
          [
            79.9816328,
            14.4456988
          ],
          [
            79.9810964,
            14.4457663
          ],
          [
            79.9807369,
            14.4458182
          ],
          [
            79.9804943,
            14.4456996
          ],
          [
            79.9802803,
            14.4455949
          ],
          [
            79.9800142,
            14.4453951
          ]
        ]
      }
    },
    {
      "type": "Feature",
      "properties": {
        "id": "osm-way-134018152",
        "name": "Unnamed Road",
        "highway": "secondary",
        "lanes": null,
        "width": 8.0,
        "type": "road"
      },
      "geometry": {
        "type": "LineString",
        "coordinates": [
          [
            79.9797955,
            14.4452115
          ],
          [
            79.9797298,
            14.4452284
          ],
          [
            79.979699,
            14.4452558
          ],
          [
            79.9796875,
            14.4453043
          ],
          [
            79.979715,
            14.4453701
          ],
          [
            79.979764,
            14.445433
          ],
          [
            79.9797986,
            14.4454632
          ],
          [
            79.9798251,
            14.4454846
          ],
          [
            79.9798702,
            14.4455155
          ],
          [
            79.9799095,
            14.4455351
          ],
          [
            79.9799618,
            14.4455369
          ],
          [
            79.9800181,
            14.4455033
          ],
          [
            79.9800342,
            14.4454506
          ],
          [
            79.9800142,
            14.4453951
          ],
          [
            79.9799001,
            14.445252
          ],
          [
            79.9798465,
            14.4452234
          ],
          [
            79.9797955,
            14.4452115
          ]
        ]
      }
    },
    {
      "type": "Feature",
      "properties": {
        "id": "osm-way-134018287",
        "name": "GT Road",
        "highway": "secondary",
        "lanes": null,
        "width": 8.0,
        "type": "road"
      },
      "geometry": {
        "type": "LineString",
        "coordinates": [
          [
            79.9792297,
            14.4448069
          ],
          [
            79.9796875,
            14.4453043
          ]
        ]
      }
    },
    {
      "type": "Feature",
      "properties": {
        "id": "osm-way-134028475",
        "name": "Mini BiPass Road",
        "highway": "secondary",
        "lanes": null,
        "width": 8.0,
        "type": "road"
      },
      "geometry": {
        "type": "LineString",
        "coordinates": [
          [
            79.9762406,
            14.4296379
          ],
          [
            79.9773336,
            14.4307388
          ],
          [
            79.9776489,
            14.4311046
          ],
          [
            79.9782248,
            14.4317528
          ],
          [
            79.9784322,
            14.4319688
          ],
          [
            79.9792121,
            14.4327889
          ],
          [
            79.9797849,
            14.4333958
          ],
          [
            79.9802494,
            14.4339148
          ],
          [
            79.9804556,
            14.4341562
          ],
          [
            79.9814143,
            14.4352317
          ],
          [
            79.9820627,
            14.4359693
          ],
          [
            79.9824991,
            14.4364486
          ],
          [
            79.9828819,
            14.436878
          ],
          [
            79.983082,
            14.4371174
          ],
          [
            79.9837182,
            14.4378139
          ],
          [
            79.9841604,
            14.4384331
          ],
          [
            79.9845418,
            14.4388396
          ],
          [
            79.985027,
            14.4393855
          ],
          [
            79.9851412,
            14.439506
          ]
        ]
      }
    },
    {
      "type": "Feature",
      "properties": {
        "id": "osm-way-134101790",
        "name": "Saibaba Temple Road",
        "highway": "tertiary",
        "lanes": null,
        "width": 6.5,
        "type": "road"
      },
      "geometry": {
        "type": "LineString",
        "coordinates": [
          [
            79.9842661,
            14.4523907
          ],
          [
            79.9846328,
            14.4522633
          ],
          [
            79.9850148,
            14.4520817
          ],
          [
            79.9850338,
            14.4520727
          ],
          [
            79.9854504,
            14.4519744
          ],
          [
            79.9855567,
            14.4519493
          ],
          [
            79.9856722,
            14.4519221
          ],
          [
            79.9860473,
            14.4518039
          ],
          [
            79.9861175,
            14.4517818
          ],
          [
            79.9865949,
            14.4515896
          ]
        ]
      }
    },
    {
      "type": "Feature",
      "properties": {
        "id": "osm-way-134101960",
        "name": "Cine Complex Road",
        "highway": "secondary",
        "lanes": null,
        "width": 8.0,
        "type": "road"
      },
      "geometry": {
        "type": "LineString",
        "coordinates": [
          [
            79.9876463,
            14.456334
          ],
          [
            79.9876852,
            14.4562391
          ],
          [
            79.987699,
            14.4558268
          ],
          [
            79.9876453,
            14.4550752
          ],
          [
            79.9876307,
            14.4541865
          ],
          [
            79.9876001,
            14.4540327
          ],
          [
            79.9875853,
            14.454017
          ],
          [
            79.9874907,
            14.4536753
          ],
          [
            79.9873878,
            14.4534409
          ],
          [
            79.9871623,
            14.4528009
          ],
          [
            79.9871373,
            14.4527136
          ]
        ]
      }
    },
    {
      "type": "Feature",
      "properties": {
        "id": "osm-way-134123265",
        "name": "Trunk Road",
        "highway": "tertiary",
        "lanes": null,
        "width": 6.5,
        "type": "road"
      },
      "geometry": {
        "type": "LineString",
        "coordinates": [
          [
            79.984121,
            14.4525301
          ],
          [
            79.983973,
            14.4529179
          ],
          [
            79.9838765,
            14.453375
          ],
          [
            79.9838601,
            14.4534892
          ],
          [
            79.9838067,
            14.453748
          ],
          [
            79.9837729,
            14.4539116
          ],
          [
            79.9836987,
            14.4542499
          ],
          [
            79.9837069,
            14.4543294
          ],
          [
            79.9836211,
            14.4546804
          ],
          [
            79.9835757,
            14.4549265
          ],
          [
            79.983501,
            14.4552139
          ],
          [
            79.9833623,
            14.4556256
          ]
        ]
      }
    },
    {
      "type": "Feature",
      "properties": {
        "id": "osm-way-134133235",
        "name": "VRC Road",
        "highway": "primary",
        "lanes": null,
        "width": 10.5,
        "type": "road"
      },
      "geometry": {
        "type": "LineString",
        "coordinates": [
          [
            79.9848154,
            14.4442664
          ],
          [
            79.9845191,
            14.4445546
          ],
          [
            79.9843204,
            14.4447429
          ],
          [
            79.9842172,
            14.4448516
          ]
        ]
      }
    },
    {
      "type": "Feature",
      "properties": {
        "id": "osm-way-134137121",
        "name": "Unnamed Road",
        "highway": "residential",
        "lanes": null,
        "width": 5.5,
        "type": "road"
      },
      "geometry": {
        "type": "LineString",
        "coordinates": [
          [
            79.996735,
            14.4491916
          ],
          [
            79.9963914,
            14.4486945
          ],
          [
            79.9960093,
            14.4481347
          ]
        ]
      }
    },
    {
      "type": "Feature",
      "properties": {
        "id": "osm-way-134147200",
        "name": "Unnamed Road",
        "highway": "residential",
        "lanes": null,
        "width": 5.5,
        "type": "road"
      },
      "geometry": {
        "type": "LineString",
        "coordinates": [
          [
            79.9949759,
            14.4493359
          ],
          [
            79.9951097,
            14.449471
          ],
          [
            79.995618,
            14.450405
          ],
          [
            79.9960378,
            14.4511217
          ]
        ]
      }
    },
    {
      "type": "Feature",
      "properties": {
        "id": "osm-way-134147202",
        "name": "Unnamed Road",
        "highway": "residential",
        "lanes": null,
        "width": 5.5,
        "type": "road"
      },
      "geometry": {
        "type": "LineString",
        "coordinates": [
          [
            79.9943161,
            14.4500136
          ],
          [
            79.9943782,
            14.4500933
          ],
          [
            79.9947366,
            14.4508148
          ],
          [
            79.9952195,
            14.4516252
          ]
        ]
      }
    },
    {
      "type": "Feature",
      "properties": {
        "id": "osm-way-134147203",
        "name": "Unnamed Road",
        "highway": "residential",
        "lanes": null,
        "width": 5.5,
        "type": "road"
      },
      "geometry": {
        "type": "LineString",
        "coordinates": [
          [
            79.9940174,
            14.4504679
          ],
          [
            79.9947616,
            14.4518813
          ]
        ]
      }
    },
    {
      "type": "Feature",
      "properties": {
        "id": "osm-way-134147204",
        "name": "Unnamed Road",
        "highway": "residential",
        "lanes": null,
        "width": 5.5,
        "type": "road"
      },
      "geometry": {
        "type": "LineString",
        "coordinates": [
          [
            79.9943782,
            14.4500933
          ],
          [
            79.9947572,
            14.4498954
          ],
          [
            79.9947649,
            14.4498948
          ],
          [
            79.9947735,
            14.4498972
          ],
          [
            79.9947793,
            14.4499003
          ],
          [
            79.9947953,
            14.4499225
          ],
          [
            79.9952571,
            14.4507959
          ],
          [
            79.9956056,
            14.4513946
          ]
        ]
      }
    },
    {
      "type": "Feature",
      "properties": {
        "id": "osm-way-134413062",
        "name": "GT Road",
        "highway": "secondary",
        "lanes": null,
        "width": 8.0,
        "type": "road"
      },
      "geometry": {
        "type": "LineString",
        "coordinates": [
          [
            79.9797955,
            14.4452115
          ],
          [
            79.9794498,
            14.4448947
          ]
        ]
      }
    },
    {
      "type": "Feature",
      "properties": {
        "id": "osm-way-134413063",
        "name": "GT Road",
        "highway": "secondary",
        "lanes": 4,
        "width": 14.0,
        "type": "road"
      },
      "geometry": {
        "type": "LineString",
        "coordinates": [
          [
            79.9710641,
            14.438047
          ],
          [
            79.9712538,
            14.4381546
          ],
          [
            79.9719031,
            14.4386734
          ],
          [
            79.9721154,
            14.4388552
          ],
          [
            79.9724734,
            14.4391304
          ],
          [
            79.9732863,
            14.4397957
          ],
          [
            79.9736802,
            14.4401074
          ],
          [
            79.9740057,
            14.4403243
          ],
          [
            79.9741799,
            14.44045
          ],
          [
            79.974966,
            14.4409086
          ],
          [
            79.9751855,
            14.4410538
          ],
          [
            79.9761219,
            14.4419357
          ],
          [
            79.9761727,
            14.441975
          ],
          [
            79.9762632,
            14.4420735
          ],
          [
            79.9765724,
            14.44241
          ],
          [
            79.9768692,
            14.4426911
          ],
          [
            79.9768842,
            14.4427053
          ],
          [
            79.9770525,
            14.4428646
          ],
          [
            79.9772674,
            14.4430613
          ],
          [
            79.977367,
            14.4431509
          ],
          [
            79.9778761,
            14.4435911
          ],
          [
            79.9781413,
            14.4438071
          ],
          [
            79.9790151,
            14.4446209
          ],
          [
            79.9792297,
            14.4448069
          ]
        ]
      }
    },
    {
      "type": "Feature",
      "properties": {
        "id": "osm-way-134867010",
        "name": "Balaji Nagar(andhra bank road)",
        "highway": "unclassified",
        "lanes": null,
        "width": 5.5,
        "type": "road"
      },
      "geometry": {
        "type": "LineString",
        "coordinates": [
          [
            79.991178,
            14.4491815
          ],
          [
            79.9916828,
            14.4499327
          ]
        ]
      }
    },
    {
      "type": "Feature",
      "properties": {
        "id": "osm-way-176640273",
        "name": "childrens park road",
        "highway": "tertiary",
        "lanes": null,
        "width": 6.5,
        "type": "road"
      },
      "geometry": {
        "type": "LineString",
        "coordinates": [
          [
            79.9995384,
            14.4383312
          ],
          [
            79.9992787,
            14.4383199
          ],
          [
            79.9992232,
            14.4383187
          ],
          [
            79.9985931,
            14.438403
          ],
          [
            79.9981654,
            14.4384346
          ],
          [
            79.997531,
            14.4385153
          ],
          [
            79.9969329,
            14.4386276
          ],
          [
            79.9967994,
            14.438674
          ],
          [
            79.9956825,
            14.4390617
          ],
          [
            79.9953043,
            14.439193
          ],
          [
            79.9943285,
            14.4394913
          ],
          [
            79.993658,
            14.4398327
          ],
          [
            79.9931941,
            14.4401345
          ],
          [
            79.993044,
            14.4402287
          ],
          [
            79.9928135,
            14.4403734
          ]
        ]
      }
    },
    {
      "type": "Feature",
      "properties": {
        "id": "osm-way-201485970",
        "name": "Cine Complex Road",
        "highway": "secondary",
        "lanes": null,
        "width": 8.0,
        "type": "road"
      },
      "geometry": {
        "type": "LineString",
        "coordinates": [
          [
            79.9871373,
            14.4527136
          ],
          [
            79.987095,
            14.4525703
          ],
          [
            79.9869114,
            14.4521844
          ],
          [
            79.9865949,
            14.4515896
          ],
          [
            79.9865681,
            14.4514935
          ],
          [
            79.9864284,
            14.4511505
          ],
          [
            79.9862815,
            14.45079
          ],
          [
            79.9862425,
            14.4507026
          ],
          [
            79.9859914,
            14.4501183
          ],
          [
            79.9857768,
            14.4496572
          ],
          [
            79.9857575,
            14.449611
          ],
          [
            79.9855355,
            14.449079
          ],
          [
            79.9853946,
            14.4487413
          ],
          [
            79.9852896,
            14.4485051
          ],
          [
            79.9847535,
            14.4472998
          ],
          [
            79.9842936,
            14.446278
          ],
          [
            79.9842319,
            14.4462104
          ],
          [
            79.9841031,
            14.4461949
          ],
          [
            79.9840025,
            14.4461985
          ],
          [
            79.983674,
            14.4462026
          ],
          [
            79.983568,
            14.4461855
          ],
          [
            79.9834647,
            14.4461689
          ],
          [
            79.9833816,
            14.4461221
          ],
          [
            79.9832475,
            14.446039
          ],
          [
            79.983231,
            14.4460305
          ],
          [
            79.9831617,
            14.4459949
          ],
          [
            79.9831415,
            14.4459804
          ]
        ]
      }
    },
    {
      "type": "Feature",
      "properties": {
        "id": "osm-way-201485972",
        "name": "Grand Trunk Road",
        "highway": "secondary",
        "lanes": null,
        "width": 8.0,
        "type": "road"
      },
      "geometry": {
        "type": "LineString",
        "coordinates": [
          [
            79.9821785,
            14.4475681
          ],
          [
            79.9822379,
            14.4476711
          ],
          [
            79.9823066,
            14.4477969
          ],
          [
            79.9824367,
            14.4480839
          ],
          [
            79.98262,
            14.4487379
          ],
          [
            79.9826522,
            14.4488498
          ],
          [
            79.9827882,
            14.4492679
          ],
          [
            79.9828547,
            14.4494678
          ],
          [
            79.9830371,
            14.4499569
          ],
          [
            79.98324,
            14.450405
          ],
          [
            79.9833065,
            14.4505922
          ],
          [
            79.9835543,
            14.4511184
          ],
          [
            79.9836786,
            14.4514849
          ],
          [
            79.9839214,
            14.4519593
          ],
          [
            79.9840901,
            14.4523673
          ]
        ]
      }
    },
    {
      "type": "Feature",
      "properties": {
        "id": "osm-way-201485974",
        "name": "Mini BiPass Road",
        "highway": "secondary",
        "lanes": null,
        "width": 8.0,
        "type": "road"
      },
      "geometry": {
        "type": "LineString",
        "coordinates": [
          [
            79.987846,
            14.4467233
          ],
          [
            79.9879863,
            14.4471644
          ],
          [
            79.9882033,
            14.447907
          ],
          [
            79.988472,
            14.4488261
          ],
          [
            79.9887712,
            14.449869
          ],
          [
            79.9889712,
            14.4505091
          ],
          [
            79.9891742,
            14.4510906
          ],
          [
            79.9893861,
            14.4516729
          ],
          [
            79.9895806,
            14.4522696
          ],
          [
            79.989617,
            14.4523656
          ]
        ]
      }
    },
    {
      "type": "Feature",
      "properties": {
        "id": "osm-way-201485980",
        "name": "Vijaya Mahal Gate Road",
        "highway": "secondary",
        "lanes": null,
        "width": 8.0,
        "type": "road"
      },
      "geometry": {
        "type": "LineString",
        "coordinates": [
          [
            79.9871373,
            14.4527136
          ],
          [
            79.9869008,
            14.4528496
          ],
          [
            79.9867065,
            14.4529613
          ],
          [
            79.9865761,
            14.4530363
          ],
          [
            79.9862757,
            14.4531532
          ],
          [
            79.9861416,
            14.4531792
          ],
          [
            79.9858546,
            14.4531948
          ],
          [
            79.9857406,
            14.453201
          ],
          [
            79.98529,
            14.4533023
          ],
          [
            79.9850446,
            14.4533688
          ],
          [
            79.9849422,
            14.453412
          ]
        ]
      }
    },
    {
      "type": "Feature",
      "properties": {
        "id": "osm-way-226374718",
        "name": "Unnamed Road",
        "highway": "secondary",
        "lanes": null,
        "width": 8.0,
        "type": "road"
      },
      "geometry": {
        "type": "LineString",
        "coordinates": [
          [
            79.9822435,
            14.4471426
          ],
          [
            79.9820257,
            14.4461855
          ]
        ]
      }
    },
    {
      "type": "Feature",
      "properties": {
        "id": "osm-way-226374767",
        "name": "Unnamed Road",
        "highway": "residential",
        "lanes": null,
        "width": 5.5,
        "type": "road"
      },
      "geometry": {
        "type": "LineString",
        "coordinates": [
          [
            79.9797986,
            14.4454632
          ],
          [
            79.9793052,
            14.4460494
          ],
          [
            79.978951,
            14.4464703
          ],
          [
            79.9779958,
            14.44762
          ]
        ]
      }
    },
    {
      "type": "Feature",
      "properties": {
        "id": "osm-way-226374798",
        "name": "Collector office road",
        "highway": "tertiary",
        "lanes": null,
        "width": 6.5,
        "type": "road"
      },
      "geometry": {
        "type": "LineString",
        "coordinates": [
          [
            79.9798702,
            14.4455155
          ],
          [
            79.979967,
            14.4460296
          ],
          [
            79.9799516,
            14.4462983
          ],
          [
            79.97998,
            14.4464551
          ],
          [
            79.9800793,
            14.4469422
          ],
          [
            79.9802156,
            14.4476153
          ],
          [
            79.9805255,
            14.448971
          ],
          [
            79.9806267,
            14.4494662
          ],
          [
            79.9806717,
            14.449662
          ],
          [
            79.9809702,
            14.4507184
          ],
          [
            79.981007,
            14.4509455
          ],
          [
            79.9811131,
            14.451475
          ],
          [
            79.9812299,
            14.4520465
          ],
          [
            79.9795168,
            14.4522512
          ]
        ]
      }
    },
    {
      "type": "Feature",
      "properties": {
        "id": "osm-way-226374801",
        "name": "Unnamed Road",
        "highway": "residential",
        "lanes": null,
        "width": 5.5,
        "type": "road"
      },
      "geometry": {
        "type": "LineString",
        "coordinates": [
          [
            79.97998,
            14.4464551
          ],
          [
            79.9804512,
            14.4464075
          ],
          [
            79.9807749,
            14.4463596
          ],
          [
            79.9809388,
            14.4463521
          ]
        ]
      }
    },
    {
      "type": "Feature",
      "properties": {
        "id": "osm-way-226374820",
        "name": "Unnamed Road",
        "highway": "primary",
        "lanes": null,
        "width": 10.5,
        "type": "road"
      },
      "geometry": {
        "type": "LineString",
        "coordinates": [
          [
            79.9809388,
            14.4463521
          ],
          [
            79.9820257,
            14.4461855
          ]
        ]
      }
    },
    {
      "type": "Feature",
      "properties": {
        "id": "osm-way-226376580",
        "name": "moola peta road",
        "highway": "tertiary",
        "lanes": null,
        "width": 6.5,
        "type": "road"
      },
      "geometry": {
        "type": "LineString",
        "coordinates": [
          [
            79.9789373,
            14.4483769
          ],
          [
            79.978861,
            14.4482451
          ],
          [
            79.9785879,
            14.4480715
          ],
          [
            79.9782016,
            14.4478197
          ],
          [
            79.9779958,
            14.44762
          ]
        ]
      }
    },
    {
      "type": "Feature",
      "properties": {
        "id": "osm-way-233492396",
        "name": "Unnamed Road",
        "highway": "residential",
        "lanes": null,
        "width": 5.5,
        "type": "road"
      },
      "geometry": {
        "type": "LineString",
        "coordinates": [
          [
            79.993658,
            14.4398327
          ],
          [
            79.9932008,
            14.4389194
          ],
          [
            79.9931798,
            14.4388071
          ],
          [
            79.9931726,
            14.4387684
          ],
          [
            79.9929605,
            14.4376347
          ],
          [
            79.9928872,
            14.4373669
          ],
          [
            79.9928475,
            14.4372708
          ],
          [
            79.9927832,
            14.4371938
          ],
          [
            79.9927339,
            14.4371432
          ]
        ]
      }
    },
    {
      "type": "Feature",
      "properties": {
        "id": "osm-way-233492441",
        "name": "Unnamed Road",
        "highway": "residential",
        "lanes": null,
        "width": 5.5,
        "type": "road"
      },
      "geometry": {
        "type": "LineString",
        "coordinates": [
          [
            79.989617,
            14.4523656
          ],
          [
            79.9886292,
            14.4526709
          ],
          [
            79.9878533,
            14.4529863
          ]
        ]
      }
    },
    {
      "type": "Feature",
      "properties": {
        "id": "osm-way-274504384",
        "name": "Unnamed Road",
        "highway": "residential",
        "lanes": null,
        "width": 5.5,
        "type": "road"
      },
      "geometry": {
        "type": "LineString",
        "coordinates": [
          [
            79.9848033,
            14.4461481
          ],
          [
            79.9854275,
            14.4459152
          ],
          [
            79.9860673,
            14.4456765
          ],
          [
            79.9866257,
            14.4454684
          ],
          [
            79.9872544,
            14.4452184
          ]
        ]
      }
    },
    {
      "type": "Feature",
      "properties": {
        "id": "osm-way-274504385",
        "name": "Unnamed Road",
        "highway": "unclassified",
        "lanes": null,
        "width": 5.5,
        "type": "road"
      },
      "geometry": {
        "type": "LineString",
        "coordinates": [
          [
            79.9857724,
            14.4449322
          ],
          [
            79.9858642,
            14.445164
          ],
          [
            79.9860673,
            14.4456765
          ],
          [
            79.986602,
            14.447096
          ],
          [
            79.9872301,
            14.4486941
          ],
          [
            79.9873979,
            14.449204
          ],
          [
            79.9874103,
            14.4492417
          ],
          [
            79.9877938,
            14.4502598
          ],
          [
            79.9880114,
            14.4508949
          ],
          [
            79.9882089,
            14.451471
          ],
          [
            79.9884191,
            14.4520846
          ],
          [
            79.9886292,
            14.4526709
          ],
          [
            79.9887938,
            14.4532337
          ],
          [
            79.9888811,
            14.4535324
          ],
          [
            79.9888958,
            14.4535686
          ],
          [
            79.9889128,
            14.4536107
          ],
          [
            79.9889989,
            14.453823
          ],
          [
            79.9890348,
            14.4539116
          ],
          [
            79.9890548,
            14.453961
          ],
          [
            79.9891892,
            14.4542155
          ],
          [
            79.9892992,
            14.4544239
          ],
          [
            79.9893259,
            14.4544745
          ]
        ]
      }
    },
    {
      "type": "Feature",
      "properties": {
        "id": "osm-way-274504386",
        "name": "Unnamed Road",
        "highway": "residential",
        "lanes": null,
        "width": 5.5,
        "type": "road"
      },
      "geometry": {
        "type": "LineString",
        "coordinates": [
          [
            79.9854765,
            14.4474884
          ],
          [
            79.9859654,
            14.4473179
          ],
          [
            79.9859909,
            14.4473091
          ],
          [
            79.986602,
            14.447096
          ],
          [
            79.987177,
            14.446904
          ],
          [
            79.987846,
            14.4467233
          ]
        ]
      }
    },
    {
      "type": "Feature",
      "properties": {
        "id": "osm-way-274504387",
        "name": "Unnamed Road",
        "highway": "residential",
        "lanes": null,
        "width": 5.5,
        "type": "road"
      },
      "geometry": {
        "type": "LineString",
        "coordinates": [
          [
            79.9866675,
            14.4434943
          ],
          [
            79.9863963,
            14.4436109
          ],
          [
            79.9862013,
            14.4437685
          ],
          [
            79.986131,
            14.4438994
          ],
          [
            79.9861388,
            14.4441823
          ],
          [
            79.9860417,
            14.4445098
          ],
          [
            79.9859006,
            14.4447815
          ],
          [
            79.9857724,
            14.4449322
          ],
          [
            79.9852928,
            14.4453667
          ],
          [
            79.9852022,
            14.4454238
          ],
          [
            79.9847979,
            14.4456784
          ]
        ]
      }
    },
    {
      "type": "Feature",
      "properties": {
        "id": "osm-way-274505770",
        "name": "Unnamed Road",
        "highway": "residential",
        "lanes": null,
        "width": 5.5,
        "type": "road"
      },
      "geometry": {
        "type": "LineString",
        "coordinates": [
          [
            79.9807344,
            14.4390051
          ],
          [
            79.9813963,
            14.4397851
          ],
          [
            79.9818234,
            14.4402883
          ],
          [
            79.9821306,
            14.4406657
          ],
          [
            79.9823945,
            14.44099
          ]
        ]
      }
    },
    {
      "type": "Feature",
      "properties": {
        "id": "osm-way-274505771",
        "name": "Unnamed Road",
        "highway": "residential",
        "lanes": null,
        "width": 5.5,
        "type": "road"
      },
      "geometry": {
        "type": "LineString",
        "coordinates": [
          [
            79.9840228,
            14.4416078
          ],
          [
            79.9844408,
            14.4414431
          ],
          [
            79.9844743,
            14.4414298
          ],
          [
            79.9849751,
            14.4412325
          ],
          [
            79.985851,
            14.4408813
          ]
        ]
      }
    },
    {
      "type": "Feature",
      "properties": {
        "id": "osm-way-274505772",
        "name": "Unnamed Road",
        "highway": "residential",
        "lanes": null,
        "width": 5.5,
        "type": "road"
      },
      "geometry": {
        "type": "LineString",
        "coordinates": [
          [
            79.9814548,
            14.4405567
          ],
          [
            79.9818234,
            14.4402883
          ],
          [
            79.9822046,
            14.4399852
          ],
          [
            79.9826041,
            14.4396676
          ],
          [
            79.9834323,
            14.4390092
          ],
          [
            79.9837294,
            14.438773
          ],
          [
            79.9841604,
            14.4384331
          ],
          [
            79.9842622,
            14.4383401
          ],
          [
            79.9846204,
            14.4381169
          ],
          [
            79.9851086,
            14.437952
          ]
        ]
      }
    },
    {
      "type": "Feature",
      "properties": {
        "id": "osm-way-274505773",
        "name": "Unnamed Road",
        "highway": "residential",
        "lanes": null,
        "width": 5.5,
        "type": "road"
      },
      "geometry": {
        "type": "LineString",
        "coordinates": [
          [
            79.9806486,
            14.4396545
          ],
          [
            79.9809907,
            14.4400373
          ],
          [
            79.9814548,
            14.4405567
          ]
        ]
      }
    },
    {
      "type": "Feature",
      "properties": {
        "id": "osm-way-274505774",
        "name": "Unnamed Road",
        "highway": "residential",
        "lanes": null,
        "width": 5.5,
        "type": "road"
      },
      "geometry": {
        "type": "LineString",
        "coordinates": [
          [
            79.9814237,
            14.4417816
          ],
          [
            79.9826898,
            14.4430416
          ],
          [
            79.9829164,
            14.442884
          ],
          [
            79.9830789,
            14.4427872
          ],
          [
            79.983271,
            14.4426727
          ],
          [
            79.9835105,
            14.4425299
          ],
          [
            79.983688,
            14.4424476
          ],
          [
            79.9840892,
            14.4422615
          ],
          [
            79.9842616,
            14.4421816
          ],
          [
            79.9846531,
            14.442
          ],
          [
            79.9852073,
            14.4417737
          ],
          [
            79.9860141,
            14.4414447
          ]
        ]
      }
    },
    {
      "type": "Feature",
      "properties": {
        "id": "osm-way-274505775",
        "name": "Unnamed Road",
        "highway": "residential",
        "lanes": null,
        "width": 5.5,
        "type": "road"
      },
      "geometry": {
        "type": "LineString",
        "coordinates": [
          [
            79.9824534,
            14.4378582
          ],
          [
            79.9827317,
            14.4381854
          ],
          [
            79.9830103,
            14.4385129
          ],
          [
            79.9834323,
            14.4390092
          ]
        ]
      }
    },
    {
      "type": "Feature",
      "properties": {
        "id": "osm-way-274505776",
        "name": "Unnamed Road",
        "highway": "residential",
        "lanes": null,
        "width": 5.5,
        "type": "road"
      },
      "geometry": {
        "type": "LineString",
        "coordinates": [
          [
            79.9802493,
            14.4405792
          ],
          [
            79.9803592,
            14.4404078
          ],
          [
            79.9806033,
            14.4402831
          ],
          [
            79.9809907,
            14.4400373
          ],
          [
            79.9813963,
            14.4397851
          ],
          [
            79.9818127,
            14.4394591
          ],
          [
            79.9821926,
            14.4391615
          ],
          [
            79.9830103,
            14.4385129
          ]
        ]
      }
    },
    {
      "type": "Feature",
      "properties": {
        "id": "osm-way-274505777",
        "name": "Unnamed Road",
        "highway": "residential",
        "lanes": null,
        "width": 5.5,
        "type": "road"
      },
      "geometry": {
        "type": "LineString",
        "coordinates": [
          [
            79.9812342,
            14.4387455
          ],
          [
            79.9818127,
            14.4394591
          ],
          [
            79.9822046,
            14.4399852
          ]
        ]
      }
    },
    {
      "type": "Feature",
      "properties": {
        "id": "osm-way-274505778",
        "name": "Unnamed Road",
        "highway": "residential",
        "lanes": null,
        "width": 5.5,
        "type": "road"
      },
      "geometry": {
        "type": "LineString",
        "coordinates": [
          [
            79.9815015,
            14.4383116
          ],
          [
            79.9816559,
            14.4385015
          ],
          [
            79.9819244,
            14.4388317
          ],
          [
            79.9821926,
            14.4391615
          ],
          [
            79.9826041,
            14.4396676
          ]
        ]
      }
    },
    {
      "type": "Feature",
      "properties": {
        "id": "osm-way-274505817",
        "name": "Unnamed Road",
        "highway": "residential",
        "lanes": null,
        "width": 5.5,
        "type": "road"
      },
      "geometry": {
        "type": "LineString",
        "coordinates": [
          [
            79.9816559,
            14.4385015
          ],
          [
            79.9824534,
            14.4378582
          ],
          [
            79.9827688,
            14.4376038
          ]
        ]
      }
    },
    {
      "type": "Feature",
      "properties": {
        "id": "osm-way-274505818",
        "name": "Unnamed Road",
        "highway": "residential",
        "lanes": null,
        "width": 5.5,
        "type": "road"
      },
      "geometry": {
        "type": "LineString",
        "coordinates": [
          [
            79.9819244,
            14.4388317
          ],
          [
            79.9827317,
            14.4381854
          ]
        ]
      }
    },
    {
      "type": "Feature",
      "properties": {
        "id": "osm-way-274505819",
        "name": "Unnamed Road",
        "highway": "residential",
        "lanes": null,
        "width": 5.5,
        "type": "road"
      },
      "geometry": {
        "type": "LineString",
        "coordinates": [
          [
            79.9837294,
            14.438773
          ],
          [
            79.9832208,
            14.438122
          ],
          [
            79.9827688,
            14.4376038
          ],
          [
            79.9824269,
            14.4372232
          ]
        ]
      }
    },
    {
      "type": "Feature",
      "properties": {
        "id": "osm-way-274505860",
        "name": "Unnamed Road",
        "highway": "residential",
        "lanes": null,
        "width": 5.5,
        "type": "road"
      },
      "geometry": {
        "type": "LineString",
        "coordinates": [
          [
            79.9812277,
            14.4377869
          ],
          [
            79.9814235,
            14.43787
          ]
        ]
      }
    },
    {
      "type": "Feature",
      "properties": {
        "id": "osm-way-274506007",
        "name": "Unnamed Road",
        "highway": "residential",
        "lanes": null,
        "width": 5.5,
        "type": "road"
      },
      "geometry": {
        "type": "LineString",
        "coordinates": [
          [
            79.9775747,
            14.4375739
          ],
          [
            79.9775908,
            14.4370856
          ],
          [
            79.9775908,
            14.4369115
          ],
          [
            79.9775747,
            14.4367895
          ],
          [
            79.977454,
            14.4361946
          ]
        ]
      }
    },
    {
      "type": "Feature",
      "properties": {
        "id": "osm-way-274506008",
        "name": "Unnamed Road",
        "highway": "residential",
        "lanes": null,
        "width": 5.5,
        "type": "road"
      },
      "geometry": {
        "type": "LineString",
        "coordinates": [
          [
            79.9779431,
            14.4359471
          ],
          [
            79.9778148,
            14.4360423
          ],
          [
            79.9777089,
            14.4361141
          ],
          [
            79.9776257,
            14.4361557
          ],
          [
            79.977454,
            14.4361946
          ],
          [
            79.9769619,
            14.4362946
          ],
          [
            79.9761239,
            14.4364779
          ]
        ]
      }
    },
    {
      "type": "Feature",
      "properties": {
        "id": "osm-way-274506009",
        "name": "Unnamed Road",
        "highway": "residential",
        "lanes": null,
        "width": 5.5,
        "type": "road"
      },
      "geometry": {
        "type": "LineString",
        "coordinates": [
          [
            79.9783459,
            14.4351194
          ],
          [
            79.9783302,
            14.4362544
          ],
          [
            79.978244,
            14.4363063
          ],
          [
            79.9779431,
            14.4359471
          ],
          [
            79.9772347,
            14.4351132
          ],
          [
            79.9769405,
            14.4347577
          ]
        ]
      }
    },
    {
      "type": "Feature",
      "properties": {
        "id": "osm-way-274506011",
        "name": "Unnamed Road",
        "highway": "residential",
        "lanes": null,
        "width": 5.5,
        "type": "road"
      },
      "geometry": {
        "type": "LineString",
        "coordinates": [
          [
            79.9769419,
            14.4375786
          ],
          [
            79.9770857,
            14.4375091
          ],
          [
            79.9770812,
            14.4371167
          ],
          [
            79.9770732,
            14.4368804
          ],
          [
            79.9770598,
            14.4367687
          ],
          [
            79.9770329,
            14.4366102
          ],
          [
            79.9769619,
            14.4362946
          ],
          [
            79.9768573,
            14.4358774
          ],
          [
            79.9767939,
            14.4355849
          ]
        ]
      }
    },
    {
      "type": "Feature",
      "properties": {
        "id": "osm-way-279284270",
        "name": "Unnamed Road",
        "highway": "residential",
        "lanes": null,
        "width": 5.5,
        "type": "road"
      },
      "geometry": {
        "type": "LineString",
        "coordinates": [
          [
            79.9897357,
            14.4497844
          ],
          [
            79.9897602,
            14.4497741
          ],
          [
            79.9902065,
            14.4495868
          ],
          [
            79.9907325,
            14.4493768
          ],
          [
            79.991178,
            14.4491815
          ],
          [
            79.9916766,
            14.4489768
          ],
          [
            79.9921836,
            14.4487768
          ],
          [
            79.9927707,
            14.4485715
          ],
          [
            79.9929829,
            14.4483494
          ],
          [
            79.9930795,
            14.4482234
          ],
          [
            79.9931308,
            14.4480962
          ],
          [
            79.9935028,
            14.4477062
          ],
          [
            79.9935183,
            14.4476484
          ],
          [
            79.9934214,
            14.4472936
          ],
          [
            79.9934287,
            14.4468722
          ],
          [
            79.9934579,
            14.4465247
          ],
          [
            79.9935009,
            14.4457559
          ]
        ]
      }
    },
    {
      "type": "Feature",
      "properties": {
        "id": "osm-way-279284271",
        "name": "Putta Street",
        "highway": "residential",
        "lanes": null,
        "width": 5.5,
        "type": "road"
      },
      "geometry": {
        "type": "LineString",
        "coordinates": [
          [
            79.9907827,
            14.4428366
          ],
          [
            79.9908274,
            14.4429584
          ],
          [
            79.9908461,
            14.4431974
          ],
          [
            79.990893,
            14.4440231
          ],
          [
            79.991227,
            14.4452935
          ],
          [
            79.9913706,
            14.4457584
          ],
          [
            79.9914215,
            14.4459468
          ],
          [
            79.9914926,
            14.4462688
          ],
          [
            79.991529,
            14.4464516
          ],
          [
            79.9921836,
            14.4487768
          ]
        ]
      }
    },
    {
      "type": "Feature",
      "properties": {
        "id": "osm-way-279284272",
        "name": "Unnamed Road",
        "highway": "residential",
        "lanes": null,
        "width": 5.5,
        "type": "road"
      },
      "geometry": {
        "type": "LineString",
        "coordinates": [
          [
            79.9897686,
            14.4418502
          ],
          [
            79.9897976,
            14.4419488
          ],
          [
            79.9899135,
            14.4422656
          ],
          [
            79.9899311,
            14.442345
          ],
          [
            79.9899912,
            14.4425221
          ],
          [
            79.9900656,
            14.4427416
          ],
          [
            79.9901246,
            14.4429974
          ],
          [
            79.9901756,
            14.4431805
          ],
          [
            79.9901474,
            14.4433338
          ],
          [
            79.9901947,
            14.444166
          ],
          [
            79.9902426,
            14.4445592
          ],
          [
            79.9903126,
            14.4450023
          ],
          [
            79.9903915,
            14.4453758
          ],
          [
            79.990431,
            14.4457533
          ],
          [
            79.9904872,
            14.4462587
          ],
          [
            79.9904893,
            14.4462774
          ],
          [
            79.9905206,
            14.4466714
          ],
          [
            79.9905644,
            14.4470505
          ],
          [
            79.9907254,
            14.4477182
          ],
          [
            79.9909424,
            14.4484128
          ],
          [
            79.991178,
            14.4491815
          ]
        ]
      }
    },
    {
      "type": "Feature",
      "properties": {
        "id": "osm-way-279284273",
        "name": "Unnamed Road",
        "highway": "residential",
        "lanes": null,
        "width": 5.5,
        "type": "road"
      },
      "geometry": {
        "type": "LineString",
        "coordinates": [
          [
            79.9913403,
            14.4411487
          ],
          [
            79.9913731,
            14.4412322
          ],
          [
            79.9915301,
            14.4416312
          ],
          [
            79.9916432,
            14.4419767
          ],
          [
            79.9917316,
            14.4423447
          ],
          [
            79.9919624,
            14.4438477
          ],
          [
            79.9923011,
            14.4452212
          ],
          [
            79.9925954,
            14.4463746
          ],
          [
            79.9926003,
            14.4463938
          ],
          [
            79.9927874,
            14.4469768
          ],
          [
            79.9931308,
            14.4480962
          ]
        ]
      }
    },
    {
      "type": "Feature",
      "properties": {
        "id": "osm-way-279284274",
        "name": "Unnamed Road",
        "highway": "residential",
        "lanes": null,
        "width": 5.5,
        "type": "road"
      },
      "geometry": {
        "type": "LineString",
        "coordinates": [
          [
            79.9899135,
            14.4422656
          ],
          [
            79.9903016,
            14.4420844
          ],
          [
            79.9903848,
            14.4424597
          ],
          [
            79.9903899,
            14.442478
          ],
          [
            79.9905189,
            14.4429403
          ],
          [
            79.9906718,
            14.4429013
          ],
          [
            79.9907827,
            14.4428366
          ],
          [
            79.9912682,
            14.4424833
          ]
        ]
      }
    },
    {
      "type": "Feature",
      "properties": {
        "id": "osm-way-279284275",
        "name": "Unnamed Road",
        "highway": "residential",
        "lanes": null,
        "width": 5.5,
        "type": "road"
      },
      "geometry": {
        "type": "LineString",
        "coordinates": [
          [
            79.9885542,
            14.4436149
          ],
          [
            79.9886082,
            14.44399
          ],
          [
            79.9886231,
            14.4440935
          ],
          [
            79.9886806,
            14.4443688
          ],
          [
            79.9888028,
            14.4449546
          ],
          [
            79.9888529,
            14.4451948
          ],
          [
            79.9889495,
            14.4458201
          ],
          [
            79.989103,
            14.4464269
          ],
          [
            79.9891663,
            14.4467388
          ],
          [
            79.989212,
            14.4469639
          ],
          [
            79.9892876,
            14.4473359
          ]
        ]
      }
    },
    {
      "type": "Feature",
      "properties": {
        "id": "osm-way-279284276",
        "name": "Unnamed Road",
        "highway": "residential",
        "lanes": null,
        "width": 5.5,
        "type": "road"
      },
      "geometry": {
        "type": "LineString",
        "coordinates": [
          [
            79.9889579,
            14.447413
          ],
          [
            79.9892876,
            14.4473359
          ],
          [
            79.9900649,
            14.4471616
          ],
          [
            79.9905644,
            14.4470505
          ],
          [
            79.9911727,
            14.4469507
          ]
        ]
      }
    },
    {
      "type": "Feature",
      "properties": {
        "id": "osm-way-279284277",
        "name": "Unnamed Road",
        "highway": "residential",
        "lanes": null,
        "width": 5.5,
        "type": "road"
      },
      "geometry": {
        "type": "LineString",
        "coordinates": [
          [
            79.9882954,
            14.4453896
          ],
          [
            79.9884604,
            14.445332
          ],
          [
            79.9888529,
            14.4451948
          ],
          [
            79.9892423,
            14.4450675
          ],
          [
            79.9896649,
            14.4448855
          ],
          [
            79.9897698,
            14.4448404
          ],
          [
            79.9902426,
            14.4445592
          ]
        ]
      }
    },
    {
      "type": "Feature",
      "properties": {
        "id": "osm-way-279284278",
        "name": "Unnamed Road",
        "highway": "residential",
        "lanes": null,
        "width": 5.5,
        "type": "road"
      },
      "geometry": {
        "type": "LineString",
        "coordinates": [
          [
            79.9912252,
            14.4422823
          ],
          [
            79.9912682,
            14.4424833
          ],
          [
            79.9914264,
            14.443073
          ],
          [
            79.9914884,
            14.4439281
          ],
          [
            79.9915337,
            14.4442289
          ],
          [
            79.9916142,
            14.4445328
          ],
          [
            79.9918116,
            14.4452524
          ],
          [
            79.9921305,
            14.446398
          ],
          [
            79.9927707,
            14.4485715
          ]
        ]
      }
    },
    {
      "type": "Feature",
      "properties": {
        "id": "osm-way-279284279",
        "name": "Unnamed Road",
        "highway": "residential",
        "lanes": null,
        "width": 5.5,
        "type": "road"
      },
      "geometry": {
        "type": "LineString",
        "coordinates": [
          [
            79.9887061,
            14.4465033
          ],
          [
            79.9885794,
            14.4460669
          ],
          [
            79.9884547,
            14.4458228
          ],
          [
            79.9882954,
            14.4453896
          ],
          [
            79.9881811,
            14.4450929
          ],
          [
            79.9881019,
            14.4447734
          ],
          [
            79.9880416,
            14.4443513
          ],
          [
            79.9879145,
            14.4437792
          ],
          [
            79.9881335,
            14.4437179
          ],
          [
            79.9884248,
            14.4436386
          ],
          [
            79.9884925,
            14.4436262
          ],
          [
            79.9885542,
            14.4436149
          ],
          [
            79.9889221,
            14.4435259
          ],
          [
            79.9893051,
            14.4434628
          ],
          [
            79.9897166,
            14.4433949
          ],
          [
            79.9897496,
            14.4433895
          ],
          [
            79.9901474,
            14.4433338
          ]
        ]
      }
    },
    {
      "type": "Feature",
      "properties": {
        "id": "osm-way-279284280",
        "name": "Unnamed Road",
        "highway": "residential",
        "lanes": null,
        "width": 5.5,
        "type": "road"
      },
      "geometry": {
        "type": "LineString",
        "coordinates": [
          [
            79.9924689,
            14.4437195
          ],
          [
            79.9919624,
            14.4438477
          ],
          [
            79.991727,
            14.4439048
          ],
          [
            79.9914884,
            14.4439281
          ],
          [
            79.990893,
            14.4440231
          ],
          [
            79.9904228,
            14.4440982
          ],
          [
            79.9901947,
            14.444166
          ]
        ]
      }
    },
    {
      "type": "Feature",
      "properties": {
        "id": "osm-way-279284281",
        "name": "Unnamed Road",
        "highway": "residential",
        "lanes": null,
        "width": 5.5,
        "type": "road"
      },
      "geometry": {
        "type": "LineString",
        "coordinates": [
          [
            79.9886985,
            14.4426574
          ],
          [
            79.9891042,
            14.4425499
          ],
          [
            79.9895163,
            14.4424407
          ],
          [
            79.9899311,
            14.442345
          ]
        ]
      }
    },
    {
      "type": "Feature",
      "properties": {
        "id": "osm-way-279284282",
        "name": "Unnamed Road",
        "highway": "residential",
        "lanes": null,
        "width": 5.5,
        "type": "road"
      },
      "geometry": {
        "type": "LineString",
        "coordinates": [
          [
            79.9930469,
            14.4463572
          ],
          [
            79.9930523,
            14.4462234
          ],
          [
            79.9930604,
            14.4459857
          ],
          [
            79.993047,
            14.4458506
          ],
          [
            79.9929893,
            14.4456727
          ],
          [
            79.992937,
            14.4455247
          ],
          [
            79.9928914,
            14.4453519
          ],
          [
            79.9928622,
            14.4452022
          ],
          [
            79.9925436,
            14.4440011
          ],
          [
            79.9924689,
            14.4437195
          ],
          [
            79.9924061,
            14.4433114
          ],
          [
            79.9922663,
            14.4422221
          ],
          [
            79.9920301,
            14.440911
          ]
        ]
      }
    },
    {
      "type": "Feature",
      "properties": {
        "id": "osm-way-279284283",
        "name": "Unnamed Road",
        "highway": "residential",
        "lanes": null,
        "width": 5.5,
        "type": "road"
      },
      "geometry": {
        "type": "LineString",
        "coordinates": [
          [
            79.9934944,
            14.4450118
          ],
          [
            79.9934017,
            14.4450605
          ],
          [
            79.9933004,
            14.4451344
          ],
          [
            79.9931498,
            14.4451775
          ],
          [
            79.9928622,
            14.4452022
          ],
          [
            79.9923011,
            14.4452212
          ],
          [
            79.9918116,
            14.4452524
          ],
          [
            79.991227,
            14.4452935
          ],
          [
            79.9907048,
            14.4453388
          ],
          [
            79.9903915,
            14.4453758
          ]
        ]
      }
    },
    {
      "type": "Feature",
      "properties": {
        "id": "osm-way-279284381",
        "name": "Unnamed Road",
        "highway": "residential",
        "lanes": null,
        "width": 5.5,
        "type": "road"
      },
      "geometry": {
        "type": "LineString",
        "coordinates": [
          [
            79.991054,
            14.4466143
          ],
          [
            79.9905206,
            14.4466714
          ],
          [
            79.9900268,
            14.4467256
          ],
          [
            79.9895512,
            14.446763
          ]
        ]
      }
    },
    {
      "type": "Feature",
      "properties": {
        "id": "osm-way-279284382",
        "name": "Unnamed Road",
        "highway": "residential",
        "lanes": null,
        "width": 5.5,
        "type": "road"
      },
      "geometry": {
        "type": "LineString",
        "coordinates": [
          [
            79.9916766,
            14.4489768
          ],
          [
            79.991492,
            14.4483111
          ],
          [
            79.9913709,
            14.4479488
          ],
          [
            79.9912546,
            14.4476568
          ],
          [
            79.9912705,
            14.4475574
          ],
          [
            79.9911677,
            14.447236
          ],
          [
            79.9911727,
            14.4469507
          ],
          [
            79.9911154,
            14.4467747
          ],
          [
            79.991054,
            14.4466143
          ],
          [
            79.9910288,
            14.4465014
          ],
          [
            79.9907048,
            14.4453388
          ]
        ]
      }
    },
    {
      "type": "Feature",
      "properties": {
        "id": "osm-way-279284383",
        "name": "Unnamed Road",
        "highway": "residential",
        "lanes": null,
        "width": 5.5,
        "type": "road"
      },
      "geometry": {
        "type": "LineString",
        "coordinates": [
          [
            79.9910288,
            14.4465014
          ],
          [
            79.991529,
            14.4464516
          ],
          [
            79.9921305,
            14.446398
          ],
          [
            79.9925954,
            14.4463746
          ],
          [
            79.9930469,
            14.4463572
          ]
        ]
      }
    },
    {
      "type": "Feature",
      "properties": {
        "id": "osm-way-279284612",
        "name": "Unnamed Road",
        "highway": "residential",
        "lanes": null,
        "width": 5.5,
        "type": "road"
      },
      "geometry": {
        "type": "LineString",
        "coordinates": [
          [
            79.9960979,
            14.4424364
          ],
          [
            79.996597,
            14.4433617
          ],
          [
            79.9966047,
            14.4433763
          ],
          [
            79.9967923,
            14.443736
          ],
          [
            79.9969849,
            14.4441051
          ],
          [
            79.997036,
            14.4442029
          ],
          [
            79.9972459,
            14.4446053
          ],
          [
            79.9973854,
            14.444904
          ],
          [
            79.9975159,
            14.4453122
          ],
          [
            79.9982761,
            14.4466153
          ]
        ]
      }
    },
    {
      "type": "Feature",
      "properties": {
        "id": "osm-way-279284613",
        "name": "Unnamed Road",
        "highway": "residential",
        "lanes": null,
        "width": 5.5,
        "type": "road"
      },
      "geometry": {
        "type": "LineString",
        "coordinates": [
          [
            80.0016935,
            14.441783
          ],
          [
            80.001269,
            14.4420678
          ],
          [
            80.0010021,
            14.4422499
          ],
          [
            80.0008405,
            14.4423545
          ],
          [
            80.0005226,
            14.4426049
          ],
          [
            80.0002196,
            14.4428144
          ],
          [
            79.9999986,
            14.4429644
          ],
          [
            79.9991851,
            14.4435195
          ],
          [
            79.999102,
            14.4435966
          ],
          [
            79.9990591,
            14.4436364
          ],
          [
            79.9989054,
            14.4437586
          ],
          [
            79.9987101,
            14.4439138
          ],
          [
            79.9983772,
            14.4442265
          ],
          [
            79.9981763,
            14.4443778
          ],
          [
            79.9980327,
            14.444486
          ],
          [
            79.9977801,
            14.4446317
          ],
          [
            79.9973854,
            14.444904
          ],
          [
            79.9964817,
            14.4453565
          ],
          [
            79.99646,
            14.4453689
          ],
          [
            79.9960377,
            14.4455019
          ],
          [
            79.9956173,
            14.445586
          ],
          [
            79.9951781,
            14.4456992
          ],
          [
            79.9947718,
            14.4458038
          ],
          [
            79.9943606,
            14.4459098
          ],
          [
            79.9940004,
            14.4460026
          ]
        ]
      }
    },
    {
      "type": "Feature",
      "properties": {
        "id": "osm-way-279285041",
        "name": "Balaji Nagar Main Road",
        "highway": "tertiary",
        "lanes": null,
        "width": 6.5,
        "type": "road"
      },
      "geometry": {
        "type": "LineString",
        "coordinates": [
          [
            80.0040139,
            14.4450234
          ],
          [
            80.0039032,
            14.4450618
          ],
          [
            80.0028061,
            14.4453585
          ],
          [
            80.0026314,
            14.4451419
          ],
          [
            80.0024426,
            14.4447727
          ],
          [
            80.0022766,
            14.4444591
          ],
          [
            80.0021828,
            14.4443567
          ],
          [
            80.0020727,
            14.4442669
          ],
          [
            80.0018902,
            14.4441461
          ],
          [
            80.0018288,
            14.4441361
          ],
          [
            80.0017857,
            14.4441409
          ],
          [
            80.0013888,
            14.4442176
          ],
          [
            80.0011704,
            14.4443706
          ],
          [
            80.001123,
            14.4444038
          ],
          [
            80.0010548,
            14.444448
          ],
          [
            80.0009717,
            14.4445019
          ],
          [
            80.0008094,
            14.4446071
          ],
          [
            80.0007772,
            14.444628
          ],
          [
            80.0005704,
            14.4447597
          ],
          [
            80.0005352,
            14.4447783
          ],
          [
            80.0004172,
            14.4448409
          ],
          [
            80.0003829,
            14.4448591
          ],
          [
            80.000164,
            14.4449647
          ],
          [
            79.9998141,
            14.4452169
          ],
          [
            79.9997097,
            14.44534
          ],
          [
            79.999578,
            14.4455273
          ],
          [
            79.9993405,
            14.4458447
          ],
          [
            79.9989443,
            14.446189
          ],
          [
            79.9982761,
            14.4466153
          ],
          [
            79.998211,
            14.4466599
          ],
          [
            79.9977389,
            14.4469194
          ],
          [
            79.9973089,
            14.4471533
          ],
          [
            79.9971503,
            14.447266
          ],
          [
            79.9968927,
            14.4474549
          ],
          [
            79.9967828,
            14.4475625
          ],
          [
            79.9966819,
            14.4476613
          ],
          [
            79.9965592,
            14.4477739
          ],
          [
            79.996421,
            14.4478671
          ],
          [
            79.9962893,
            14.4479561
          ],
          [
            79.9961166,
            14.4480726
          ],
          [
            79.9960093,
            14.4481347
          ],
          [
            79.995804,
            14.4482438
          ],
          [
            79.9957395,
            14.4482713
          ],
          [
            79.9955934,
            14.4483419
          ],
          [
            79.995143,
            14.4486492
          ],
          [
            79.9949276,
            14.4488029
          ],
          [
            79.9947112,
            14.4489572
          ],
          [
            79.9945195,
            14.4490941
          ],
          [
            79.9941555,
            14.4493717
          ],
          [
            79.9939376,
            14.449534
          ],
          [
            79.9938989,
            14.4495628
          ],
          [
            79.9933885,
            14.4499429
          ],
          [
            79.9932842,
            14.4500206
          ],
          [
            79.9930318,
            14.4502043
          ],
          [
            79.9926334,
            14.4504943
          ],
          [
            79.9919722,
            14.4510021
          ],
          [
            79.9919516,
            14.451021
          ],
          [
            79.9914106,
            14.4514136
          ],
          [
            79.990889,
            14.451792
          ],
          [
            79.9906301,
            14.4519561
          ],
          [
            79.9905663,
            14.4520017
          ],
          [
            79.990518,
            14.4520225
          ],
          [
            79.9904437,
            14.4520544
          ],
          [
            79.9904272,
            14.4520608
          ],
          [
            79.990405,
            14.4520694
          ],
          [
            79.990267,
            14.4521231
          ]
        ]
      }
    },
    {
      "type": "Feature",
      "properties": {
        "id": "osm-way-279314726",
        "name": "Meclance Road",
        "highway": "residential",
        "lanes": 2,
        "width": 7.0,
        "type": "road"
      },
      "geometry": {
        "type": "LineString",
        "coordinates": [
          [
            79.9773023,
            14.448653
          ],
          [
            79.976551,
            14.4490601
          ],
          [
            79.9761469,
            14.449279
          ],
          [
            79.9760913,
            14.4493091
          ],
          [
            79.9754717,
            14.4495974
          ],
          [
            79.9754206,
            14.4496555
          ],
          [
            79.9753787,
            14.449689
          ],
          [
            79.9753387,
            14.449721
          ],
          [
            79.9752071,
            14.4497717
          ],
          [
            79.9751513,
            14.4498054
          ],
          [
            79.9750829,
            14.4498468
          ],
          [
            79.9750247,
            14.4499327
          ],
          [
            79.974981,
            14.4500649
          ],
          [
            79.9749033,
            14.4506819
          ],
          [
            79.9748767,
            14.4508927
          ],
          [
            79.9748352,
            14.4511475
          ],
          [
            79.9747545,
            14.4517915
          ],
          [
            79.9747528,
            14.4519005
          ],
          [
            79.9747268,
            14.452216
          ],
          [
            79.9746951,
            14.4526239
          ],
          [
            79.9746851,
            14.4528407
          ],
          [
            79.9746794,
            14.4530911
          ],
          [
            79.9746374,
            14.4535229
          ],
          [
            79.9746257,
            14.4537396
          ],
          [
            79.974605,
            14.4539394
          ],
          [
            79.9745271,
            14.4548215
          ],
          [
            79.9744835,
            14.4552781
          ],
          [
            79.9744778,
            14.4553378
          ],
          [
            79.9744333,
            14.455997
          ],
          [
            79.9744473,
            14.4564314
          ],
          [
            79.9743841,
            14.4568483
          ]
        ]
      }
    },
    {
      "type": "Feature",
      "properties": {
        "id": "osm-way-279559725",
        "name": "Unnamed Road",
        "highway": "residential",
        "lanes": null,
        "width": 5.5,
        "type": "road"
      },
      "geometry": {
        "type": "LineString",
        "coordinates": [
          [
            79.9757658,
            14.4514593
          ],
          [
            79.9758229,
            14.4514502
          ],
          [
            79.9761567,
            14.4513969
          ],
          [
            79.9763646,
            14.4513554
          ],
          [
            79.9764535,
            14.4513244
          ],
          [
            79.9765999,
            14.4512735
          ],
          [
            79.9766753,
            14.4511787
          ],
          [
            79.9767491,
            14.4511396
          ],
          [
            79.9769223,
            14.4511034
          ],
          [
            79.9771138,
            14.4510072
          ],
          [
            79.9774941,
            14.4509306
          ],
          [
            79.9777515,
            14.4508974
          ],
          [
            79.9777937,
            14.4508918
          ],
          [
            79.9783738,
            14.4508143
          ],
          [
            79.9787108,
            14.4508463
          ],
          [
            79.9789465,
            14.4508377
          ],
          [
            79.9791691,
            14.4507753
          ],
          [
            79.9792978,
            14.4507263
          ]
        ]
      }
    },
    {
      "type": "Feature",
      "properties": {
        "id": "osm-way-279559727",
        "name": "Unnamed Road",
        "highway": "residential",
        "lanes": null,
        "width": 5.5,
        "type": "road"
      },
      "geometry": {
        "type": "LineString",
        "coordinates": [
          [
            79.979826,
            14.4482462
          ],
          [
            79.9790087,
            14.4483637
          ],
          [
            79.9789373,
            14.4483769
          ],
          [
            79.9781186,
            14.4485792
          ],
          [
            79.9777553,
            14.448689
          ]
        ]
      }
    },
    {
      "type": "Feature",
      "properties": {
        "id": "osm-way-279560783",
        "name": "Unnamed Road",
        "highway": "residential",
        "lanes": null,
        "width": 5.5,
        "type": "road"
      },
      "geometry": {
        "type": "LineString",
        "coordinates": [
          [
            79.9781413,
            14.4438071
          ],
          [
            79.9768183,
            14.4440725
          ],
          [
            79.976389,
            14.4441587
          ],
          [
            79.9760158,
            14.4442336
          ],
          [
            79.9755261,
            14.4443319
          ]
        ]
      }
    },
    {
      "type": "Feature",
      "properties": {
        "id": "osm-way-279560784",
        "name": "Unnamed Road",
        "highway": "residential",
        "lanes": null,
        "width": 5.5,
        "type": "road"
      },
      "geometry": {
        "type": "LineString",
        "coordinates": [
          [
            79.9718096,
            14.4442638
          ],
          [
            79.9726821,
            14.443985
          ],
          [
            79.9729686,
            14.4439674
          ],
          [
            79.973242,
            14.443925
          ],
          [
            79.9739884,
            14.4437351
          ],
          [
            79.9740433,
            14.4437251
          ],
          [
            79.9746161,
            14.4436208
          ],
          [
            79.9751659,
            14.4435841
          ],
          [
            79.9754125,
            14.443502
          ]
        ]
      }
    },
    {
      "type": "Feature",
      "properties": {
        "id": "osm-way-279560786",
        "name": "Unnamed Road",
        "highway": "residential",
        "lanes": null,
        "width": 5.5,
        "type": "road"
      },
      "geometry": {
        "type": "LineString",
        "coordinates": [
          [
            79.9769496,
            14.4446442
          ],
          [
            79.9768183,
            14.4440725
          ]
        ]
      }
    },
    {
      "type": "Feature",
      "properties": {
        "id": "osm-way-279560787",
        "name": "Unnamed Road",
        "highway": "residential",
        "lanes": null,
        "width": 5.5,
        "type": "road"
      },
      "geometry": {
        "type": "LineString",
        "coordinates": [
          [
            79.9756302,
            14.4450141
          ],
          [
            79.9761366,
            14.4448403
          ],
          [
            79.9765308,
            14.4447365
          ],
          [
            79.9769496,
            14.4446442
          ]
        ]
      }
    },
    {
      "type": "Feature",
      "properties": {
        "id": "osm-way-279560788",
        "name": "Unnamed Road",
        "highway": "residential",
        "lanes": null,
        "width": 5.5,
        "type": "road"
      },
      "geometry": {
        "type": "LineString",
        "coordinates": [
          [
            79.97392,
            14.4433026
          ],
          [
            79.9740433,
            14.4437251
          ],
          [
            79.9741199,
            14.4442078
          ],
          [
            79.9747421,
            14.4441195
          ],
          [
            79.9751954,
            14.4440728
          ],
          [
            79.9754898,
            14.4440487
          ]
        ]
      }
    },
    {
      "type": "Feature",
      "properties": {
        "id": "osm-way-279560789",
        "name": "Unnamed Road",
        "highway": "residential",
        "lanes": null,
        "width": 5.5,
        "type": "road"
      },
      "geometry": {
        "type": "LineString",
        "coordinates": [
          [
            79.9755261,
            14.4443319
          ],
          [
            79.9756063,
            14.4448572
          ],
          [
            79.9756302,
            14.4450141
          ],
          [
            79.9756805,
            14.4454318
          ],
          [
            79.9757096,
            14.4456729
          ],
          [
            79.9760124,
            14.446641
          ]
        ]
      }
    },
    {
      "type": "Feature",
      "properties": {
        "id": "osm-way-279561684",
        "name": "Unnamed Road",
        "highway": "residential",
        "lanes": null,
        "width": 5.5,
        "type": "road"
      },
      "geometry": {
        "type": "LineString",
        "coordinates": [
          [
            79.9768584,
            14.440161
          ],
          [
            79.9750971,
            14.4404549
          ]
        ]
      }
    },
    {
      "type": "Feature",
      "properties": {
        "id": "osm-way-279562515",
        "name": "Unnamed Road",
        "highway": "residential",
        "lanes": null,
        "width": 5.5,
        "type": "road"
      },
      "geometry": {
        "type": "LineString",
        "coordinates": [
          [
            79.9773331,
            14.4391506
          ],
          [
            79.9769887,
            14.4392249
          ],
          [
            79.9767032,
            14.4393213
          ],
          [
            79.9764744,
            14.4393985
          ],
          [
            79.9763458,
            14.4394419
          ],
          [
            79.9757796,
            14.4395922
          ],
          [
            79.9755116,
            14.4396728
          ],
          [
            79.9752325,
            14.4396807
          ]
        ]
      }
    },
    {
      "type": "Feature",
      "properties": {
        "id": "osm-way-279562517",
        "name": "Unnamed Road",
        "highway": "residential",
        "lanes": null,
        "width": 5.5,
        "type": "road"
      },
      "geometry": {
        "type": "LineString",
        "coordinates": [
          [
            79.9766733,
            14.4382077
          ],
          [
            79.9764806,
            14.4382721
          ],
          [
            79.9763036,
            14.4383578
          ],
          [
            79.9760461,
            14.4384903
          ],
          [
            79.9759687,
            14.4385546
          ],
          [
            79.9758204,
            14.4386778
          ],
          [
            79.9756089,
            14.4388046
          ],
          [
            79.9753641,
            14.4389007
          ]
        ]
      }
    },
    {
      "type": "Feature",
      "properties": {
        "id": "osm-way-279564078",
        "name": "Unnamed Road",
        "highway": "residential",
        "lanes": null,
        "width": 5.5,
        "type": "road"
      },
      "geometry": {
        "type": "LineString",
        "coordinates": [
          [
            79.9793207,
            14.4424728
          ],
          [
            79.9788666,
            14.4423865
          ]
        ]
      }
    },
    {
      "type": "Feature",
      "properties": {
        "id": "osm-way-279564080",
        "name": "Unnamed Road",
        "highway": "residential",
        "lanes": null,
        "width": 5.5,
        "type": "road"
      },
      "geometry": {
        "type": "LineString",
        "coordinates": [
          [
            79.980066,
            14.4404491
          ],
          [
            79.9802625,
            14.4401501
          ],
          [
            79.9803426,
            14.4399091
          ],
          [
            79.9804177,
            14.4395896
          ],
          [
            79.9807344,
            14.4390051
          ],
          [
            79.9811446,
            14.4383454
          ],
          [
            79.981284,
            14.4381376
          ],
          [
            79.9814235,
            14.43787
          ],
          [
            79.9815201,
            14.4375557
          ],
          [
            79.9816086,
            14.4371661
          ],
          [
            79.981676,
            14.4369526
          ],
          [
            79.9817794,
            14.4367925
          ]
        ]
      }
    },
    {
      "type": "Feature",
      "properties": {
        "id": "osm-way-279564081",
        "name": "Unnamed Road",
        "highway": "residential",
        "lanes": null,
        "width": 5.5,
        "type": "road"
      },
      "geometry": {
        "type": "LineString",
        "coordinates": [
          [
            79.9814235,
            14.43787
          ],
          [
            79.9815783,
            14.4379248
          ],
          [
            79.9820004,
            14.4375531
          ],
          [
            79.9824269,
            14.4372232
          ],
          [
            79.9828819,
            14.436878
          ]
        ]
      }
    },
    {
      "type": "Feature",
      "properties": {
        "id": "osm-way-279564082",
        "name": "Aravinda Nagar Rd",
        "highway": "residential",
        "lanes": null,
        "width": 5.5,
        "type": "road"
      },
      "geometry": {
        "type": "LineString",
        "coordinates": [
          [
            79.9755669,
            14.4359058
          ],
          [
            79.9757255,
            14.4360534
          ],
          [
            79.975784,
            14.4361006
          ],
          [
            79.9761239,
            14.4364779
          ],
          [
            79.976436,
            14.4368753
          ],
          [
            79.9766041,
            14.4371558
          ],
          [
            79.9766894,
            14.4372911
          ],
          [
            79.9769419,
            14.4375786
          ],
          [
            79.9775051,
            14.4380931
          ],
          [
            79.9777347,
            14.4383028
          ],
          [
            79.9783647,
            14.4388783
          ],
          [
            79.978796,
            14.4392723
          ],
          [
            79.9791007,
            14.4395506
          ],
          [
            79.9791501,
            14.4395956
          ],
          [
            79.9795249,
            14.4399371
          ],
          [
            79.9797444,
            14.4401792
          ],
          [
            79.9797956,
            14.4402363
          ],
          [
            79.9798491,
            14.4402961
          ],
          [
            79.9797713,
            14.4404415
          ],
          [
            79.9795808,
            14.4406389
          ],
          [
            79.9794038,
            14.4407792
          ],
          [
            79.9792621,
            14.4408592
          ],
          [
            79.9791463,
            14.4413974
          ],
          [
            79.9791169,
            14.4415262
          ],
          [
            79.9790793,
            14.4416909
          ],
          [
            79.9789961,
            14.4419922
          ],
          [
            79.9789501,
            14.4423282
          ],
          [
            79.9788666,
            14.4423865
          ],
          [
            79.9783793,
            14.4429791
          ],
          [
            79.9779338,
            14.4435209
          ]
        ]
      }
    },
    {
      "type": "Feature",
      "properties": {
        "id": "osm-way-279564086",
        "name": "Unnamed Road",
        "highway": "residential",
        "lanes": null,
        "width": 5.5,
        "type": "road"
      },
      "geometry": {
        "type": "LineString",
        "coordinates": [
          [
            79.9809032,
            14.4374466
          ],
          [
            79.980533,
            14.4381532
          ],
          [
            79.9804011,
            14.4384265
          ],
          [
            79.9801307,
            14.4389869
          ],
          [
            79.9799376,
            14.4394181
          ],
          [
            79.9798973,
            14.4395974
          ],
          [
            79.9798763,
            14.4398358
          ],
          [
            79.9798437,
            14.4400519
          ],
          [
            79.9797956,
            14.4402363
          ]
        ]
      }
    },
    {
      "type": "Feature",
      "properties": {
        "id": "osm-way-279564926",
        "name": "Unnamed Road",
        "highway": "residential",
        "lanes": null,
        "width": 5.5,
        "type": "road"
      },
      "geometry": {
        "type": "LineString",
        "coordinates": [
          [
            79.9791541,
            14.4328944
          ],
          [
            79.9790422,
            14.4351449
          ],
          [
            79.9789811,
            14.4366494
          ]
        ]
      }
    },
    {
      "type": "Feature",
      "properties": {
        "id": "osm-way-279564928",
        "name": "Unnamed Road",
        "highway": "residential",
        "lanes": null,
        "width": 5.5,
        "type": "road"
      },
      "geometry": {
        "type": "LineString",
        "coordinates": [
          [
            79.9818135,
            14.4328156
          ],
          [
            79.9815599,
            14.4328824
          ],
          [
            79.9813538,
            14.4330047
          ],
          [
            79.9807188,
            14.4335414
          ],
          [
            79.9803211,
            14.4338778
          ]
        ]
      }
    },
    {
      "type": "Feature",
      "properties": {
        "id": "osm-way-279564929",
        "name": "Unnamed Road",
        "highway": "residential",
        "lanes": null,
        "width": 5.5,
        "type": "road"
      },
      "geometry": {
        "type": "LineString",
        "coordinates": [
          [
            79.9797849,
            14.4333958
          ],
          [
            79.9797234,
            14.4351698
          ]
        ]
      }
    },
    {
      "type": "Feature",
      "properties": {
        "id": "osm-way-279564930",
        "name": "Unnamed Road",
        "highway": "residential",
        "lanes": null,
        "width": 5.5,
        "type": "road"
      },
      "geometry": {
        "type": "LineString",
        "coordinates": [
          [
            79.9804556,
            14.4341562
          ],
          [
            79.9804257,
            14.4346491
          ],
          [
            79.9804076,
            14.4351948
          ],
          [
            79.9803855,
            14.4360285
          ],
          [
            79.9803828,
            14.4361297
          ]
        ]
      }
    },
    {
      "type": "Feature",
      "properties": {
        "id": "osm-way-279564933",
        "name": "Unnamed Road",
        "highway": "residential",
        "lanes": null,
        "width": 5.5,
        "type": "road"
      },
      "geometry": {
        "type": "LineString",
        "coordinates": [
          [
            79.9772347,
            14.4351132
          ],
          [
            79.9776856,
            14.4351115
          ],
          [
            79.9783459,
            14.4351194
          ],
          [
            79.9790422,
            14.4351449
          ],
          [
            79.9797234,
            14.4351698
          ],
          [
            79.9804076,
            14.4351948
          ],
          [
            79.9814143,
            14.4352317
          ],
          [
            79.9803855,
            14.4360285
          ]
        ]
      }
    },
    {
      "type": "Feature",
      "properties": {
        "id": "osm-way-279564934",
        "name": "Unnamed Road",
        "highway": "residential",
        "lanes": null,
        "width": 5.5,
        "type": "road"
      },
      "geometry": {
        "type": "LineString",
        "coordinates": [
          [
            79.9818044,
            14.4334153
          ],
          [
            79.9818135,
            14.4328156
          ],
          [
            79.9818285,
            14.432343
          ],
          [
            79.9818366,
            14.4310489
          ],
          [
            79.9817544,
            14.4307659
          ],
          [
            79.9815709,
            14.4301663
          ],
          [
            79.9812164,
            14.4289928
          ],
          [
            79.9809277,
            14.4279572
          ]
        ]
      }
    },
    {
      "type": "Feature",
      "properties": {
        "id": "osm-way-279564937",
        "name": "Unnamed Road",
        "highway": "residential",
        "lanes": null,
        "width": 5.5,
        "type": "road"
      },
      "geometry": {
        "type": "LineString",
        "coordinates": [
          [
            79.9797096,
            14.4323788
          ],
          [
            79.9807188,
            14.4335414
          ]
        ]
      }
    },
    {
      "type": "Feature",
      "properties": {
        "id": "osm-way-279665896",
        "name": "Unnamed Road",
        "highway": "residential",
        "lanes": null,
        "width": 5.5,
        "type": "road"
      },
      "geometry": {
        "type": "LineString",
        "coordinates": [
          [
            79.9957109,
            14.4391386
          ],
          [
            79.9958707,
            14.4395059
          ],
          [
            79.996282,
            14.4404524
          ],
          [
            79.9968987,
            14.4419562
          ],
          [
            79.9973719,
            14.4429303
          ],
          [
            79.9975864,
            14.4433109
          ],
          [
            79.9977394,
            14.4436908
          ]
        ]
      }
    },
    {
      "type": "Feature",
      "properties": {
        "id": "osm-way-279665897",
        "name": "Unnamed Road",
        "highway": "residential",
        "lanes": null,
        "width": 5.5,
        "type": "road"
      },
      "geometry": {
        "type": "LineString",
        "coordinates": [
          [
            79.994411,
            14.4356535
          ],
          [
            79.9945689,
            14.4365944
          ],
          [
            79.9946907,
            14.4373205
          ],
          [
            79.9947688,
            14.4377245
          ],
          [
            79.9938809,
            14.4378938
          ]
        ]
      }
    },
    {
      "type": "Feature",
      "properties": {
        "id": "osm-way-279665898",
        "name": "Unnamed Road",
        "highway": "residential",
        "lanes": null,
        "width": 5.5,
        "type": "road"
      },
      "geometry": {
        "type": "LineString",
        "coordinates": [
          [
            79.9939682,
            14.4383505
          ],
          [
            79.9938809,
            14.4378938
          ],
          [
            79.9938047,
            14.4374952
          ],
          [
            79.9936197,
            14.436407
          ]
        ]
      }
    },
    {
      "type": "Feature",
      "properties": {
        "id": "osm-way-279665899",
        "name": "Unnamed Road",
        "highway": "residential",
        "lanes": null,
        "width": 5.5,
        "type": "road"
      },
      "geometry": {
        "type": "LineString",
        "coordinates": [
          [
            79.9977394,
            14.4436908
          ],
          [
            79.9973881,
            14.4438625
          ],
          [
            79.9969849,
            14.4441051
          ]
        ]
      }
    },
    {
      "type": "Feature",
      "properties": {
        "id": "osm-way-279665900",
        "name": "Unnamed Road",
        "highway": "residential",
        "lanes": null,
        "width": 5.5,
        "type": "road"
      },
      "geometry": {
        "type": "LineString",
        "coordinates": [
          [
            79.9973977,
            14.4386581
          ],
          [
            79.9977528,
            14.4400363
          ],
          [
            79.9972535,
            14.4401776
          ],
          [
            79.9966757,
            14.4403153
          ],
          [
            79.996282,
            14.4404524
          ],
          [
            79.9959015,
            14.4405637
          ],
          [
            79.9955606,
            14.4406306
          ]
        ]
      }
    },
    {
      "type": "Feature",
      "properties": {
        "id": "osm-way-279665901",
        "name": "Unnamed Road",
        "highway": "residential",
        "lanes": null,
        "width": 5.5,
        "type": "road"
      },
      "geometry": {
        "type": "LineString",
        "coordinates": [
          [
            79.9967923,
            14.443736
          ],
          [
            79.9975864,
            14.4433109
          ]
        ]
      }
    },
    {
      "type": "Feature",
      "properties": {
        "id": "osm-way-279665902",
        "name": "Unnamed Road",
        "highway": "residential",
        "lanes": null,
        "width": 5.5,
        "type": "road"
      },
      "geometry": {
        "type": "LineString",
        "coordinates": [
          [
            79.9951148,
            14.4372543
          ],
          [
            79.9946907,
            14.4373205
          ],
          [
            79.9942624,
            14.4374049
          ],
          [
            79.9938047,
            14.4374952
          ],
          [
            79.9933984,
            14.4375623
          ],
          [
            79.9929605,
            14.4376347
          ]
        ]
      }
    },
    {
      "type": "Feature",
      "properties": {
        "id": "osm-way-279665903",
        "name": "Unnamed Road",
        "highway": "residential",
        "lanes": null,
        "width": 5.5,
        "type": "road"
      },
      "geometry": {
        "type": "LineString",
        "coordinates": [
          [
            79.9975649,
            14.4425933
          ],
          [
            79.9975974,
            14.4426765
          ],
          [
            79.9976383,
            14.4427458
          ],
          [
            79.9973719,
            14.4429303
          ],
          [
            79.9970315,
            14.4430994
          ],
          [
            79.996597,
            14.4433617
          ]
        ]
      }
    },
    {
      "type": "Feature",
      "properties": {
        "id": "osm-way-279665904",
        "name": "Unnamed Road",
        "highway": "residential",
        "lanes": null,
        "width": 5.5,
        "type": "road"
      },
      "geometry": {
        "type": "LineString",
        "coordinates": [
          [
            79.9981026,
            14.4365112
          ],
          [
            79.9978947,
            14.4359725
          ],
          [
            79.9973722,
            14.4352068
          ],
          [
            79.9967977,
            14.4343647
          ],
          [
            79.9963554,
            14.4337659
          ],
          [
            79.9962527,
            14.4338655
          ],
          [
            79.9958818,
            14.4341959
          ],
          [
            79.995508,
            14.4345885
          ],
          [
            79.9950666,
            14.435017
          ],
          [
            79.9947385,
            14.4353356
          ],
          [
            79.994411,
            14.4356535
          ],
          [
            79.9940239,
            14.4360294
          ],
          [
            79.9940044,
            14.4360476
          ],
          [
            79.9936197,
            14.436407
          ],
          [
            79.9932313,
            14.4367732
          ],
          [
            79.9927832,
            14.4371938
          ]
        ]
      }
    },
    {
      "type": "Feature",
      "properties": {
        "id": "osm-way-279665905",
        "name": "Unnamed Road",
        "highway": "residential",
        "lanes": null,
        "width": 5.5,
        "type": "road"
      },
      "geometry": {
        "type": "LineString",
        "coordinates": [
          [
            79.9954166,
            14.4403636
          ],
          [
            79.9955606,
            14.4406306
          ],
          [
            79.9962889,
            14.4423192
          ]
        ]
      }
    },
    {
      "type": "Feature",
      "properties": {
        "id": "osm-way-279665906",
        "name": "Unnamed Road",
        "highway": "residential",
        "lanes": null,
        "width": 5.5,
        "type": "road"
      },
      "geometry": {
        "type": "LineString",
        "coordinates": [
          [
            79.9970315,
            14.4430994
          ],
          [
            79.9965708,
            14.4421197
          ],
          [
            79.9959015,
            14.4405637
          ],
          [
            79.9953281,
            14.4392729
          ],
          [
            79.9953043,
            14.439193
          ]
        ]
      }
    },
    {
      "type": "Feature",
      "properties": {
        "id": "osm-way-279666271",
        "name": "Unnamed Road",
        "highway": "residential",
        "lanes": null,
        "width": 5.5,
        "type": "road"
      },
      "geometry": {
        "type": "LineString",
        "coordinates": [
          [
            79.9960377,
            14.4455019
          ],
          [
            79.9963754,
            14.446288
          ],
          [
            79.9965297,
            14.4465895
          ],
          [
            79.9968927,
            14.4474549
          ]
        ]
      }
    },
    {
      "type": "Feature",
      "properties": {
        "id": "osm-way-279666272",
        "name": "Unnamed Road",
        "highway": "residential",
        "lanes": null,
        "width": 5.5,
        "type": "road"
      },
      "geometry": {
        "type": "LineString",
        "coordinates": [
          [
            79.9935028,
            14.4477062
          ],
          [
            79.9938075,
            14.4482864
          ],
          [
            79.9940776,
            14.448706
          ]
        ]
      }
    },
    {
      "type": "Feature",
      "properties": {
        "id": "osm-way-279666273",
        "name": "Unnamed Road",
        "highway": "residential",
        "lanes": null,
        "width": 5.5,
        "type": "road"
      },
      "geometry": {
        "type": "LineString",
        "coordinates": [
          [
            79.9958276,
            14.4451038
          ],
          [
            79.9959188,
            14.4451401
          ],
          [
            79.9960377,
            14.4455019
          ]
        ]
      }
    },
    {
      "type": "Feature",
      "properties": {
        "id": "osm-way-279666274",
        "name": "Unnamed Road",
        "highway": "residential",
        "lanes": null,
        "width": 5.5,
        "type": "road"
      },
      "geometry": {
        "type": "LineString",
        "coordinates": [
          [
            79.9966819,
            14.4476613
          ],
          [
            79.9962827,
            14.4466056
          ]
        ]
      }
    },
    {
      "type": "Feature",
      "properties": {
        "id": "osm-way-279666275",
        "name": "Unnamed Road",
        "highway": "residential",
        "lanes": null,
        "width": 5.5,
        "type": "road"
      },
      "geometry": {
        "type": "LineString",
        "coordinates": [
          [
            79.9950859,
            14.4481135
          ],
          [
            79.9954569,
            14.4479497
          ],
          [
            79.9958742,
            14.4477739
          ]
        ]
      }
    },
    {
      "type": "Feature",
      "properties": {
        "id": "osm-way-279666276",
        "name": "Unnamed Road",
        "highway": "residential",
        "lanes": null,
        "width": 5.5,
        "type": "road"
      },
      "geometry": {
        "type": "LineString",
        "coordinates": [
          [
            79.9949739,
            14.4449348
          ],
          [
            79.9950656,
            14.4452831
          ],
          [
            79.9951781,
            14.4456992
          ],
          [
            79.9954649,
            14.4467142
          ],
          [
            79.9955797,
            14.4470032
          ],
          [
            79.9957428,
            14.4474136
          ],
          [
            79.9958742,
            14.4477739
          ],
          [
            79.9960093,
            14.4481347
          ]
        ]
      }
    },
    {
      "type": "Feature",
      "properties": {
        "id": "osm-way-279666277",
        "name": "Unnamed Road",
        "highway": "residential",
        "lanes": null,
        "width": 5.5,
        "type": "road"
      },
      "geometry": {
        "type": "LineString",
        "coordinates": [
          [
            79.9960496,
            14.4472752
          ],
          [
            79.9957428,
            14.4474136
          ],
          [
            79.9950733,
            14.4476761
          ],
          [
            79.9943302,
            14.4480303
          ],
          [
            79.9938075,
            14.4482864
          ],
          [
            79.9934078,
            14.4485175
          ],
          [
            79.9929033,
            14.4487583
          ]
        ]
      }
    },
    {
      "type": "Feature",
      "properties": {
        "id": "osm-way-279667082",
        "name": "Unnamed Road",
        "highway": "residential",
        "lanes": null,
        "width": 5.5,
        "type": "road"
      },
      "geometry": {
        "type": "LineString",
        "coordinates": [
          [
            79.9943073,
            14.4486221
          ],
          [
            79.9945195,
            14.4490941
          ]
        ]
      }
    },
    {
      "type": "Feature",
      "properties": {
        "id": "osm-way-279667084",
        "name": "Unnamed Road",
        "highway": "residential",
        "lanes": null,
        "width": 5.5,
        "type": "road"
      },
      "geometry": {
        "type": "LineString",
        "coordinates": [
          [
            79.9965297,
            14.4465895
          ],
          [
            79.9962827,
            14.4466056
          ],
          [
            79.9960255,
            14.4466551
          ],
          [
            79.9958873,
            14.4466817
          ]
        ]
      }
    },
    {
      "type": "Feature",
      "properties": {
        "id": "osm-way-279667085",
        "name": "Unnamed Road",
        "highway": "residential",
        "lanes": null,
        "width": 5.5,
        "type": "road"
      },
      "geometry": {
        "type": "LineString",
        "coordinates": [
          [
            79.9940776,
            14.448706
          ],
          [
            79.9943073,
            14.4486221
          ],
          [
            79.9947768,
            14.4484209
          ],
          [
            79.9951013,
            14.4482673
          ]
        ]
      }
    },
    {
      "type": "Feature",
      "properties": {
        "id": "osm-way-279667088",
        "name": "Unnamed Road",
        "highway": "residential",
        "lanes": null,
        "width": 5.5,
        "type": "road"
      },
      "geometry": {
        "type": "LineString",
        "coordinates": [
          [
            79.9947768,
            14.4484209
          ],
          [
            79.9949276,
            14.4488029
          ]
        ]
      }
    },
    {
      "type": "Feature",
      "properties": {
        "id": "osm-way-279667089",
        "name": "Unnamed Road",
        "highway": "residential",
        "lanes": null,
        "width": 5.5,
        "type": "road"
      },
      "geometry": {
        "type": "LineString",
        "coordinates": [
          [
            79.9958873,
            14.4466817
          ],
          [
            79.9960496,
            14.4472752
          ],
          [
            79.9962893,
            14.4479561
          ]
        ]
      }
    },
    {
      "type": "Feature",
      "properties": {
        "id": "osm-way-279667774",
        "name": "Unnamed Road",
        "highway": "residential",
        "lanes": null,
        "width": 5.5,
        "type": "road"
      },
      "geometry": {
        "type": "LineString",
        "coordinates": [
          [
            79.9931308,
            14.4480962
          ],
          [
            79.9932729,
            14.4482392
          ],
          [
            79.9934078,
            14.4485175
          ],
          [
            79.9936396,
            14.4489648
          ],
          [
            79.9937537,
            14.4492271
          ],
          [
            79.9938989,
            14.4495628
          ]
        ]
      }
    },
    {
      "type": "Feature",
      "properties": {
        "id": "osm-way-279667775",
        "name": "Unnamed Road",
        "highway": "residential",
        "lanes": null,
        "width": 5.5,
        "type": "road"
      },
      "geometry": {
        "type": "LineString",
        "coordinates": [
          [
            79.9921246,
            14.4503417
          ],
          [
            79.9916737,
            14.4506674
          ],
          [
            79.9911687,
            14.4510753
          ],
          [
            79.9909701,
            14.4512062
          ],
          [
            79.9906891,
            14.4513984
          ],
          [
            79.9904566,
            14.4515044
          ]
        ]
      }
    },
    {
      "type": "Feature",
      "properties": {
        "id": "osm-way-279667776",
        "name": "Unnamed Road",
        "highway": "residential",
        "lanes": null,
        "width": 5.5,
        "type": "road"
      },
      "geometry": {
        "type": "LineString",
        "coordinates": [
          [
            79.9921836,
            14.4487768
          ],
          [
            79.9923782,
            14.4491935
          ],
          [
            79.9924478,
            14.4493409
          ],
          [
            79.9925335,
            14.4495149
          ],
          [
            79.9930318,
            14.4502043
          ],
          [
            79.9933017,
            14.4505622
          ],
          [
            79.9935934,
            14.4509402
          ]
        ]
      }
    },
    {
      "type": "Feature",
      "properties": {
        "id": "osm-way-279667777",
        "name": "Unnamed Road",
        "highway": "residential",
        "lanes": null,
        "width": 5.5,
        "type": "road"
      },
      "geometry": {
        "type": "LineString",
        "coordinates": [
          [
            79.9940245,
            14.4465453
          ],
          [
            79.9934579,
            14.4465247
          ]
        ]
      }
    },
    {
      "type": "Feature",
      "properties": {
        "id": "osm-way-279667778",
        "name": "Unnamed Road",
        "highway": "residential",
        "lanes": null,
        "width": 5.5,
        "type": "road"
      },
      "geometry": {
        "type": "LineString",
        "coordinates": [
          [
            79.9923782,
            14.4491935
          ],
          [
            79.9925809,
            14.4490972
          ],
          [
            79.9929972,
            14.4488899
          ]
        ]
      }
    },
    {
      "type": "Feature",
      "properties": {
        "id": "osm-way-279667779",
        "name": "Unnamed Road",
        "highway": "residential",
        "lanes": null,
        "width": 5.5,
        "type": "road"
      },
      "geometry": {
        "type": "LineString",
        "coordinates": [
          [
            79.9934237,
            14.445548
          ],
          [
            79.9937047,
            14.44541
          ],
          [
            79.9941397,
            14.4451964
          ],
          [
            79.9946367,
            14.4450447
          ],
          [
            79.9949739,
            14.4449348
          ],
          [
            79.9957749,
            14.4446721
          ],
          [
            79.9954136,
            14.4438393
          ]
        ]
      }
    },
    {
      "type": "Feature",
      "properties": {
        "id": "osm-way-279667780",
        "name": "Unnamed Road",
        "highway": "residential",
        "lanes": null,
        "width": 5.5,
        "type": "road"
      },
      "geometry": {
        "type": "LineString",
        "coordinates": [
          [
            79.9927707,
            14.4485715
          ],
          [
            79.9929033,
            14.4487583
          ],
          [
            79.9929972,
            14.4488899
          ],
          [
            79.9930977,
            14.4491674
          ],
          [
            79.9933885,
            14.4499429
          ],
          [
            79.9937709,
            14.4507107
          ]
        ]
      }
    },
    {
      "type": "Feature",
      "properties": {
        "id": "osm-way-279667781",
        "name": "Unnamed Road",
        "highway": "residential",
        "lanes": null,
        "width": 5.5,
        "type": "road"
      },
      "geometry": {
        "type": "LineString",
        "coordinates": [
          [
            79.9916766,
            14.4489768
          ],
          [
            79.9918011,
            14.4492232
          ],
          [
            79.9919822,
            14.4494998
          ],
          [
            79.9922871,
            14.4500367
          ],
          [
            79.9926334,
            14.4504943
          ],
          [
            79.9931123,
            14.4511724
          ],
          [
            79.9932791,
            14.4513803
          ]
        ]
      }
    },
    {
      "type": "Feature",
      "properties": {
        "id": "osm-way-279667782",
        "name": "Unnamed Road",
        "highway": "residential",
        "lanes": null,
        "width": 5.5,
        "type": "road"
      },
      "geometry": {
        "type": "LineString",
        "coordinates": [
          [
            79.993957,
            14.4456028
          ],
          [
            79.9940004,
            14.4460026
          ],
          [
            79.9940245,
            14.4465453
          ],
          [
            79.9941264,
            14.4467622
          ],
          [
            79.9946233,
            14.4467787
          ],
          [
            79.994996,
            14.4467946
          ],
          [
            79.9950576,
            14.4467911
          ],
          [
            79.9950916,
            14.4467973
          ],
          [
            79.9954649,
            14.4467142
          ]
        ]
      }
    },
    {
      "type": "Feature",
      "properties": {
        "id": "osm-way-279667783",
        "name": "Unnamed Road",
        "highway": "residential",
        "lanes": null,
        "width": 5.5,
        "type": "road"
      },
      "geometry": {
        "type": "LineString",
        "coordinates": [
          [
            79.9943606,
            14.4459098
          ],
          [
            79.9946233,
            14.4467787
          ]
        ]
      }
    },
    {
      "type": "Feature",
      "properties": {
        "id": "osm-way-279667784",
        "name": "Unnamed Road",
        "highway": "residential",
        "lanes": null,
        "width": 5.5,
        "type": "road"
      },
      "geometry": {
        "type": "LineString",
        "coordinates": [
          [
            79.9942766,
            14.4443739
          ],
          [
            79.9946367,
            14.4450447
          ]
        ]
      }
    },
    {
      "type": "Feature",
      "properties": {
        "id": "osm-way-279667785",
        "name": "Unnamed Road",
        "highway": "residential",
        "lanes": null,
        "width": 5.5,
        "type": "road"
      },
      "geometry": {
        "type": "LineString",
        "coordinates": [
          [
            79.9958276,
            14.4451038
          ],
          [
            79.995526,
            14.4451605
          ],
          [
            79.9950656,
            14.4452831
          ],
          [
            79.9942461,
            14.4455194
          ],
          [
            79.993957,
            14.4456028
          ],
          [
            79.9935009,
            14.4457559
          ]
        ]
      }
    },
    {
      "type": "Feature",
      "properties": {
        "id": "osm-way-279667786",
        "name": "Unnamed Road",
        "highway": "residential",
        "lanes": null,
        "width": 5.5,
        "type": "road"
      },
      "geometry": {
        "type": "LineString",
        "coordinates": [
          [
            79.9936396,
            14.4489648
          ],
          [
            79.9933572,
            14.4490602
          ],
          [
            79.9930977,
            14.4491674
          ],
          [
            79.9928644,
            14.4493399
          ],
          [
            79.9925335,
            14.4495149
          ]
        ]
      }
    },
    {
      "type": "Feature",
      "properties": {
        "id": "osm-way-279667787",
        "name": "Unnamed Road",
        "highway": "residential",
        "lanes": null,
        "width": 5.5,
        "type": "road"
      },
      "geometry": {
        "type": "LineString",
        "coordinates": [
          [
            79.9925975,
            14.4510233
          ],
          [
            79.9921778,
            14.4513605
          ],
          [
            79.9916388,
            14.4517576
          ],
          [
            79.9909466,
            14.4522675
          ],
          [
            79.9906999,
            14.4524423
          ]
        ]
      }
    },
    {
      "type": "Feature",
      "properties": {
        "id": "osm-way-279667788",
        "name": "Unnamed Road",
        "highway": "residential",
        "lanes": null,
        "width": 5.5,
        "type": "road"
      },
      "geometry": {
        "type": "LineString",
        "coordinates": [
          [
            79.9947718,
            14.4458038
          ],
          [
            79.9949395,
            14.4462923
          ],
          [
            79.9950576,
            14.4467911
          ]
        ]
      }
    },
    {
      "type": "Feature",
      "properties": {
        "id": "osm-way-279667789",
        "name": "Unnamed Road",
        "highway": "residential",
        "lanes": null,
        "width": 5.5,
        "type": "road"
      },
      "geometry": {
        "type": "LineString",
        "coordinates": [
          [
            79.9936892,
            14.4431004
          ],
          [
            79.9939227,
            14.44462
          ],
          [
            79.9939453,
            14.4447671
          ],
          [
            79.9941397,
            14.4451964
          ],
          [
            79.9942461,
            14.4455194
          ]
        ]
      }
    },
    {
      "type": "Feature",
      "properties": {
        "id": "osm-way-279667811",
        "name": "Unnamed Road",
        "highway": "residential",
        "lanes": null,
        "width": 5.5,
        "type": "road"
      },
      "geometry": {
        "type": "LineString",
        "coordinates": [
          [
            79.9970176,
            14.4455996
          ],
          [
            79.9977389,
            14.4469194
          ]
        ]
      }
    },
    {
      "type": "Feature",
      "properties": {
        "id": "osm-way-279667812",
        "name": "Unnamed Road",
        "highway": "residential",
        "lanes": null,
        "width": 5.5,
        "type": "road"
      },
      "geometry": {
        "type": "LineString",
        "coordinates": [
          [
            79.9962666,
            14.4445095
          ],
          [
            79.9963918,
            14.4450025
          ],
          [
            79.9964817,
            14.4453565
          ],
          [
            79.996579,
            14.4457503
          ],
          [
            79.9973089,
            14.4471533
          ]
        ]
      }
    },
    {
      "type": "Feature",
      "properties": {
        "id": "osm-way-279668243",
        "name": "Unnamed Road",
        "highway": "residential",
        "lanes": null,
        "width": 5.5,
        "type": "road"
      },
      "geometry": {
        "type": "LineString",
        "coordinates": [
          [
            79.994996,
            14.4467946
          ],
          [
            79.9950384,
            14.4472572
          ]
        ]
      }
    },
    {
      "type": "Feature",
      "properties": {
        "id": "osm-way-279668244",
        "name": "Unnamed Road",
        "highway": "residential",
        "lanes": null,
        "width": 5.5,
        "type": "road"
      },
      "geometry": {
        "type": "LineString",
        "coordinates": [
          [
            79.9945743,
            14.4475103
          ],
          [
            79.9947436,
            14.4474059
          ],
          [
            79.9947807,
            14.4473863
          ],
          [
            79.9949274,
            14.4473176
          ],
          [
            79.9950384,
            14.4472572
          ],
          [
            79.9955797,
            14.4470032
          ]
        ]
      }
    },
    {
      "type": "Feature",
      "properties": {
        "id": "osm-way-279668245",
        "name": "Unnamed Road",
        "highway": "residential",
        "lanes": null,
        "width": 5.5,
        "type": "road"
      },
      "geometry": {
        "type": "LineString",
        "coordinates": [
          [
            79.9949274,
            14.4473176
          ],
          [
            79.9950733,
            14.4476761
          ]
        ]
      }
    },
    {
      "type": "Feature",
      "properties": {
        "id": "osm-way-279668340",
        "name": "Unnamed Road",
        "highway": "residential",
        "lanes": null,
        "width": 5.5,
        "type": "road"
      },
      "geometry": {
        "type": "LineString",
        "coordinates": [
          [
            79.9892876,
            14.4473359
          ],
          [
            79.9894016,
            14.4478493
          ],
          [
            79.9895384,
            14.4484653
          ]
        ]
      }
    },
    {
      "type": "Feature",
      "properties": {
        "id": "osm-way-279668350",
        "name": "Unnamed Road",
        "highway": "residential",
        "lanes": null,
        "width": 5.5,
        "type": "road"
      },
      "geometry": {
        "type": "LineString",
        "coordinates": [
          [
            79.9910045,
            14.4471895
          ],
          [
            79.9910973,
            14.4474123
          ],
          [
            79.9911429,
            14.4475136
          ],
          [
            79.9912016,
            14.4476077
          ],
          [
            79.9912546,
            14.4476568
          ]
        ]
      }
    },
    {
      "type": "Feature",
      "properties": {
        "id": "osm-way-279668404",
        "name": "Unnamed Road",
        "highway": "residential",
        "lanes": null,
        "width": 5.5,
        "type": "road"
      },
      "geometry": {
        "type": "LineString",
        "coordinates": [
          [
            79.9931179,
            14.4418415
          ],
          [
            79.9927868,
            14.4404609
          ]
        ]
      }
    },
    {
      "type": "Feature",
      "properties": {
        "id": "osm-way-279668405",
        "name": "Unnamed Road",
        "highway": "residential",
        "lanes": null,
        "width": 5.5,
        "type": "road"
      },
      "geometry": {
        "type": "LineString",
        "coordinates": [
          [
            79.9912682,
            14.4424833
          ],
          [
            79.9917316,
            14.4423447
          ],
          [
            79.9922663,
            14.4422221
          ],
          [
            79.9927625,
            14.4421101
          ],
          [
            79.9929516,
            14.4420143
          ],
          [
            79.9931179,
            14.4418415
          ],
          [
            79.9933623,
            14.4417097
          ],
          [
            79.99359,
            14.4416182
          ],
          [
            79.9937241,
            14.4415619
          ],
          [
            79.9937697,
            14.4415428
          ],
          [
            79.9942631,
            14.4413624
          ]
        ]
      }
    },
    {
      "type": "Feature",
      "properties": {
        "id": "osm-way-279668406",
        "name": "Unnamed Road",
        "highway": "residential",
        "lanes": null,
        "width": 5.5,
        "type": "road"
      },
      "geometry": {
        "type": "LineString",
        "coordinates": [
          [
            79.9927625,
            14.4421101
          ],
          [
            79.992677,
            14.4419292
          ],
          [
            79.992611,
            14.4417584
          ],
          [
            79.9925788,
            14.4415233
          ],
          [
            79.9925372,
            14.4411857
          ],
          [
            79.9924139,
            14.4406857
          ]
        ]
      }
    },
    {
      "type": "Feature",
      "properties": {
        "id": "osm-way-279668407",
        "name": "Unnamed Road",
        "highway": "residential",
        "lanes": null,
        "width": 5.5,
        "type": "road"
      },
      "geometry": {
        "type": "LineString",
        "coordinates": [
          [
            79.994392,
            14.4416883
          ],
          [
            79.9942631,
            14.4413624
          ],
          [
            79.9936851,
            14.4399011
          ]
        ]
      }
    },
    {
      "type": "Feature",
      "properties": {
        "id": "osm-way-279668408",
        "name": "Unnamed Road",
        "highway": "residential",
        "lanes": null,
        "width": 5.5,
        "type": "road"
      },
      "geometry": {
        "type": "LineString",
        "coordinates": [
          [
            79.9937697,
            14.4415428
          ],
          [
            79.9932182,
            14.4401934
          ]
        ]
      }
    },
    {
      "type": "Feature",
      "properties": {
        "id": "osm-way-279668422",
        "name": "Unnamed Road",
        "highway": "residential",
        "lanes": null,
        "width": 5.5,
        "type": "road"
      },
      "geometry": {
        "type": "LineString",
        "coordinates": [
          [
            79.9903527,
            14.4431609
          ],
          [
            79.9903709,
            14.4433513
          ],
          [
            79.9904228,
            14.4440982
          ]
        ]
      }
    },
    {
      "type": "Feature",
      "properties": {
        "id": "osm-way-279668454",
        "name": "Unnamed Road",
        "highway": "residential",
        "lanes": null,
        "width": 5.5,
        "type": "road"
      },
      "geometry": {
        "type": "LineString",
        "coordinates": [
          [
            79.9878132,
            14.4425352
          ],
          [
            79.9878224,
            14.4425834
          ],
          [
            79.9878569,
            14.4427652
          ],
          [
            79.9878678,
            14.4428028
          ],
          [
            79.9879362,
            14.4430384
          ],
          [
            79.9881335,
            14.4437179
          ]
        ]
      }
    },
    {
      "type": "Feature",
      "properties": {
        "id": "osm-way-279668456",
        "name": "Unnamed Road",
        "highway": "residential",
        "lanes": null,
        "width": 5.5,
        "type": "road"
      },
      "geometry": {
        "type": "LineString",
        "coordinates": [
          [
            79.9881132,
            14.4425157
          ],
          [
            79.9881328,
            14.4425858
          ],
          [
            79.9884248,
            14.4436386
          ]
        ]
      }
    },
    {
      "type": "Feature",
      "properties": {
        "id": "osm-way-279668457",
        "name": "Unnamed Road",
        "highway": "residential",
        "lanes": null,
        "width": 5.5,
        "type": "road"
      },
      "geometry": {
        "type": "LineString",
        "coordinates": [
          [
            79.9895163,
            14.4424407
          ],
          [
            79.9896923,
            14.4431794
          ],
          [
            79.9897166,
            14.4433949
          ]
        ]
      }
    },
    {
      "type": "Feature",
      "properties": {
        "id": "osm-way-279668507",
        "name": "Unnamed Road",
        "highway": "residential",
        "lanes": null,
        "width": 5.5,
        "type": "road"
      },
      "geometry": {
        "type": "LineString",
        "coordinates": [
          [
            79.9861388,
            14.4441823
          ],
          [
            79.9864255,
            14.4449614
          ],
          [
            79.9866257,
            14.4454684
          ],
          [
            79.987177,
            14.446904
          ],
          [
            79.9875496,
            14.4479634
          ],
          [
            79.9877903,
            14.4486678
          ],
          [
            79.9879398,
            14.4491053
          ],
          [
            79.9882719,
            14.4500771
          ],
          [
            79.9885051,
            14.4507014
          ]
        ]
      }
    },
    {
      "type": "Feature",
      "properties": {
        "id": "osm-way-279714135",
        "name": "Unnamed Road",
        "highway": "residential",
        "lanes": null,
        "width": 5.5,
        "type": "road"
      },
      "geometry": {
        "type": "LineString",
        "coordinates": [
          [
            79.9916158,
            14.4344947
          ],
          [
            79.9915768,
            14.4341753
          ],
          [
            79.9916123,
            14.4341438
          ],
          [
            79.9917827,
            14.4341264
          ],
          [
            79.9922169,
            14.4340819
          ],
          [
            79.9925344,
            14.4340494
          ],
          [
            79.9928128,
            14.4340086
          ],
          [
            79.9932762,
            14.4339406
          ],
          [
            79.9937283,
            14.4338777
          ],
          [
            79.9937565,
            14.434148
          ],
          [
            79.9937874,
            14.4344443
          ],
          [
            79.9938524,
            14.4348651
          ],
          [
            79.9939707,
            14.43524
          ],
          [
            79.9940257,
            14.4353194
          ],
          [
            79.9940672,
            14.4353645
          ]
        ]
      }
    },
    {
      "type": "Feature",
      "properties": {
        "id": "osm-way-279714137",
        "name": "Unnamed Road",
        "highway": "residential",
        "lanes": null,
        "width": 5.5,
        "type": "road"
      },
      "geometry": {
        "type": "LineString",
        "coordinates": [
          [
            79.9875526,
            14.4415936
          ],
          [
            79.9872246,
            14.4412579
          ],
          [
            79.9868586,
            14.4408838
          ],
          [
            79.9867634,
            14.4405075
          ],
          [
            79.9867162,
            14.4400587
          ],
          [
            79.9866093,
            14.4395921
          ],
          [
            79.9865531,
            14.4393567
          ],
          [
            79.9865025,
            14.4393528
          ],
          [
            79.9864128,
            14.438893
          ],
          [
            79.9872202,
            14.4387284
          ],
          [
            79.9876385,
            14.4386437
          ],
          [
            79.9879312,
            14.4385844
          ],
          [
            79.9879872,
            14.4389699
          ],
          [
            79.9879956,
            14.4390171
          ],
          [
            79.9880364,
            14.4392694
          ],
          [
            79.9880878,
            14.4394701
          ],
          [
            79.9881356,
            14.4396564
          ],
          [
            79.9883081,
            14.4403493
          ],
          [
            79.9881194,
            14.4405112
          ],
          [
            79.9884201,
            14.4408316
          ]
        ]
      }
    },
    {
      "type": "Feature",
      "properties": {
        "id": "osm-way-279714142",
        "name": "Unnamed Road",
        "highway": "residential",
        "lanes": null,
        "width": 5.5,
        "type": "road"
      },
      "geometry": {
        "type": "LineString",
        "coordinates": [
          [
            79.9878727,
            14.4380825
          ],
          [
            79.9876972,
            14.4371273
          ],
          [
            79.9877328,
            14.4371226
          ],
          [
            79.9881472,
            14.4370691
          ],
          [
            79.9885732,
            14.437014
          ],
          [
            79.9891208,
            14.4369344
          ],
          [
            79.9894591,
            14.4368994
          ],
          [
            79.989505,
            14.4368934
          ],
          [
            79.9899072,
            14.4368414
          ],
          [
            79.9902634,
            14.4367954
          ],
          [
            79.9902982,
            14.4367815
          ],
          [
            79.9903546,
            14.4367591
          ],
          [
            79.9904432,
            14.4374803
          ]
        ]
      }
    },
    {
      "type": "Feature",
      "properties": {
        "id": "osm-way-279714144",
        "name": "Unnamed Road",
        "highway": "residential",
        "lanes": null,
        "width": 5.5,
        "type": "road"
      },
      "geometry": {
        "type": "LineString",
        "coordinates": [
          [
            79.988382,
            14.4348684
          ],
          [
            79.9891131,
            14.434775
          ],
          [
            79.9893992,
            14.4347384
          ],
          [
            79.9895384,
            14.434718
          ],
          [
            79.9895876,
            14.4347108
          ],
          [
            79.9899438,
            14.4346584
          ],
          [
            79.990362,
            14.4346148
          ],
          [
            79.9908173,
            14.4345539
          ],
          [
            79.9913188,
            14.4345222
          ],
          [
            79.9916158,
            14.4344947
          ],
          [
            79.9927344,
            14.4344227
          ]
        ]
      }
    },
    {
      "type": "Feature",
      "properties": {
        "id": "osm-way-279714148",
        "name": "Unnamed Road",
        "highway": "residential",
        "lanes": null,
        "width": 5.5,
        "type": "road"
      },
      "geometry": {
        "type": "LineString",
        "coordinates": [
          [
            79.9899072,
            14.4368414
          ],
          [
            79.9900295,
            14.4376406
          ]
        ]
      }
    },
    {
      "type": "Feature",
      "properties": {
        "id": "osm-way-279714152",
        "name": "Unnamed Road",
        "highway": "residential",
        "lanes": null,
        "width": 5.5,
        "type": "road"
      },
      "geometry": {
        "type": "LineString",
        "coordinates": [
          [
            79.9872578,
            14.4368562
          ],
          [
            79.9872338,
            14.4347193
          ],
          [
            79.9873243,
            14.4335607
          ],
          [
            79.9873791,
            14.4329125
          ]
        ]
      }
    },
    {
      "type": "Feature",
      "properties": {
        "id": "osm-way-279714153",
        "name": "Unnamed Road",
        "highway": "residential",
        "lanes": null,
        "width": 5.5,
        "type": "road"
      },
      "geometry": {
        "type": "LineString",
        "coordinates": [
          [
            79.9879872,
            14.4389699
          ],
          [
            79.9885048,
            14.4388624
          ],
          [
            79.9891623,
            14.4387269
          ]
        ]
      }
    },
    {
      "type": "Feature",
      "properties": {
        "id": "osm-way-279714163",
        "name": "Unnamed Road",
        "highway": "residential",
        "lanes": null,
        "width": 5.5,
        "type": "road"
      },
      "geometry": {
        "type": "LineString",
        "coordinates": [
          [
            79.9856918,
            14.4378049
          ],
          [
            79.9865104,
            14.4376387
          ]
        ]
      }
    },
    {
      "type": "Feature",
      "properties": {
        "id": "osm-way-279714181",
        "name": "Unnamed Road",
        "highway": "residential",
        "lanes": null,
        "width": 5.5,
        "type": "road"
      },
      "geometry": {
        "type": "LineString",
        "coordinates": [
          [
            79.9872578,
            14.4368562
          ],
          [
            79.987263,
            14.4371739
          ],
          [
            79.9872863,
            14.4381664
          ]
        ]
      }
    },
    {
      "type": "Feature",
      "properties": {
        "id": "osm-way-279714185",
        "name": "Unnamed Road",
        "highway": "residential",
        "lanes": null,
        "width": 5.5,
        "type": "road"
      },
      "geometry": {
        "type": "LineString",
        "coordinates": [
          [
            79.9861352,
            14.4394327
          ],
          [
            79.9865531,
            14.4393567
          ],
          [
            79.9873322,
            14.4391756
          ],
          [
            79.9879956,
            14.4390171
          ]
        ]
      }
    },
    {
      "type": "Feature",
      "properties": {
        "id": "osm-way-279714186",
        "name": "Unnamed Road",
        "highway": "residential",
        "lanes": null,
        "width": 5.5,
        "type": "road"
      },
      "geometry": {
        "type": "LineString",
        "coordinates": [
          [
            79.9917827,
            14.4341264
          ],
          [
            79.991733,
            14.4333499
          ],
          [
            79.9917092,
            14.432969
          ],
          [
            79.9916868,
            14.4325871
          ],
          [
            79.992116,
            14.4325414
          ]
        ]
      }
    },
    {
      "type": "Feature",
      "properties": {
        "id": "osm-way-279714194",
        "name": "Unnamed Road",
        "highway": "residential",
        "lanes": null,
        "width": 5.5,
        "type": "road"
      },
      "geometry": {
        "type": "LineString",
        "coordinates": [
          [
            79.9896437,
            14.43905
          ],
          [
            79.989828,
            14.4390131
          ],
          [
            79.9897422,
            14.4384715
          ]
        ]
      }
    },
    {
      "type": "Feature",
      "properties": {
        "id": "osm-way-279714197",
        "name": "Unnamed Road",
        "highway": "residential",
        "lanes": null,
        "width": 5.5,
        "type": "road"
      },
      "geometry": {
        "type": "LineString",
        "coordinates": [
          [
            79.9867609,
            14.4358644
          ],
          [
            79.9867606,
            14.4364949
          ],
          [
            79.9867603,
            14.4368825
          ],
          [
            79.9854525,
            14.4369826
          ]
        ]
      }
    },
    {
      "type": "Feature",
      "properties": {
        "id": "osm-way-279714201",
        "name": "Unnamed Road",
        "highway": "residential",
        "lanes": null,
        "width": 5.5,
        "type": "road"
      },
      "geometry": {
        "type": "LineString",
        "coordinates": [
          [
            79.9922169,
            14.4340819
          ],
          [
            79.9921507,
            14.4333213
          ],
          [
            79.992116,
            14.4325414
          ],
          [
            79.9920969,
            14.4321071
          ],
          [
            79.9920772,
            14.4310422
          ],
          [
            79.9920166,
            14.4299555
          ]
        ]
      }
    },
    {
      "type": "Feature",
      "properties": {
        "id": "osm-way-279714203",
        "name": "Unnamed Road",
        "highway": "residential",
        "lanes": null,
        "width": 5.5,
        "type": "road"
      },
      "geometry": {
        "type": "LineString",
        "coordinates": [
          [
            79.9877328,
            14.4371226
          ],
          [
            79.9876742,
            14.4368504
          ],
          [
            79.9876487,
            14.4356842
          ],
          [
            79.9876282,
            14.4346602
          ]
        ]
      }
    },
    {
      "type": "Feature",
      "properties": {
        "id": "osm-way-279714210",
        "name": "Unnamed Road",
        "highway": "residential",
        "lanes": null,
        "width": 5.5,
        "type": "road"
      },
      "geometry": {
        "type": "LineString",
        "coordinates": [
          [
            79.9881194,
            14.4405112
          ],
          [
            79.9872246,
            14.4412579
          ],
          [
            79.9867643,
            14.4416051
          ]
        ]
      }
    },
    {
      "type": "Feature",
      "properties": {
        "id": "osm-way-279714212",
        "name": "Unnamed Road",
        "highway": "residential",
        "lanes": null,
        "width": 5.5,
        "type": "road"
      },
      "geometry": {
        "type": "LineString",
        "coordinates": [
          [
            79.9881472,
            14.4370691
          ],
          [
            79.9885048,
            14.4388624
          ],
          [
            79.9888856,
            14.4403629
          ]
        ]
      }
    },
    {
      "type": "Feature",
      "properties": {
        "id": "osm-way-279714214",
        "name": "Unnamed Road",
        "highway": "residential",
        "lanes": null,
        "width": 5.5,
        "type": "road"
      },
      "geometry": {
        "type": "LineString",
        "coordinates": [
          [
            79.9862225,
            14.4397141
          ],
          [
            79.9866093,
            14.4395921
          ],
          [
            79.9873962,
            14.4394103
          ],
          [
            79.9880364,
            14.4392694
          ]
        ]
      }
    },
    {
      "type": "Feature",
      "properties": {
        "id": "osm-way-279714215",
        "name": "Unnamed Road",
        "highway": "residential",
        "lanes": null,
        "width": 5.5,
        "type": "road"
      },
      "geometry": {
        "type": "LineString",
        "coordinates": [
          [
            79.9867162,
            14.4400587
          ],
          [
            79.9875001,
            14.4398398
          ],
          [
            79.9881356,
            14.4396564
          ]
        ]
      }
    },
    {
      "type": "Feature",
      "properties": {
        "id": "osm-way-279714216",
        "name": "Unnamed Road",
        "highway": "residential",
        "lanes": null,
        "width": 5.5,
        "type": "road"
      },
      "geometry": {
        "type": "LineString",
        "coordinates": [
          [
            79.9864414,
            14.4405595
          ],
          [
            79.9867634,
            14.4405075
          ],
          [
            79.9876029,
            14.4403413
          ],
          [
            79.9880184,
            14.4402552
          ],
          [
            79.9881194,
            14.4405112
          ]
        ]
      }
    },
    {
      "type": "Feature",
      "properties": {
        "id": "osm-way-279714219",
        "name": "Unnamed Road",
        "highway": "residential",
        "lanes": null,
        "width": 5.5,
        "type": "road"
      },
      "geometry": {
        "type": "LineString",
        "coordinates": [
          [
            79.9892549,
            14.435524
          ],
          [
            79.9896864,
            14.4355036
          ],
          [
            79.9900851,
            14.4354548
          ],
          [
            79.9900857,
            14.4354547
          ]
        ]
      }
    },
    {
      "type": "Feature",
      "properties": {
        "id": "osm-way-279714221",
        "name": "Unnamed Road",
        "highway": "residential",
        "lanes": null,
        "width": 5.5,
        "type": "road"
      },
      "geometry": {
        "type": "LineString",
        "coordinates": [
          [
            79.9895384,
            14.434718
          ],
          [
            79.9896864,
            14.4355036
          ],
          [
            79.9898093,
            14.436156
          ],
          [
            79.9899072,
            14.4368414
          ]
        ]
      }
    },
    {
      "type": "Feature",
      "properties": {
        "id": "osm-way-279714222",
        "name": "Unnamed Road",
        "highway": "residential",
        "lanes": null,
        "width": 5.5,
        "type": "road"
      },
      "geometry": {
        "type": "LineString",
        "coordinates": [
          [
            79.9880232,
            14.4346259
          ],
          [
            79.9883575,
            14.4345935
          ],
          [
            79.988382,
            14.4348684
          ],
          [
            79.9885732,
            14.437014
          ]
        ]
      }
    },
    {
      "type": "Feature",
      "properties": {
        "id": "osm-way-279714229",
        "name": "Unnamed Road",
        "highway": "residential",
        "lanes": null,
        "width": 5.5,
        "type": "road"
      },
      "geometry": {
        "type": "LineString",
        "coordinates": [
          [
            79.9918842,
            14.4364678
          ],
          [
            79.9918576,
            14.4354489
          ],
          [
            79.9914393,
            14.4355093
          ]
        ]
      }
    },
    {
      "type": "Feature",
      "properties": {
        "id": "osm-way-279714231",
        "name": "Unnamed Road",
        "highway": "residential",
        "lanes": null,
        "width": 5.5,
        "type": "road"
      },
      "geometry": {
        "type": "LineString",
        "coordinates": [
          [
            79.9858437,
            14.4384056
          ],
          [
            79.9861515,
            14.4383485
          ],
          [
            79.9867873,
            14.4382377
          ],
          [
            79.9872863,
            14.4381664
          ],
          [
            79.9875633,
            14.4380969
          ],
          [
            79.9876385,
            14.4386437
          ]
        ]
      }
    },
    {
      "type": "Feature",
      "properties": {
        "id": "osm-way-279714233",
        "name": "Unnamed Road",
        "highway": "residential",
        "lanes": null,
        "width": 5.5,
        "type": "road"
      },
      "geometry": {
        "type": "LineString",
        "coordinates": [
          [
            79.9902982,
            14.4367815
          ],
          [
            79.9902361,
            14.4363935
          ],
          [
            79.9900857,
            14.4354547
          ],
          [
            79.9900856,
            14.435454
          ],
          [
            79.9900486,
            14.4352538
          ],
          [
            79.9900224,
            14.4350538
          ],
          [
            79.9899438,
            14.4346584
          ]
        ]
      }
    },
    {
      "type": "Feature",
      "properties": {
        "id": "osm-way-279714234",
        "name": "Unnamed Road",
        "highway": "residential",
        "lanes": null,
        "width": 5.5,
        "type": "road"
      },
      "geometry": {
        "type": "LineString",
        "coordinates": [
          [
            79.9891131,
            14.434775
          ],
          [
            79.9892549,
            14.435524
          ],
          [
            79.989291,
            14.4357149
          ],
          [
            79.9894591,
            14.4368994
          ]
        ]
      }
    },
    {
      "type": "Feature",
      "properties": {
        "id": "osm-way-279714251",
        "name": "Unnamed Road",
        "highway": "residential",
        "lanes": null,
        "width": 5.5,
        "type": "road"
      },
      "geometry": {
        "type": "LineString",
        "coordinates": [
          [
            79.9908173,
            14.4345539
          ],
          [
            79.9909208,
            14.4359709
          ],
          [
            79.9909769,
            14.436529
          ],
          [
            79.991064,
            14.437556
          ],
          [
            79.991066,
            14.4375791
          ],
          [
            79.9910366,
            14.4381671
          ],
          [
            79.9911097,
            14.4382332
          ]
        ]
      }
    },
    {
      "type": "Feature",
      "properties": {
        "id": "osm-way-279714259",
        "name": "Unnamed Road",
        "highway": "residential",
        "lanes": null,
        "width": 5.5,
        "type": "road"
      },
      "geometry": {
        "type": "LineString",
        "coordinates": [
          [
            79.9888396,
            14.4336167
          ],
          [
            79.9902426,
            14.4334631
          ],
          [
            79.9906737,
            14.4334309
          ],
          [
            79.991079,
            14.4334006
          ],
          [
            79.9914685,
            14.4333714
          ],
          [
            79.9915118,
            14.4333682
          ],
          [
            79.991733,
            14.4333499
          ],
          [
            79.9921507,
            14.4333213
          ],
          [
            79.9926028,
            14.4332881
          ],
          [
            79.992954,
            14.4332623
          ]
        ]
      }
    },
    {
      "type": "Feature",
      "properties": {
        "id": "osm-way-279714264",
        "name": "Unnamed Road",
        "highway": "residential",
        "lanes": null,
        "width": 5.5,
        "type": "road"
      },
      "geometry": {
        "type": "LineString",
        "coordinates": [
          [
            79.989505,
            14.4368934
          ],
          [
            79.9896429,
            14.4379215
          ],
          [
            79.9897422,
            14.4384715
          ],
          [
            79.9893587,
            14.4385124
          ],
          [
            79.9894382,
            14.439071
          ],
          [
            79.9896437,
            14.43905
          ],
          [
            79.9897095,
            14.4395159
          ]
        ]
      }
    },
    {
      "type": "Feature",
      "properties": {
        "id": "osm-way-279714271",
        "name": "Unnamed Road",
        "highway": "residential",
        "lanes": null,
        "width": 5.5,
        "type": "road"
      },
      "geometry": {
        "type": "LineString",
        "coordinates": [
          [
            79.9867603,
            14.4368825
          ],
          [
            79.9872578,
            14.4368562
          ],
          [
            79.9876742,
            14.4368504
          ],
          [
            79.988064,
            14.4368321
          ],
          [
            79.9880311,
            14.435661
          ],
          [
            79.9880232,
            14.4346259
          ],
          [
            79.9876698,
            14.4346566
          ],
          [
            79.9876282,
            14.4346602
          ],
          [
            79.9872338,
            14.4347193
          ],
          [
            79.9868502,
            14.4347911
          ],
          [
            79.9868237,
            14.4347961
          ],
          [
            79.9867459,
            14.4348357
          ],
          [
            79.9867526,
            14.4357106
          ]
        ]
      }
    },
    {
      "type": "Feature",
      "properties": {
        "id": "osm-way-279714275",
        "name": "Unnamed Road",
        "highway": "residential",
        "lanes": null,
        "width": 5.5,
        "type": "road"
      },
      "geometry": {
        "type": "LineString",
        "coordinates": [
          [
            79.9891208,
            14.4369344
          ],
          [
            79.9891408,
            14.437162
          ],
          [
            79.9892022,
            14.4379351
          ],
          [
            79.9892422,
            14.4379825
          ],
          [
            79.9892801,
            14.4387397
          ],
          [
            79.9893247,
            14.4393178
          ],
          [
            79.9893711,
            14.4395782
          ],
          [
            79.9894929,
            14.4397246
          ]
        ]
      }
    },
    {
      "type": "Feature",
      "properties": {
        "id": "osm-way-279944633",
        "name": "Unnamed Road",
        "highway": "residential",
        "lanes": null,
        "width": 5.5,
        "type": "road"
      },
      "geometry": {
        "type": "LineString",
        "coordinates": [
          [
            79.9770192,
            14.4471436
          ],
          [
            79.9770637,
            14.4472528
          ],
          [
            79.976945,
            14.44741
          ],
          [
            79.9767956,
            14.4476042
          ],
          [
            79.9766009,
            14.4477987
          ],
          [
            79.9763696,
            14.4479389
          ],
          [
            79.9762079,
            14.4480072
          ]
        ]
      }
    },
    {
      "type": "Feature",
      "properties": {
        "id": "osm-way-279944657",
        "name": "Unnamed Road",
        "highway": "residential",
        "lanes": null,
        "width": 5.5,
        "type": "road"
      },
      "geometry": {
        "type": "LineString",
        "coordinates": [
          [
            79.9840027,
            14.4491855
          ],
          [
            79.9839213,
            14.4489324
          ]
        ]
      }
    },
    {
      "type": "Feature",
      "properties": {
        "id": "osm-way-279944681",
        "name": "Unnamed Road",
        "highway": "residential",
        "lanes": null,
        "width": 5.5,
        "type": "road"
      },
      "geometry": {
        "type": "LineString",
        "coordinates": [
          [
            79.9855567,
            14.4519493
          ],
          [
            79.9854325,
            14.4514938
          ]
        ]
      }
    },
    {
      "type": "Feature",
      "properties": {
        "id": "osm-way-279944684",
        "name": "Unnamed Road",
        "highway": "residential",
        "lanes": null,
        "width": 5.5,
        "type": "road"
      },
      "geometry": {
        "type": "LineString",
        "coordinates": [
          [
            79.9832942,
            14.4493792
          ],
          [
            79.9840027,
            14.4491855
          ],
          [
            79.9841258,
            14.4496439
          ]
        ]
      }
    },
    {
      "type": "Feature",
      "properties": {
        "id": "osm-way-279944691",
        "name": "Unnamed Road",
        "highway": "residential",
        "lanes": null,
        "width": 5.5,
        "type": "road"
      },
      "geometry": {
        "type": "LineString",
        "coordinates": [
          [
            79.983439,
            14.449859
          ],
          [
            79.9832942,
            14.4493792
          ],
          [
            79.9832253,
            14.4491511
          ]
        ]
      }
    },
    {
      "type": "Feature",
      "properties": {
        "id": "osm-way-279944697",
        "name": "Unnamed Road",
        "highway": "residential",
        "lanes": null,
        "width": 5.5,
        "type": "road"
      },
      "geometry": {
        "type": "LineString",
        "coordinates": [
          [
            79.9861416,
            14.4531792
          ],
          [
            79.9861471,
            14.4537681
          ],
          [
            79.9861935,
            14.4542213
          ]
        ]
      }
    },
    {
      "type": "Feature",
      "properties": {
        "id": "osm-way-279944707",
        "name": "Unnamed Road",
        "highway": "residential",
        "lanes": null,
        "width": 5.5,
        "type": "road"
      },
      "geometry": {
        "type": "LineString",
        "coordinates": [
          [
            79.9842016,
            14.4499005
          ],
          [
            79.9843432,
            14.4504291
          ],
          [
            79.9840636,
            14.4504873
          ]
        ]
      }
    },
    {
      "type": "Feature",
      "properties": {
        "id": "osm-way-279944714",
        "name": "Unnamed Road",
        "highway": "residential",
        "lanes": null,
        "width": 5.5,
        "type": "road"
      },
      "geometry": {
        "type": "LineString",
        "coordinates": [
          [
            79.9869008,
            14.4528496
          ],
          [
            79.9868926,
            14.4536376
          ],
          [
            79.9868495,
            14.4539309
          ],
          [
            79.9868131,
            14.4541947
          ]
        ]
      }
    },
    {
      "type": "Feature",
      "properties": {
        "id": "osm-way-279944722",
        "name": "Unnamed Road",
        "highway": "residential",
        "lanes": null,
        "width": 5.5,
        "type": "road"
      },
      "geometry": {
        "type": "LineString",
        "coordinates": [
          [
            79.9828833,
            14.4530747
          ],
          [
            79.9828217,
            14.4525106
          ]
        ]
      }
    },
    {
      "type": "Feature",
      "properties": {
        "id": "osm-way-279944724",
        "name": "Unnamed Road",
        "highway": "residential",
        "lanes": null,
        "width": 5.5,
        "type": "road"
      },
      "geometry": {
        "type": "LineString",
        "coordinates": [
          [
            79.9823066,
            14.4477969
          ],
          [
            79.9822317,
            14.447872
          ],
          [
            79.9819493,
            14.4480102
          ],
          [
            79.9816202,
            14.4481674
          ],
          [
            79.9814527,
            14.4481748
          ]
        ]
      }
    },
    {
      "type": "Feature",
      "properties": {
        "id": "osm-way-279944726",
        "name": "Unnamed Road",
        "highway": "residential",
        "lanes": null,
        "width": 5.5,
        "type": "road"
      },
      "geometry": {
        "type": "LineString",
        "coordinates": [
          [
            79.9821558,
            14.4490085
          ],
          [
            79.9820512,
            14.4484903
          ],
          [
            79.9817498,
            14.44858
          ],
          [
            79.9813475,
            14.4487302
          ],
          [
            79.9810668,
            14.4488367
          ],
          [
            79.9805255,
            14.448971
          ]
        ]
      }
    },
    {
      "type": "Feature",
      "properties": {
        "id": "osm-way-279944729",
        "name": "Unnamed Road",
        "highway": "residential",
        "lanes": null,
        "width": 5.5,
        "type": "road"
      },
      "geometry": {
        "type": "LineString",
        "coordinates": [
          [
            79.9864284,
            14.4511505
          ],
          [
            79.9859817,
            14.4513356
          ],
          [
            79.9855059,
            14.4514744
          ],
          [
            79.9854325,
            14.4514938
          ],
          [
            79.9850833,
            14.451586
          ]
        ]
      }
    },
    {
      "type": "Feature",
      "properties": {
        "id": "osm-way-279944734",
        "name": "Unnamed Road",
        "highway": "residential",
        "lanes": null,
        "width": 5.5,
        "type": "road"
      },
      "geometry": {
        "type": "LineString",
        "coordinates": [
          [
            79.9806267,
            14.4494662
          ],
          [
            79.9811,
            14.4493867
          ],
          [
            79.9816021,
            14.4492167
          ]
        ]
      }
    },
    {
      "type": "Feature",
      "properties": {
        "id": "osm-way-279944739",
        "name": "Unnamed Road",
        "highway": "residential",
        "lanes": null,
        "width": 5.5,
        "type": "road"
      },
      "geometry": {
        "type": "LineString",
        "coordinates": [
          [
            79.9832352,
            14.4526124
          ],
          [
            79.984068,
            14.452468
          ]
        ]
      }
    },
    {
      "type": "Feature",
      "properties": {
        "id": "osm-way-279944743",
        "name": "Unnamed Road",
        "highway": "residential",
        "lanes": null,
        "width": 5.5,
        "type": "road"
      },
      "geometry": {
        "type": "LineString",
        "coordinates": [
          [
            79.9836172,
            14.4502215
          ],
          [
            79.9838045,
            14.4501696
          ],
          [
            79.983886,
            14.4501453
          ],
          [
            79.9841807,
            14.4498984
          ],
          [
            79.9842016,
            14.4499005
          ]
        ]
      }
    },
    {
      "type": "Feature",
      "properties": {
        "id": "osm-way-279944760",
        "name": "Unnamed Road",
        "highway": "residential",
        "lanes": null,
        "width": 5.5,
        "type": "road"
      },
      "geometry": {
        "type": "LineString",
        "coordinates": [
          [
            79.9843934,
            14.4507346
          ],
          [
            79.9844703,
            14.4508166
          ],
          [
            79.9846001,
            14.4511238
          ],
          [
            79.9852842,
            14.4509693
          ],
          [
            79.9857364,
            14.4508763
          ],
          [
            79.9862425,
            14.4507026
          ]
        ]
      }
    },
    {
      "type": "Feature",
      "properties": {
        "id": "osm-way-279944761",
        "name": "Rayaji Street",
        "highway": "residential",
        "lanes": null,
        "width": 5.5,
        "type": "road"
      },
      "geometry": {
        "type": "LineString",
        "coordinates": [
          [
            79.9811131,
            14.451475
          ],
          [
            79.9815646,
            14.4514309
          ],
          [
            79.9821876,
            14.4513316
          ],
          [
            79.9827587,
            14.4513406
          ],
          [
            79.9834021,
            14.4513448
          ],
          [
            79.9835085,
            14.4513752
          ],
          [
            79.9836786,
            14.4514849
          ]
        ]
      }
    },
    {
      "type": "Feature",
      "properties": {
        "id": "osm-way-279944765",
        "name": "Unnamed Road",
        "highway": "residential",
        "lanes": null,
        "width": 5.5,
        "type": "road"
      },
      "geometry": {
        "type": "LineString",
        "coordinates": [
          [
            79.9829066,
            14.4492503
          ],
          [
            79.9832253,
            14.4491511
          ],
          [
            79.9839213,
            14.4489324
          ],
          [
            79.9840111,
            14.4489042
          ],
          [
            79.9847049,
            14.4486937
          ],
          [
            79.9852896,
            14.4485051
          ]
        ]
      }
    },
    {
      "type": "Feature",
      "properties": {
        "id": "osm-way-279944766",
        "name": "Unnamed Road",
        "highway": "residential",
        "lanes": null,
        "width": 5.5,
        "type": "road"
      },
      "geometry": {
        "type": "LineString",
        "coordinates": [
          [
            79.9834713,
            14.4498489
          ],
          [
            79.9836172,
            14.4502215
          ],
          [
            79.9836896,
            14.4504064
          ],
          [
            79.9838296,
            14.4507524
          ],
          [
            79.9839127,
            14.4509896
          ],
          [
            79.9836563,
            14.4510817
          ]
        ]
      }
    },
    {
      "type": "Feature",
      "properties": {
        "id": "osm-way-279944769",
        "name": "Unnamed Road",
        "highway": "residential",
        "lanes": null,
        "width": 5.5,
        "type": "road"
      },
      "geometry": {
        "type": "LineString",
        "coordinates": [
          [
            79.9857575,
            14.449611
          ],
          [
            79.98505,
            14.449862
          ],
          [
            79.984793,
            14.4499045
          ],
          [
            79.9846216,
            14.4498559
          ],
          [
            79.9843458,
            14.449858
          ],
          [
            79.9842016,
            14.4499005
          ]
        ]
      }
    },
    {
      "type": "Feature",
      "properties": {
        "id": "osm-way-279944773",
        "name": "Unnamed Road",
        "highway": "residential",
        "lanes": null,
        "width": 5.5,
        "type": "road"
      },
      "geometry": {
        "type": "LineString",
        "coordinates": [
          [
            79.9839214,
            14.4519593
          ],
          [
            79.9831535,
            14.4521553
          ],
          [
            79.9832352,
            14.4526124
          ]
        ]
      }
    },
    {
      "type": "Feature",
      "properties": {
        "id": "osm-way-279944780",
        "name": "Unnamed Road",
        "highway": "residential",
        "lanes": null,
        "width": 5.5,
        "type": "road"
      },
      "geometry": {
        "type": "LineString",
        "coordinates": [
          [
            79.9812299,
            14.4520465
          ],
          [
            79.9825453,
            14.4518852
          ],
          [
            79.9827531,
            14.4518663
          ],
          [
            79.9827587,
            14.4513406
          ]
        ]
      }
    },
    {
      "type": "Feature",
      "properties": {
        "id": "osm-way-279944783",
        "name": "Unnamed Road",
        "highway": "residential",
        "lanes": null,
        "width": 5.5,
        "type": "road"
      },
      "geometry": {
        "type": "LineString",
        "coordinates": [
          [
            79.9839127,
            14.4509896
          ],
          [
            79.9843328,
            14.4508358
          ],
          [
            79.9843934,
            14.4507346
          ],
          [
            79.9843432,
            14.4504291
          ],
          [
            79.9847403,
            14.4503562
          ],
          [
            79.9853233,
            14.450257
          ],
          [
            79.9859914,
            14.4501183
          ]
        ]
      }
    },
    {
      "type": "Feature",
      "properties": {
        "id": "osm-way-279944786",
        "name": "Unnamed Road",
        "highway": "residential",
        "lanes": null,
        "width": 5.5,
        "type": "road"
      },
      "geometry": {
        "type": "LineString",
        "coordinates": [
          [
            79.9815842,
            14.450465
          ],
          [
            79.9817675,
            14.4504277
          ],
          [
            79.982131,
            14.4502818
          ],
          [
            79.9823379,
            14.4502246
          ],
          [
            79.982592,
            14.4501845
          ],
          [
            79.9822904,
            14.4494401
          ]
        ]
      }
    },
    {
      "type": "Feature",
      "properties": {
        "id": "osm-way-279944792",
        "name": "Unnamed Road",
        "highway": "residential",
        "lanes": null,
        "width": 5.5,
        "type": "road"
      },
      "geometry": {
        "type": "LineString",
        "coordinates": [
          [
            79.9827587,
            14.4513406
          ],
          [
            79.9827309,
            14.4511661
          ],
          [
            79.9826728,
            14.4505148
          ],
          [
            79.9826629,
            14.4504049
          ],
          [
            79.982592,
            14.4501845
          ],
          [
            79.9826689,
            14.4500843
          ],
          [
            79.9829362,
            14.4500016
          ],
          [
            79.9830371,
            14.4499569
          ]
        ]
      }
    },
    {
      "type": "Feature",
      "properties": {
        "id": "osm-way-279944802",
        "name": "Unnamed Road",
        "highway": "residential",
        "lanes": null,
        "width": 5.5,
        "type": "road"
      },
      "geometry": {
        "type": "LineString",
        "coordinates": [
          [
            79.9855355,
            14.449079
          ],
          [
            79.9849034,
            14.4493514
          ],
          [
            79.9841553,
            14.4496347
          ],
          [
            79.9841258,
            14.4496439
          ],
          [
            79.9834713,
            14.4498489
          ],
          [
            79.983439,
            14.449859
          ],
          [
            79.9833152,
            14.4498978
          ],
          [
            79.9831625,
            14.4499363
          ]
        ]
      }
    },
    {
      "type": "Feature",
      "properties": {
        "id": "osm-way-279944807",
        "name": "Unnamed Road",
        "highway": "residential",
        "lanes": null,
        "width": 5.5,
        "type": "road"
      },
      "geometry": {
        "type": "LineString",
        "coordinates": [
          [
            79.9826522,
            14.4488498
          ],
          [
            79.9826068,
            14.4488709
          ],
          [
            79.9825471,
            14.448887
          ],
          [
            79.9821558,
            14.4490085
          ],
          [
            79.9819116,
            14.4490938
          ],
          [
            79.9816021,
            14.4492167
          ],
          [
            79.9815575,
            14.4496286
          ],
          [
            79.9815375,
            14.4498124
          ],
          [
            79.9815488,
            14.4502292
          ],
          [
            79.9815842,
            14.450465
          ],
          [
            79.9809702,
            14.4507184
          ]
        ]
      }
    },
    {
      "type": "Feature",
      "properties": {
        "id": "osm-way-279944809",
        "name": "Unnamed Road",
        "highway": "residential",
        "lanes": null,
        "width": 5.5,
        "type": "road"
      },
      "geometry": {
        "type": "LineString",
        "coordinates": [
          [
            79.983973,
            14.4529179
          ],
          [
            79.9833668,
            14.4530191
          ],
          [
            79.9830511,
            14.4530996
          ],
          [
            79.9831555,
            14.4534965
          ],
          [
            79.9838601,
            14.4534892
          ],
          [
            79.9842239,
            14.453331
          ],
          [
            79.9846406,
            14.4532165
          ],
          [
            79.9847194,
            14.4532149
          ]
        ]
      }
    },
    {
      "type": "Feature",
      "properties": {
        "id": "osm-way-279946438",
        "name": "Unnamed Road",
        "highway": "residential",
        "lanes": null,
        "width": 5.5,
        "type": "road"
      },
      "geometry": {
        "type": "LineString",
        "coordinates": [
          [
            79.9877429,
            14.4425112
          ],
          [
            79.9878528,
            14.4420519
          ],
          [
            79.9879688,
            14.4418432
          ],
          [
            79.988158,
            14.4416522
          ],
          [
            79.9884054,
            14.4414154
          ],
          [
            79.9888236,
            14.4410738
          ],
          [
            79.9895101,
            14.4404357
          ],
          [
            79.990199,
            14.4397619
          ],
          [
            79.990815,
            14.439146
          ],
          [
            79.9914414,
            14.4385423
          ],
          [
            79.9916814,
            14.4383338
          ],
          [
            79.9928475,
            14.4372708
          ],
          [
            79.9932349,
            14.4368345
          ]
        ]
      }
    },
    {
      "type": "Feature",
      "properties": {
        "id": "osm-way-279946443",
        "name": "Unnamed Road",
        "highway": "residential",
        "lanes": null,
        "width": 5.5,
        "type": "road"
      },
      "geometry": {
        "type": "LineString",
        "coordinates": [
          [
            79.9851003,
            14.4357127
          ],
          [
            79.9852309,
            14.4361174
          ],
          [
            79.9853737,
            14.4367056
          ],
          [
            79.9854525,
            14.4369826
          ],
          [
            79.985574,
            14.4373539
          ],
          [
            79.9856918,
            14.4378049
          ],
          [
            79.9858145,
            14.4381907
          ],
          [
            79.9858437,
            14.4384056
          ],
          [
            79.9860116,
            14.4389758
          ],
          [
            79.9861352,
            14.4394327
          ],
          [
            79.9862225,
            14.4397141
          ],
          [
            79.9863498,
            14.4401172
          ],
          [
            79.9864414,
            14.4405595
          ],
          [
            79.9866523,
            14.4412152
          ],
          [
            79.9867643,
            14.4416051
          ],
          [
            79.9869325,
            14.442191
          ]
        ]
      }
    },
    {
      "type": "Feature",
      "properties": {
        "id": "osm-way-279946444",
        "name": "Unnamed Road",
        "highway": "residential",
        "lanes": null,
        "width": 5.5,
        "type": "road"
      },
      "geometry": {
        "type": "LineString",
        "coordinates": [
          [
            79.991471,
            14.4372259
          ],
          [
            79.9914644,
            14.436513
          ],
          [
            79.9914393,
            14.4355093
          ],
          [
            79.9913188,
            14.4345222
          ]
        ]
      }
    },
    {
      "type": "Feature",
      "properties": {
        "id": "osm-way-279946449",
        "name": "Unnamed Road",
        "highway": "residential",
        "lanes": null,
        "width": 5.5,
        "type": "road"
      },
      "geometry": {
        "type": "LineString",
        "coordinates": [
          [
            79.9878727,
            14.4380825
          ],
          [
            79.9879312,
            14.4385844
          ]
        ]
      }
    },
    {
      "type": "Feature",
      "properties": {
        "id": "osm-way-279946450",
        "name": "Unnamed Road",
        "highway": "residential",
        "lanes": null,
        "width": 5.5,
        "type": "road"
      },
      "geometry": {
        "type": "LineString",
        "coordinates": [
          [
            79.9853737,
            14.4367056
          ],
          [
            79.9858572,
            14.4365817
          ],
          [
            79.9862113,
            14.4365401
          ],
          [
            79.9865439,
            14.4365037
          ],
          [
            79.9867606,
            14.4364949
          ]
        ]
      }
    },
    {
      "type": "Feature",
      "properties": {
        "id": "osm-way-279946452",
        "name": "Unnamed Road",
        "highway": "residential",
        "lanes": null,
        "width": 5.5,
        "type": "road"
      },
      "geometry": {
        "type": "LineString",
        "coordinates": [
          [
            79.9867696,
            14.4372747
          ],
          [
            79.985574,
            14.4373539
          ]
        ]
      }
    },
    {
      "type": "Feature",
      "properties": {
        "id": "osm-way-279946453",
        "name": "Unnamed Road",
        "highway": "residential",
        "lanes": null,
        "width": 5.5,
        "type": "road"
      },
      "geometry": {
        "type": "LineString",
        "coordinates": [
          [
            79.9851003,
            14.4357127
          ],
          [
            79.9854987,
            14.4357349
          ],
          [
            79.9857829,
            14.4358078
          ],
          [
            79.9859836,
            14.4358482
          ],
          [
            79.9861173,
            14.435832
          ],
          [
            79.9861357,
            14.4358255
          ],
          [
            79.9863932,
            14.4357349
          ],
          [
            79.9867526,
            14.4357106
          ]
        ]
      }
    },
    {
      "type": "Feature",
      "properties": {
        "id": "osm-way-279946454",
        "name": "Unnamed Road",
        "highway": "residential",
        "lanes": null,
        "width": 5.5,
        "type": "road"
      },
      "geometry": {
        "type": "LineString",
        "coordinates": [
          [
            79.9866056,
            14.4361609
          ],
          [
            79.9852309,
            14.4361174
          ]
        ]
      }
    },
    {
      "type": "Feature",
      "properties": {
        "id": "osm-way-279946457",
        "name": "Unnamed Road",
        "highway": "residential",
        "lanes": null,
        "width": 5.5,
        "type": "road"
      },
      "geometry": {
        "type": "LineString",
        "coordinates": [
          [
            79.9866077,
            14.4380107
          ],
          [
            79.9858145,
            14.4381907
          ]
        ]
      }
    },
    {
      "type": "Feature",
      "properties": {
        "id": "osm-way-279946458",
        "name": "Unnamed Road",
        "highway": "residential",
        "lanes": null,
        "width": 5.5,
        "type": "road"
      },
      "geometry": {
        "type": "LineString",
        "coordinates": [
          [
            79.9867873,
            14.4382377
          ],
          [
            79.9867696,
            14.4372747
          ],
          [
            79.9867603,
            14.4368825
          ]
        ]
      }
    },
    {
      "type": "Feature",
      "properties": {
        "id": "osm-way-279952188",
        "name": "Unnamed Road",
        "highway": "tertiary",
        "lanes": null,
        "width": 6.5,
        "type": "road"
      },
      "geometry": {
        "type": "LineString",
        "coordinates": [
          [
            79.9924821,
            14.4367642
          ],
          [
            79.9924339,
            14.4365823
          ],
          [
            79.9924575,
            14.4360843
          ],
          [
            79.9924959,
            14.4359441
          ],
          [
            79.9925276,
            14.4356871
          ],
          [
            79.992555,
            14.4351341
          ],
          [
            79.9927344,
            14.4344227
          ],
          [
            79.9928128,
            14.4340086
          ],
          [
            79.992954,
            14.4332623
          ],
          [
            79.9931431,
            14.4322872
          ],
          [
            79.9931727,
            14.4320545
          ],
          [
            79.9932141,
            14.4316252
          ],
          [
            79.9933265,
            14.4308948
          ],
          [
            79.9933559,
            14.4307036
          ],
          [
            79.9934881,
            14.4300358
          ],
          [
            79.993574,
            14.4292592
          ],
          [
            79.9934248,
            14.4288009
          ]
        ]
      }
    },
    {
      "type": "Feature",
      "properties": {
        "id": "osm-way-279952189",
        "name": "Unnamed Road",
        "highway": "residential",
        "lanes": null,
        "width": 5.5,
        "type": "road"
      },
      "geometry": {
        "type": "LineString",
        "coordinates": [
          [
            79.9901536,
            14.4322726
          ],
          [
            79.9902276,
            14.4330438
          ],
          [
            79.9902426,
            14.4334631
          ],
          [
            79.9902892,
            14.4339126
          ],
          [
            79.990362,
            14.4346148
          ],
          [
            79.9904479,
            14.4357208
          ]
        ]
      }
    },
    {
      "type": "Feature",
      "properties": {
        "id": "osm-way-279952191",
        "name": "Unnamed Road",
        "highway": "residential",
        "lanes": null,
        "width": 5.5,
        "type": "road"
      },
      "geometry": {
        "type": "LineString",
        "coordinates": [
          [
            79.9909769,
            14.436529
          ],
          [
            79.9914644,
            14.436513
          ],
          [
            79.9918842,
            14.4364678
          ],
          [
            79.9919806,
            14.437262
          ]
        ]
      }
    },
    {
      "type": "Feature",
      "properties": {
        "id": "osm-way-279957060",
        "name": "Unnamed Road",
        "highway": "residential",
        "lanes": null,
        "width": 5.5,
        "type": "road"
      },
      "geometry": {
        "type": "LineString",
        "coordinates": [
          [
            79.9904691,
            14.4399766
          ],
          [
            79.9914699,
            14.4394085
          ],
          [
            79.9918929,
            14.4391496
          ],
          [
            79.9920986,
            14.4392155
          ],
          [
            79.9922957,
            14.4396034
          ],
          [
            79.9927188,
            14.4404359
          ]
        ]
      }
    },
    {
      "type": "Feature",
      "properties": {
        "id": "osm-way-279957061",
        "name": "Unnamed Road",
        "highway": "residential",
        "lanes": null,
        "width": 5.5,
        "type": "road"
      },
      "geometry": {
        "type": "LineString",
        "coordinates": [
          [
            79.9918929,
            14.4391496
          ],
          [
            79.9914414,
            14.4385423
          ]
        ]
      }
    },
    {
      "type": "Feature",
      "properties": {
        "id": "osm-way-279957062",
        "name": "Unnamed Road",
        "highway": "residential",
        "lanes": null,
        "width": 5.5,
        "type": "road"
      },
      "geometry": {
        "type": "LineString",
        "coordinates": [
          [
            79.9911974,
            14.438987
          ],
          [
            79.9914699,
            14.4394085
          ],
          [
            79.991733,
            14.4398245
          ],
          [
            79.9921952,
            14.4405556
          ],
          [
            79.9922141,
            14.4406037
          ],
          [
            79.9922541,
            14.4407057
          ]
        ]
      }
    },
    {
      "type": "Feature",
      "properties": {
        "id": "osm-way-279957479",
        "name": "Unnamed Road",
        "highway": "residential",
        "lanes": null,
        "width": 5.5,
        "type": "road"
      },
      "geometry": {
        "type": "LineString",
        "coordinates": [
          [
            79.9852022,
            14.4454238
          ],
          [
            79.9854275,
            14.4459152
          ]
        ]
      }
    },
    {
      "type": "Feature",
      "properties": {
        "id": "osm-way-279957480",
        "name": "Unnamed Road",
        "highway": "residential",
        "lanes": null,
        "width": 5.5,
        "type": "road"
      },
      "geometry": {
        "type": "LineString",
        "coordinates": [
          [
            79.9848722,
            14.4444974
          ],
          [
            79.9852928,
            14.4453667
          ]
        ]
      }
    },
    {
      "type": "Feature",
      "properties": {
        "id": "osm-way-279957481",
        "name": "Unnamed Road",
        "highway": "residential",
        "lanes": null,
        "width": 5.5,
        "type": "road"
      },
      "geometry": {
        "type": "LineString",
        "coordinates": [
          [
            79.9847979,
            14.4456784
          ],
          [
            79.9843709,
            14.4448419
          ]
        ]
      }
    },
    {
      "type": "Feature",
      "properties": {
        "id": "osm-way-279957483",
        "name": "Unnamed Road",
        "highway": "residential",
        "lanes": null,
        "width": 5.5,
        "type": "road"
      },
      "geometry": {
        "type": "LineString",
        "coordinates": [
          [
            79.986131,
            14.4438994
          ],
          [
            79.9848722,
            14.4444974
          ],
          [
            79.9846017,
            14.4446236
          ],
          [
            79.9846295,
            14.4445414
          ],
          [
            79.9847068,
            14.4444542
          ],
          [
            79.9848255,
            14.4443201
          ],
          [
            79.9848154,
            14.4442664
          ]
        ]
      }
    },
    {
      "type": "Feature",
      "properties": {
        "id": "osm-way-279957484",
        "name": "Unnamed Road",
        "highway": "residential",
        "lanes": null,
        "width": 5.5,
        "type": "road"
      },
      "geometry": {
        "type": "LineString",
        "coordinates": [
          [
            79.9890141,
            14.444005
          ],
          [
            79.9890569,
            14.4441983
          ],
          [
            79.9891542,
            14.4446374
          ],
          [
            79.9892423,
            14.4450675
          ],
          [
            79.9893039,
            14.4453403
          ],
          [
            79.9893576,
            14.4458519
          ],
          [
            79.9894059,
            14.445961
          ],
          [
            79.9894314,
            14.4460221
          ]
        ]
      }
    },
    {
      "type": "Feature",
      "properties": {
        "id": "osm-way-279962558",
        "name": "Unnamed Road",
        "highway": "residential",
        "lanes": null,
        "width": 5.5,
        "type": "road"
      },
      "geometry": {
        "type": "LineString",
        "coordinates": [
          [
            79.9804943,
            14.4456996
          ],
          [
            79.9802936,
            14.4448262
          ],
          [
            79.9802611,
            14.4446831
          ],
          [
            79.9803168,
            14.4445824
          ],
          [
            79.9804266,
            14.4445285
          ],
          [
            79.9805257,
            14.4444808
          ],
          [
            79.9814049,
            14.4441565
          ],
          [
            79.9821608,
            14.4439358
          ],
          [
            79.9826668,
            14.4438083
          ]
        ]
      }
    },
    {
      "type": "Feature",
      "properties": {
        "id": "osm-way-279962568",
        "name": "Unnamed Road",
        "highway": "residential",
        "lanes": null,
        "width": 5.5,
        "type": "road"
      },
      "geometry": {
        "type": "LineString",
        "coordinates": [
          [
            79.9856885,
            14.440383
          ],
          [
            79.9849907,
            14.4406413
          ],
          [
            79.9848016,
            14.44073
          ],
          [
            79.9847691,
            14.4407586
          ],
          [
            79.9847779,
            14.4408044
          ],
          [
            79.9848725,
            14.4410219
          ],
          [
            79.9849751,
            14.4412325
          ],
          [
            79.9852073,
            14.4417737
          ],
          [
            79.9853298,
            14.4424515
          ],
          [
            79.9848952,
            14.442581
          ],
          [
            79.9848509,
            14.4426315
          ],
          [
            79.9846531,
            14.442
          ]
        ]
      }
    },
    {
      "type": "Feature",
      "properties": {
        "id": "osm-way-279962575",
        "name": "Unnamed Road",
        "highway": "residential",
        "lanes": null,
        "width": 5.5,
        "type": "road"
      },
      "geometry": {
        "type": "LineString",
        "coordinates": [
          [
            79.9848509,
            14.4426315
          ],
          [
            79.9848342,
            14.4427105
          ],
          [
            79.9848098,
            14.442729
          ],
          [
            79.9847757,
            14.442755
          ],
          [
            79.9846858,
            14.4428076
          ],
          [
            79.9846245,
            14.4428261
          ],
          [
            79.9845521,
            14.4428481
          ],
          [
            79.9841508,
            14.4430464
          ],
          [
            79.9840376,
            14.4430951
          ],
          [
            79.9839063,
            14.4431516
          ],
          [
            79.9834947,
            14.4433196
          ],
          [
            79.9831248,
            14.4434775
          ],
          [
            79.9833818,
            14.4438154
          ],
          [
            79.9840296,
            14.443526
          ],
          [
            79.9841854,
            14.4434675
          ],
          [
            79.9843744,
            14.4433965
          ],
          [
            79.9843891,
            14.4433196
          ],
          [
            79.9841822,
            14.443356
          ],
          [
            79.9840376,
            14.4430951
          ]
        ]
      }
    },
    {
      "type": "Feature",
      "properties": {
        "id": "osm-way-279962578",
        "name": "Unnamed Road",
        "highway": "residential",
        "lanes": null,
        "width": 5.5,
        "type": "road"
      },
      "geometry": {
        "type": "LineString",
        "coordinates": [
          [
            79.9875001,
            14.4398398
          ],
          [
            79.9876029,
            14.4403413
          ]
        ]
      }
    },
    {
      "type": "Feature",
      "properties": {
        "id": "osm-way-279962580",
        "name": "Unnamed Road",
        "highway": "residential",
        "lanes": null,
        "width": 5.5,
        "type": "road"
      },
      "geometry": {
        "type": "LineString",
        "coordinates": [
          [
            79.9926573,
            14.4394171
          ],
          [
            79.99248,
            14.4389764
          ],
          [
            79.9924609,
            14.4388264
          ],
          [
            79.9924572,
            14.4387973
          ]
        ]
      }
    },
    {
      "type": "Feature",
      "properties": {
        "id": "osm-way-279962584",
        "name": "Unnamed Road",
        "highway": "residential",
        "lanes": null,
        "width": 5.5,
        "type": "road"
      },
      "geometry": {
        "type": "LineString",
        "coordinates": [
          [
            79.9846531,
            14.442
          ],
          [
            79.9844408,
            14.4414431
          ]
        ]
      }
    },
    {
      "type": "Feature",
      "properties": {
        "id": "osm-way-279962585",
        "name": "Unnamed Road",
        "highway": "residential",
        "lanes": null,
        "width": 5.5,
        "type": "road"
      },
      "geometry": {
        "type": "LineString",
        "coordinates": [
          [
            79.9828835,
            14.4400345
          ],
          [
            79.9829035,
            14.4400544
          ],
          [
            79.9832145,
            14.4403636
          ]
        ]
      }
    },
    {
      "type": "Feature",
      "properties": {
        "id": "osm-way-279962587",
        "name": "Unnamed Road",
        "highway": "residential",
        "lanes": null,
        "width": 5.5,
        "type": "road"
      },
      "geometry": {
        "type": "LineString",
        "coordinates": [
          [
            79.9862518,
            14.4389262
          ],
          [
            79.9861515,
            14.4383485
          ]
        ]
      }
    },
    {
      "type": "Feature",
      "properties": {
        "id": "osm-way-279962590",
        "name": "Unnamed Road",
        "highway": "residential",
        "lanes": null,
        "width": 5.5,
        "type": "road"
      },
      "geometry": {
        "type": "LineString",
        "coordinates": [
          [
            79.9763229,
            14.4506817
          ],
          [
            79.9765895,
            14.4506538
          ],
          [
            79.9765983,
            14.4506081
          ],
          [
            79.976756,
            14.4505968
          ],
          [
            79.9768386,
            14.4506507
          ],
          [
            79.976912,
            14.4506438
          ],
          [
            79.9771772,
            14.4506756
          ],
          [
            79.9772962,
            14.4506573
          ],
          [
            79.9773575,
            14.4505787
          ],
          [
            79.977464,
            14.450533
          ],
          [
            79.9777481,
            14.4504888
          ],
          [
            79.9780275,
            14.4504322
          ],
          [
            79.9782166,
            14.4503988
          ],
          [
            79.9785543,
            14.4503391
          ],
          [
            79.9789756,
            14.4502405
          ],
          [
            79.9792253,
            14.4501893
          ]
        ]
      }
    },
    {
      "type": "Feature",
      "properties": {
        "id": "osm-way-279962592",
        "name": "Unnamed Road",
        "highway": "residential",
        "lanes": null,
        "width": 5.5,
        "type": "road"
      },
      "geometry": {
        "type": "LineString",
        "coordinates": [
          [
            79.9763971,
            14.4497203
          ],
          [
            79.9764283,
            14.4497478
          ],
          [
            79.9767191,
            14.4496231
          ],
          [
            79.9768349,
            14.4497089
          ],
          [
            79.9769033,
            14.4497946
          ],
          [
            79.9769855,
            14.4497894
          ],
          [
            79.9771649,
            14.4497318
          ],
          [
            79.9773563,
            14.4497187
          ],
          [
            79.977619,
            14.4496782
          ],
          [
            79.9777226,
            14.449628
          ],
          [
            79.977925,
            14.4495547
          ],
          [
            79.9780358,
            14.4495461
          ],
          [
            79.9782578,
            14.4495169
          ],
          [
            79.9785634,
            14.4494288
          ],
          [
            79.9787276,
            14.4493554
          ],
          [
            79.9788207,
            14.4493197
          ],
          [
            79.9790835,
            14.4493037
          ]
        ]
      }
    },
    {
      "type": "Feature",
      "properties": {
        "id": "osm-way-279962594",
        "name": "Unnamed Road",
        "highway": "residential",
        "lanes": null,
        "width": 5.5,
        "type": "road"
      },
      "geometry": {
        "type": "LineString",
        "coordinates": [
          [
            79.9826293,
            14.4408054
          ],
          [
            79.9828264,
            14.4406534
          ],
          [
            79.9830501,
            14.4404864
          ],
          [
            79.9832145,
            14.4403636
          ]
        ]
      }
    },
    {
      "type": "Feature",
      "properties": {
        "id": "osm-way-279962595",
        "name": "Unnamed Road",
        "highway": "residential",
        "lanes": null,
        "width": 5.5,
        "type": "road"
      },
      "geometry": {
        "type": "LineString",
        "coordinates": [
          [
            79.9812299,
            14.4520465
          ],
          [
            79.9813014,
            14.4523043
          ],
          [
            79.9813974,
            14.4526968
          ]
        ]
      }
    },
    {
      "type": "Feature",
      "properties": {
        "id": "osm-way-279962598",
        "name": "Unnamed Road",
        "highway": "residential",
        "lanes": null,
        "width": 5.5,
        "type": "road"
      },
      "geometry": {
        "type": "LineString",
        "coordinates": [
          [
            79.978951,
            14.4464703
          ],
          [
            79.9795435,
            14.4463635
          ],
          [
            79.9799516,
            14.4462983
          ]
        ]
      }
    },
    {
      "type": "Feature",
      "properties": {
        "id": "osm-way-279962599",
        "name": "Unnamed Road",
        "highway": "residential",
        "lanes": null,
        "width": 5.5,
        "type": "road"
      },
      "geometry": {
        "type": "LineString",
        "coordinates": [
          [
            79.9830501,
            14.4404864
          ],
          [
            79.9832885,
            14.4410053
          ],
          [
            79.9834217,
            14.4412394
          ],
          [
            79.9835544,
            14.4415084
          ],
          [
            79.9833198,
            14.4416346
          ],
          [
            79.9830934,
            14.4417416
          ]
        ]
      }
    },
    {
      "type": "Feature",
      "properties": {
        "id": "osm-way-279962604",
        "name": "Unnamed Road",
        "highway": "residential",
        "lanes": null,
        "width": 5.5,
        "type": "road"
      },
      "geometry": {
        "type": "LineString",
        "coordinates": [
          [
            79.9922957,
            14.4396034
          ],
          [
            79.9926573,
            14.4394171
          ]
        ]
      }
    },
    {
      "type": "Feature",
      "properties": {
        "id": "osm-way-279962605",
        "name": "Unnamed Road",
        "highway": "residential",
        "lanes": null,
        "width": 5.5,
        "type": "road"
      },
      "geometry": {
        "type": "LineString",
        "coordinates": [
          [
            79.9864128,
            14.438893
          ],
          [
            79.9862518,
            14.4389262
          ],
          [
            79.9860116,
            14.4389758
          ]
        ]
      }
    },
    {
      "type": "Feature",
      "properties": {
        "id": "osm-way-279962608",
        "name": "Unnamed Road",
        "highway": "residential",
        "lanes": null,
        "width": 5.5,
        "type": "road"
      },
      "geometry": {
        "type": "LineString",
        "coordinates": [
          [
            79.9816718,
            14.4410105
          ],
          [
            79.9821306,
            14.4406657
          ],
          [
            79.9828835,
            14.4400345
          ],
          [
            79.9826041,
            14.4396676
          ]
        ]
      }
    },
    {
      "type": "Feature",
      "properties": {
        "id": "osm-way-279962609",
        "name": "Unnamed Road",
        "highway": "residential",
        "lanes": null,
        "width": 5.5,
        "type": "road"
      },
      "geometry": {
        "type": "LineString",
        "coordinates": [
          [
            79.9853298,
            14.4424515
          ],
          [
            79.9854176,
            14.4426275
          ],
          [
            79.9854494,
            14.442688
          ],
          [
            79.9855848,
            14.4429452
          ]
        ]
      }
    },
    {
      "type": "Feature",
      "properties": {
        "id": "osm-way-279962612",
        "name": "Unnamed Road",
        "highway": "residential",
        "lanes": null,
        "width": 5.5,
        "type": "road"
      },
      "geometry": {
        "type": "LineString",
        "coordinates": [
          [
            79.9850895,
            14.4433381
          ],
          [
            79.9854634,
            14.4430153
          ],
          [
            79.9855848,
            14.4429452
          ],
          [
            79.9856913,
            14.443099
          ],
          [
            79.9858385,
            14.4432882
          ]
        ]
      }
    },
    {
      "type": "Feature",
      "properties": {
        "id": "osm-way-279962615",
        "name": "Unnamed Road",
        "highway": "residential",
        "lanes": null,
        "width": 5.5,
        "type": "road"
      },
      "geometry": {
        "type": "LineString",
        "coordinates": [
          [
            79.9854494,
            14.442688
          ],
          [
            79.985265,
            14.4427307
          ],
          [
            79.9851459,
            14.4427692
          ],
          [
            79.9850205,
            14.4427732
          ],
          [
            79.9849119,
            14.442757
          ],
          [
            79.9848098,
            14.442729
          ]
        ]
      }
    },
    {
      "type": "Feature",
      "properties": {
        "id": "osm-way-279962617",
        "name": "Unnamed Road",
        "highway": "residential",
        "lanes": null,
        "width": 5.5,
        "type": "road"
      },
      "geometry": {
        "type": "LineString",
        "coordinates": [
          [
            79.9846245,
            14.4428261
          ],
          [
            79.9848952,
            14.4431152
          ],
          [
            79.9850895,
            14.4433381
          ],
          [
            79.984705,
            14.4436798
          ],
          [
            79.9844814,
            14.4438863
          ],
          [
            79.9848154,
            14.4442664
          ]
        ]
      }
    },
    {
      "type": "Feature",
      "properties": {
        "id": "osm-way-279962620",
        "name": "Unnamed Road",
        "highway": "residential",
        "lanes": null,
        "width": 5.5,
        "type": "road"
      },
      "geometry": {
        "type": "LineString",
        "coordinates": [
          [
            79.9793052,
            14.4460494
          ],
          [
            79.9796474,
            14.4460389
          ],
          [
            79.979967,
            14.4460296
          ],
          [
            79.980195,
            14.4459152
          ],
          [
            79.9802269,
            14.4459021
          ],
          [
            79.9803221,
            14.4457835
          ]
        ]
      }
    },
    {
      "type": "Feature",
      "properties": {
        "id": "osm-way-279962621",
        "name": "Unnamed Road",
        "highway": "residential",
        "lanes": null,
        "width": 5.5,
        "type": "road"
      },
      "geometry": {
        "type": "LineString",
        "coordinates": [
          [
            79.9832145,
            14.4403636
          ],
          [
            79.9834983,
            14.4407071
          ],
          [
            79.9836342,
            14.4408216
          ],
          [
            79.9837672,
            14.4408588
          ],
          [
            79.9838795,
            14.4411822
          ],
          [
            79.9840228,
            14.4416078
          ],
          [
            79.9842616,
            14.4421816
          ]
        ]
      }
    },
    {
      "type": "Feature",
      "properties": {
        "id": "osm-way-279962625",
        "name": "Unnamed Road",
        "highway": "residential",
        "lanes": null,
        "width": 5.5,
        "type": "road"
      },
      "geometry": {
        "type": "LineString",
        "coordinates": [
          [
            79.9777553,
            14.448689
          ],
          [
            79.9777734,
            14.4488653
          ],
          [
            79.9777771,
            14.4488907
          ],
          [
            79.9778194,
            14.4491122
          ],
          [
            79.9778443,
            14.4492064
          ],
          [
            79.9778863,
            14.4493651
          ],
          [
            79.977925,
            14.4495547
          ]
        ]
      }
    },
    {
      "type": "Feature",
      "properties": {
        "id": "osm-way-279962630",
        "name": "Unnamed Road",
        "highway": "residential",
        "lanes": null,
        "width": 5.5,
        "type": "road"
      },
      "geometry": {
        "type": "LineString",
        "coordinates": [
          [
            79.9835105,
            14.4425299
          ],
          [
            79.9833784,
            14.4422544
          ],
          [
            79.9832855,
            14.4420608
          ],
          [
            79.9830934,
            14.4417416
          ],
          [
            79.9830461,
            14.441663
          ],
          [
            79.982961,
            14.4414762
          ],
          [
            79.9828531,
            14.4412394
          ],
          [
            79.9826293,
            14.4408054
          ],
          [
            79.9823945,
            14.44099
          ],
          [
            79.9821166,
            14.4412261
          ]
        ]
      }
    },
    {
      "type": "Feature",
      "properties": {
        "id": "osm-way-279969967",
        "name": "Unnamed Road",
        "highway": "residential",
        "lanes": null,
        "width": 5.5,
        "type": "road"
      },
      "geometry": {
        "type": "LineString",
        "coordinates": [
          [
            79.9841854,
            14.4434675
          ],
          [
            79.9844814,
            14.4438863
          ]
        ]
      }
    },
    {
      "type": "Feature",
      "properties": {
        "id": "osm-way-287755587",
        "name": "Vijayamahal Under Bridge road",
        "highway": "secondary",
        "lanes": null,
        "width": 8.0,
        "type": "road"
      },
      "geometry": {
        "type": "LineString",
        "coordinates": [
          [
            79.9878911,
            14.4534246
          ],
          [
            79.9879217,
            14.4533991
          ],
          [
            79.9879287,
            14.4533763
          ],
          [
            79.9878663,
            14.4532259
          ],
          [
            79.9877675,
            14.4529945
          ],
          [
            79.9876332,
            14.4526265
          ]
        ]
      }
    },
    {
      "type": "Feature",
      "properties": {
        "id": "osm-way-287755658",
        "name": "kms road",
        "highway": "unclassified",
        "lanes": null,
        "width": 5.5,
        "type": "road"
      },
      "geometry": {
        "type": "LineString",
        "coordinates": [
          [
            79.9922317,
            14.4530716
          ],
          [
            79.9917608,
            14.4527695
          ],
          [
            79.9914423,
            14.4524173
          ],
          [
            79.9908663,
            14.4528117
          ],
          [
            79.9906999,
            14.4524423
          ],
          [
            79.9906634,
            14.4523195
          ],
          [
            79.9905663,
            14.4520017
          ]
        ]
      }
    },
    {
      "type": "Feature",
      "properties": {
        "id": "osm-way-315473110",
        "name": "moola peta road",
        "highway": "tertiary",
        "lanes": null,
        "width": 6.5,
        "type": "road"
      },
      "geometry": {
        "type": "LineString",
        "coordinates": [
          [
            79.9779958,
            14.44762
          ],
          [
            79.9774486,
            14.447047
          ],
          [
            79.9773544,
            14.4470175
          ],
          [
            79.977172,
            14.4470283
          ],
          [
            79.9770192,
            14.4471436
          ],
          [
            79.976709,
            14.4471451
          ],
          [
            79.9764531,
            14.4471078
          ],
          [
            79.9763972,
            14.4470997
          ],
          [
            79.9762761,
            14.4470256
          ],
          [
            79.9761798,
            14.4469383
          ],
          [
            79.9761475,
            14.4468809
          ],
          [
            79.9760124,
            14.446641
          ],
          [
            79.9759287,
            14.4465193
          ],
          [
            79.9758488,
            14.4464486
          ],
          [
            79.9758173,
            14.4464207
          ],
          [
            79.9756775,
            14.4463216
          ],
          [
            79.9754524,
            14.4463178
          ],
          [
            79.9754531,
            14.4463259
          ],
          [
            79.9753376,
            14.4463353
          ],
          [
            79.9750911,
            14.4463554
          ],
          [
            79.9749818,
            14.4463802
          ],
          [
            79.9747839,
            14.4463816
          ],
          [
            79.9742788,
            14.44652
          ],
          [
            79.9741441,
            14.4465581
          ],
          [
            79.9740023,
            14.4466148
          ]
        ]
      }
    },
    {
      "type": "Feature",
      "properties": {
        "id": "osm-way-315473116",
        "name": "Unnamed Road",
        "highway": "secondary",
        "lanes": null,
        "width": 8.0,
        "type": "road"
      },
      "geometry": {
        "type": "LineString",
        "coordinates": [
          [
            79.9820402,
            14.4474142
          ],
          [
            79.9820339,
            14.4474477
          ],
          [
            79.9820441,
            14.4474993
          ],
          [
            79.9820764,
            14.4475415
          ],
          [
            79.9821243,
            14.4475661
          ],
          [
            79.9821785,
            14.4475681
          ],
          [
            79.9822283,
            14.4475473
          ],
          [
            79.9822643,
            14.4475068
          ],
          [
            79.9822782,
            14.4474552
          ],
          [
            79.9822674,
            14.4474029
          ],
          [
            79.9822339,
            14.4473605
          ],
          [
            79.9822041,
            14.447343
          ],
          [
            79.9821705,
            14.4473342
          ],
          [
            79.9821269,
            14.4473368
          ],
          [
            79.982087,
            14.4473541
          ],
          [
            79.982056,
            14.4473839
          ],
          [
            79.9820402,
            14.4474142
          ]
        ]
      }
    },
    {
      "type": "Feature",
      "properties": {
        "id": "osm-way-315473119",
        "name": "Unnamed Road",
        "highway": "residential",
        "lanes": null,
        "width": 5.5,
        "type": "road"
      },
      "geometry": {
        "type": "LineString",
        "coordinates": [
          [
            79.9779958,
            14.44762
          ],
          [
            79.9796871,
            14.4476145
          ],
          [
            79.9802156,
            14.4476153
          ],
          [
            79.9806343,
            14.4476041
          ],
          [
            79.9809731,
            14.4475667
          ],
          [
            79.9813581,
            14.4475306
          ],
          [
            79.9819933,
            14.447446
          ],
          [
            79.9820339,
            14.4474477
          ]
        ]
      }
    },
    {
      "type": "Feature",
      "properties": {
        "id": "osm-way-326380050",
        "name": "Mungamuri Vari Street",
        "highway": "residential",
        "lanes": null,
        "width": 5.5,
        "type": "road"
      },
      "geometry": {
        "type": "LineString",
        "coordinates": [
          [
            79.9813974,
            14.4526968
          ],
          [
            79.9816785,
            14.4526411
          ],
          [
            79.98204,
            14.4525976
          ],
          [
            79.9825761,
            14.4525207
          ],
          [
            79.9828217,
            14.4525106
          ]
        ]
      }
    },
    {
      "type": "Feature",
      "properties": {
        "id": "osm-way-355077483",
        "name": "Childrens Park Road",
        "highway": "tertiary",
        "lanes": null,
        "width": 6.5,
        "type": "road"
      },
      "geometry": {
        "type": "LineString",
        "coordinates": [
          [
            79.9936851,
            14.4399011
          ],
          [
            79.9941261,
            14.4396523
          ],
          [
            79.9943162,
            14.439545
          ],
          [
            79.9947175,
            14.4394371
          ],
          [
            79.9953281,
            14.4392729
          ],
          [
            79.9957109,
            14.4391386
          ],
          [
            79.9963183,
            14.4389255
          ],
          [
            79.9968211,
            14.4387491
          ],
          [
            79.9973977,
            14.4386581
          ],
          [
            79.9979414,
            14.4385724
          ],
          [
            79.9983615,
            14.4385061
          ],
          [
            79.9993049,
            14.4383701
          ],
          [
            79.9995384,
            14.4383312
          ]
        ]
      }
    },
    {
      "type": "Feature",
      "properties": {
        "id": "osm-way-355079884",
        "name": "Unnamed Road",
        "highway": "residential",
        "lanes": null,
        "width": 5.5,
        "type": "road"
      },
      "geometry": {
        "type": "LineString",
        "coordinates": [
          [
            79.9902426,
            14.4445592
          ],
          [
            79.9907005,
            14.4445071
          ]
        ]
      }
    },
    {
      "type": "Feature",
      "properties": {
        "id": "osm-way-355079932",
        "name": "Unnamed Road",
        "highway": "residential",
        "lanes": null,
        "width": 5.5,
        "type": "road"
      },
      "geometry": {
        "type": "LineString",
        "coordinates": [
          [
            79.9903126,
            14.4450023
          ],
          [
            79.9907513,
            14.44495
          ]
        ]
      }
    },
    {
      "type": "Feature",
      "properties": {
        "id": "osm-way-355080133",
        "name": "Unnamed Road",
        "highway": "residential",
        "lanes": null,
        "width": 5.5,
        "type": "road"
      },
      "geometry": {
        "type": "LineString",
        "coordinates": [
          [
            79.9892777,
            14.4485166
          ],
          [
            79.9897602,
            14.4497741
          ]
        ]
      }
    },
    {
      "type": "Feature",
      "properties": {
        "id": "osm-way-355080414",
        "name": "Unnamed Road",
        "highway": "residential",
        "lanes": null,
        "width": 5.5,
        "type": "road"
      },
      "geometry": {
        "type": "LineString",
        "coordinates": [
          [
            79.9897602,
            14.4497741
          ],
          [
            79.9898927,
            14.4501685
          ],
          [
            79.9899517,
            14.4503724
          ],
          [
            79.9900067,
            14.4504633
          ],
          [
            79.9899816,
            14.4505661
          ],
          [
            79.990063,
            14.4507581
          ],
          [
            79.9901645,
            14.4508912
          ],
          [
            79.9903661,
            14.4512483
          ]
        ]
      }
    },
    {
      "type": "Feature",
      "properties": {
        "id": "osm-way-415702111",
        "name": "Unnamed Road",
        "highway": "residential",
        "lanes": null,
        "width": 5.5,
        "type": "road"
      },
      "geometry": {
        "type": "LineString",
        "coordinates": [
          [
            79.9934944,
            14.4450118
          ],
          [
            79.9935364,
            14.4447519
          ],
          [
            79.9932545,
            14.4431663
          ]
        ]
      }
    },
    {
      "type": "Feature",
      "properties": {
        "id": "osm-way-415702115",
        "name": "Unnamed Road",
        "highway": "residential",
        "lanes": null,
        "width": 5.5,
        "type": "road"
      },
      "geometry": {
        "type": "LineString",
        "coordinates": [
          [
            79.9941032,
            14.4430376
          ],
          [
            79.9938967,
            14.4418824
          ]
        ]
      }
    },
    {
      "type": "Feature",
      "properties": {
        "id": "osm-way-415702142",
        "name": "Unnamed Road",
        "highway": "residential",
        "lanes": null,
        "width": 5.5,
        "type": "road"
      },
      "geometry": {
        "type": "LineString",
        "coordinates": [
          [
            79.9934287,
            14.4468722
          ],
          [
            79.9939817,
            14.4469218
          ]
        ]
      }
    },
    {
      "type": "Feature",
      "properties": {
        "id": "osm-way-415702143",
        "name": "Unnamed Road",
        "highway": "residential",
        "lanes": null,
        "width": 5.5,
        "type": "road"
      },
      "geometry": {
        "type": "LineString",
        "coordinates": [
          [
            79.9899726,
            14.4463399
          ],
          [
            79.9904893,
            14.4462774
          ]
        ]
      }
    },
    {
      "type": "Feature",
      "properties": {
        "id": "osm-way-415702151",
        "name": "Unnamed Road",
        "highway": "residential",
        "lanes": null,
        "width": 5.5,
        "type": "road"
      },
      "geometry": {
        "type": "LineString",
        "coordinates": [
          [
            79.9893051,
            14.4434628
          ],
          [
            79.9891042,
            14.4425499
          ]
        ]
      }
    },
    {
      "type": "Feature",
      "properties": {
        "id": "osm-way-415702177",
        "name": "Unnamed Road",
        "highway": "residential",
        "lanes": null,
        "width": 5.5,
        "type": "road"
      },
      "geometry": {
        "type": "LineString",
        "coordinates": [
          [
            79.9937241,
            14.4415619
          ],
          [
            79.9938459,
            14.4418948
          ]
        ]
      }
    },
    {
      "type": "Feature",
      "properties": {
        "id": "osm-way-415702187",
        "name": "Unnamed Road",
        "highway": "residential",
        "lanes": null,
        "width": 5.5,
        "type": "road"
      },
      "geometry": {
        "type": "LineString",
        "coordinates": [
          [
            79.9928384,
            14.4432374
          ],
          [
            79.9927858,
            14.4427575
          ]
        ]
      }
    },
    {
      "type": "Feature",
      "properties": {
        "id": "osm-way-415702194",
        "name": "Unnamed Road",
        "highway": "residential",
        "lanes": null,
        "width": 5.5,
        "type": "road"
      },
      "geometry": {
        "type": "LineString",
        "coordinates": [
          [
            79.9914423,
            14.4524173
          ],
          [
            79.9918821,
            14.4520822
          ],
          [
            79.9920921,
            14.4519208
          ]
        ]
      }
    },
    {
      "type": "Feature",
      "properties": {
        "id": "osm-way-415702200",
        "name": "Unnamed Road",
        "highway": "residential",
        "lanes": null,
        "width": 5.5,
        "type": "road"
      },
      "geometry": {
        "type": "LineString",
        "coordinates": [
          [
            79.9891542,
            14.4446374
          ],
          [
            79.9893842,
            14.4445146
          ],
          [
            79.9898514,
            14.4442653
          ],
          [
            79.9901947,
            14.444166
          ]
        ]
      }
    },
    {
      "type": "Feature",
      "properties": {
        "id": "osm-way-415702203",
        "name": "Unnamed Road",
        "highway": "residential",
        "lanes": null,
        "width": 5.5,
        "type": "road"
      },
      "geometry": {
        "type": "LineString",
        "coordinates": [
          [
            79.9930573,
            14.4427663
          ],
          [
            79.9937171,
            14.441987
          ],
          [
            79.9938459,
            14.4418948
          ]
        ]
      }
    },
    {
      "type": "Feature",
      "properties": {
        "id": "osm-way-415702207",
        "name": "Unnamed Road",
        "highway": "residential",
        "lanes": null,
        "width": 5.5,
        "type": "road"
      },
      "geometry": {
        "type": "LineString",
        "coordinates": [
          [
            79.9898514,
            14.4442653
          ],
          [
            79.9897783,
            14.4438708
          ],
          [
            79.9897496,
            14.4433895
          ]
        ]
      }
    },
    {
      "type": "Feature",
      "properties": {
        "id": "osm-way-415702208",
        "name": "Unnamed Road",
        "highway": "residential",
        "lanes": null,
        "width": 5.5,
        "type": "road"
      },
      "geometry": {
        "type": "LineString",
        "coordinates": [
          [
            79.9950797,
            14.4436624
          ],
          [
            79.9949378,
            14.4429106
          ],
          [
            79.9947269,
            14.4416074
          ]
        ]
      }
    },
    {
      "type": "Feature",
      "properties": {
        "id": "osm-way-415702210",
        "name": "Unnamed Road",
        "highway": "residential",
        "lanes": null,
        "width": 5.5,
        "type": "road"
      },
      "geometry": {
        "type": "LineString",
        "coordinates": [
          [
            79.9971736,
            14.4417838
          ],
          [
            79.9975393,
            14.4424546
          ],
          [
            79.9975649,
            14.4425933
          ]
        ]
      }
    },
    {
      "type": "Feature",
      "properties": {
        "id": "osm-way-415702214",
        "name": "Unnamed Road",
        "highway": "residential",
        "lanes": null,
        "width": 5.5,
        "type": "road"
      },
      "geometry": {
        "type": "LineString",
        "coordinates": [
          [
            79.9930469,
            14.4463572
          ],
          [
            79.9930389,
            14.4468296
          ],
          [
            79.9934287,
            14.4468722
          ]
        ]
      }
    },
    {
      "type": "Feature",
      "properties": {
        "id": "osm-way-415702219",
        "name": "Unnamed Road",
        "highway": "residential",
        "lanes": null,
        "width": 5.5,
        "type": "road"
      },
      "geometry": {
        "type": "LineString",
        "coordinates": [
          [
            79.9937047,
            14.44541
          ],
          [
            79.9935535,
            14.4451237
          ],
          [
            79.9934944,
            14.4450118
          ]
        ]
      }
    },
    {
      "type": "Feature",
      "properties": {
        "id": "osm-way-415702230",
        "name": "Unnamed Road",
        "highway": "residential",
        "lanes": null,
        "width": 5.5,
        "type": "road"
      },
      "geometry": {
        "type": "LineString",
        "coordinates": [
          [
            79.9960255,
            14.4466551
          ],
          [
            79.9956173,
            14.445586
          ],
          [
            79.995526,
            14.4451605
          ]
        ]
      }
    },
    {
      "type": "Feature",
      "properties": {
        "id": "osm-way-415702248",
        "name": "Unnamed Road",
        "highway": "residential",
        "lanes": null,
        "width": 5.5,
        "type": "road"
      },
      "geometry": {
        "type": "LineString",
        "coordinates": [
          [
            79.9904272,
            14.4520608
          ],
          [
            79.9904291,
            14.4521593
          ],
          [
            79.9904677,
            14.4522808
          ],
          [
            79.9905937,
            14.452673
          ]
        ]
      }
    },
    {
      "type": "Feature",
      "properties": {
        "id": "osm-way-415702250",
        "name": "Unnamed Road",
        "highway": "residential",
        "lanes": null,
        "width": 5.5,
        "type": "road"
      },
      "geometry": {
        "type": "LineString",
        "coordinates": [
          [
            79.9897783,
            14.4438708
          ],
          [
            79.9890141,
            14.444005
          ]
        ]
      }
    },
    {
      "type": "Feature",
      "properties": {
        "id": "osm-way-415702256",
        "name": "Unnamed Road",
        "highway": "residential",
        "lanes": null,
        "width": 5.5,
        "type": "road"
      },
      "geometry": {
        "type": "LineString",
        "coordinates": [
          [
            79.9984405,
            14.4432442
          ],
          [
            79.9979599,
            14.4424564
          ],
          [
            79.997492,
            14.4416046
          ]
        ]
      }
    },
    {
      "type": "Feature",
      "properties": {
        "id": "osm-way-415702258",
        "name": "Unnamed Road",
        "highway": "residential",
        "lanes": null,
        "width": 5.5,
        "type": "road"
      },
      "geometry": {
        "type": "LineString",
        "coordinates": [
          [
            79.9889221,
            14.4435259
          ],
          [
            79.9886985,
            14.4426574
          ],
          [
            79.988617,
            14.442438
          ]
        ]
      }
    },
    {
      "type": "Feature",
      "properties": {
        "id": "osm-way-415702260",
        "name": "Unnamed Road",
        "highway": "residential",
        "lanes": null,
        "width": 5.5,
        "type": "road"
      },
      "geometry": {
        "type": "LineString",
        "coordinates": [
          [
            79.9943314,
            14.4417766
          ],
          [
            79.9938967,
            14.4418824
          ],
          [
            79.9938459,
            14.4418948
          ]
        ]
      }
    },
    {
      "type": "Feature",
      "properties": {
        "id": "osm-way-415702263",
        "name": "Unnamed Road",
        "highway": "residential",
        "lanes": null,
        "width": 5.5,
        "type": "road"
      },
      "geometry": {
        "type": "LineString",
        "coordinates": [
          [
            79.9894314,
            14.4460221
          ],
          [
            79.9894917,
            14.4460273
          ],
          [
            79.9896137,
            14.4459922
          ],
          [
            79.9899209,
            14.4459091
          ],
          [
            79.9901234,
            14.4458377
          ],
          [
            79.990431,
            14.4457533
          ]
        ]
      }
    },
    {
      "type": "Feature",
      "properties": {
        "id": "osm-way-415702288",
        "name": "Unnamed Road",
        "highway": "residential",
        "lanes": null,
        "width": 5.5,
        "type": "road"
      },
      "geometry": {
        "type": "LineString",
        "coordinates": [
          [
            79.9946881,
            14.4439689
          ],
          [
            79.9944974,
            14.4429776
          ],
          [
            79.9943314,
            14.4417766
          ],
          [
            79.994392,
            14.4416883
          ]
        ]
      }
    },
    {
      "type": "Feature",
      "properties": {
        "id": "osm-way-415702295",
        "name": "Unnamed Road",
        "highway": "residential",
        "lanes": null,
        "width": 5.5,
        "type": "road"
      },
      "geometry": {
        "type": "LineString",
        "coordinates": [
          [
            79.9918821,
            14.4520822
          ],
          [
            79.9916388,
            14.4517576
          ],
          [
            79.9914106,
            14.4514136
          ],
          [
            79.9911687,
            14.4510753
          ],
          [
            79.9908387,
            14.4506374
          ]
        ]
      }
    },
    {
      "type": "Feature",
      "properties": {
        "id": "osm-way-415702297",
        "name": "Unnamed Road",
        "highway": "residential",
        "lanes": null,
        "width": 5.5,
        "type": "road"
      },
      "geometry": {
        "type": "LineString",
        "coordinates": [
          [
            79.9932545,
            14.4431663
          ],
          [
            79.9931774,
            14.4429098
          ],
          [
            79.9930573,
            14.4427663
          ],
          [
            79.9928354,
            14.4425318
          ],
          [
            79.9927625,
            14.4421101
          ]
        ]
      }
    },
    {
      "type": "Feature",
      "properties": {
        "id": "osm-way-415702309",
        "name": "Unnamed Road",
        "highway": "residential",
        "lanes": null,
        "width": 5.5,
        "type": "road"
      },
      "geometry": {
        "type": "LineString",
        "coordinates": [
          [
            79.9963918,
            14.4450025
          ],
          [
            79.9966904,
            14.4448666
          ],
          [
            79.9965439,
            14.4444743
          ],
          [
            79.9965311,
            14.4444037
          ],
          [
            79.9964651,
            14.4440406
          ],
          [
            79.9962183,
            14.4435393
          ],
          [
            79.9966047,
            14.4433763
          ]
        ]
      }
    },
    {
      "type": "Feature",
      "properties": {
        "id": "osm-way-415702310",
        "name": "Unnamed Road",
        "highway": "residential",
        "lanes": null,
        "width": 5.5,
        "type": "road"
      },
      "geometry": {
        "type": "LineString",
        "coordinates": [
          [
            79.9934017,
            14.4450605
          ],
          [
            79.993117,
            14.4447328
          ],
          [
            79.9929655,
            14.4445237
          ],
          [
            79.9928568,
            14.4440939
          ],
          [
            79.9927817,
            14.443764
          ]
        ]
      }
    },
    {
      "type": "Feature",
      "properties": {
        "id": "osm-way-415702315",
        "name": "Unnamed Road",
        "highway": "residential",
        "lanes": null,
        "width": 5.5,
        "type": "road"
      },
      "geometry": {
        "type": "LineString",
        "coordinates": [
          [
            79.9935183,
            14.4476484
          ],
          [
            79.9936092,
            14.4475741
          ],
          [
            79.9936558,
            14.4474867
          ],
          [
            79.9937979,
            14.4472621
          ],
          [
            79.9938033,
            14.4470802
          ]
        ]
      }
    },
    {
      "type": "Feature",
      "properties": {
        "id": "osm-way-415702333",
        "name": "Unnamed Road",
        "highway": "residential",
        "lanes": null,
        "width": 5.5,
        "type": "road"
      },
      "geometry": {
        "type": "LineString",
        "coordinates": [
          [
            79.9924061,
            14.4433114
          ],
          [
            79.9928384,
            14.4432374
          ],
          [
            79.9932545,
            14.4431663
          ],
          [
            79.9936892,
            14.4431004
          ],
          [
            79.9941032,
            14.4430376
          ],
          [
            79.9941337,
            14.443033
          ],
          [
            79.9944974,
            14.4429776
          ],
          [
            79.9949378,
            14.4429106
          ],
          [
            79.9953399,
            14.4428494
          ]
        ]
      }
    },
    {
      "type": "Feature",
      "properties": {
        "id": "osm-way-415702335",
        "name": "Unnamed Road",
        "highway": "residential",
        "lanes": null,
        "width": 5.5,
        "type": "road"
      },
      "geometry": {
        "type": "LineString",
        "coordinates": [
          [
            80.0010021,
            14.4422499
          ],
          [
            80.0007299,
            14.4419275
          ],
          [
            80.0004202,
            14.4415983
          ],
          [
            80.0001501,
            14.4417479
          ],
          [
            79.999848,
            14.4419151
          ],
          [
            79.9996944,
            14.4419065
          ],
          [
            79.9995635,
            14.4418688
          ],
          [
            79.9995031,
            14.4418277
          ],
          [
            79.9993425,
            14.4418061
          ],
          [
            79.9989099,
            14.4420305
          ],
          [
            79.9984532,
            14.4422704
          ],
          [
            79.9979599,
            14.4424564
          ],
          [
            79.9979212,
            14.4424756
          ],
          [
            79.9977889,
            14.4425696
          ],
          [
            79.9976383,
            14.4427458
          ]
        ]
      }
    },
    {
      "type": "Feature",
      "properties": {
        "id": "osm-way-415712311",
        "name": "Unnamed Road",
        "highway": "residential",
        "lanes": null,
        "width": 5.5,
        "type": "road"
      },
      "geometry": {
        "type": "LineString",
        "coordinates": [
          [
            79.9945689,
            14.4365944
          ],
          [
            79.9949666,
            14.4365288
          ],
          [
            79.9953731,
            14.4364449
          ],
          [
            79.9954968,
            14.4364193
          ],
          [
            79.9958857,
            14.4363414
          ],
          [
            79.9963202,
            14.4362687
          ],
          [
            79.9967601,
            14.4361544
          ],
          [
            79.9971571,
            14.4360894
          ],
          [
            79.9975621,
            14.4360089
          ],
          [
            79.9978947,
            14.4359725
          ]
        ]
      }
    },
    {
      "type": "Feature",
      "properties": {
        "id": "osm-way-415712316",
        "name": "Unnamed Road",
        "highway": "residential",
        "lanes": null,
        "width": 5.5,
        "type": "road"
      },
      "geometry": {
        "type": "LineString",
        "coordinates": [
          [
            79.9887953,
            14.4472202
          ],
          [
            79.9887527,
            14.4470932
          ],
          [
            79.9886666,
            14.4468362
          ],
          [
            79.9886464,
            14.446776
          ],
          [
            79.9885271,
            14.4463682
          ],
          [
            79.9884091,
            14.4460851
          ],
          [
            79.9882548,
            14.4457319
          ],
          [
            79.9881301,
            14.4453436
          ],
          [
            79.9880322,
            14.4449877
          ],
          [
            79.9879343,
            14.4444747
          ],
          [
            79.987831,
            14.4439929
          ],
          [
            79.9877747,
            14.4437085
          ],
          [
            79.9877439,
            14.4432383
          ],
          [
            79.9876902,
            14.4429676
          ],
          [
            79.9876748,
            14.4428818
          ],
          [
            79.987711,
            14.4428487
          ],
          [
            79.9878678,
            14.4428028
          ]
        ]
      }
    },
    {
      "type": "Feature",
      "properties": {
        "id": "osm-way-415712319",
        "name": "Unnamed Road",
        "highway": "residential",
        "lanes": null,
        "width": 5.5,
        "type": "road"
      },
      "geometry": {
        "type": "LineString",
        "coordinates": [
          [
            79.9903899,
            14.442478
          ],
          [
            79.9908257,
            14.4423422
          ]
        ]
      }
    },
    {
      "type": "Feature",
      "properties": {
        "id": "osm-way-415712323",
        "name": "Unnamed Road",
        "highway": "residential",
        "lanes": null,
        "width": 5.5,
        "type": "road"
      },
      "geometry": {
        "type": "LineString",
        "coordinates": [
          [
            79.9947175,
            14.4394371
          ],
          [
            79.9949322,
            14.4401026
          ]
        ]
      }
    },
    {
      "type": "Feature",
      "properties": {
        "id": "osm-way-415712326",
        "name": "Unnamed Road",
        "highway": "residential",
        "lanes": null,
        "width": 5.5,
        "type": "road"
      },
      "geometry": {
        "type": "LineString",
        "coordinates": [
          [
            79.989103,
            14.4464269
          ],
          [
            79.9887061,
            14.4465033
          ]
        ]
      }
    },
    {
      "type": "Feature",
      "properties": {
        "id": "osm-way-415712327",
        "name": "Unnamed Road",
        "highway": "residential",
        "lanes": null,
        "width": 5.5,
        "type": "road"
      },
      "geometry": {
        "type": "LineString",
        "coordinates": [
          [
            79.990199,
            14.4397619
          ],
          [
            79.9904691,
            14.4399766
          ]
        ]
      }
    },
    {
      "type": "Feature",
      "properties": {
        "id": "osm-way-415712328",
        "name": "Unnamed Road",
        "highway": "residential",
        "lanes": null,
        "width": 5.5,
        "type": "road"
      },
      "geometry": {
        "type": "LineString",
        "coordinates": [
          [
            79.9903016,
            14.4420844
          ],
          [
            79.990355,
            14.4420676
          ],
          [
            79.9906246,
            14.4419825
          ]
        ]
      }
    },
    {
      "type": "Feature",
      "properties": {
        "id": "osm-way-415712331",
        "name": "Unnamed Road",
        "highway": "residential",
        "lanes": null,
        "width": 5.5,
        "type": "road"
      },
      "geometry": {
        "type": "LineString",
        "coordinates": [
          [
            79.9889822,
            14.4415245
          ],
          [
            79.989024,
            14.441637
          ]
        ]
      }
    },
    {
      "type": "Feature",
      "properties": {
        "id": "osm-way-415712338",
        "name": "Unnamed Road",
        "highway": "residential",
        "lanes": null,
        "width": 5.5,
        "type": "road"
      },
      "geometry": {
        "type": "LineString",
        "coordinates": [
          [
            79.9942078,
            14.4501189
          ],
          [
            79.9939376,
            14.449534
          ]
        ]
      }
    },
    {
      "type": "Feature",
      "properties": {
        "id": "osm-way-415712339",
        "name": "Unnamed Road",
        "highway": "residential",
        "lanes": null,
        "width": 5.5,
        "type": "road"
      },
      "geometry": {
        "type": "LineString",
        "coordinates": [
          [
            79.9977801,
            14.4446317
          ],
          [
            79.9973881,
            14.4438625
          ]
        ]
      }
    },
    {
      "type": "Feature",
      "properties": {
        "id": "osm-way-415712341",
        "name": "Unnamed Road",
        "highway": "residential",
        "lanes": null,
        "width": 5.5,
        "type": "road"
      },
      "geometry": {
        "type": "LineString",
        "coordinates": [
          [
            79.9918852,
            14.4409054
          ],
          [
            79.9918331,
            14.4408178
          ],
          [
            79.9913843,
            14.4400642
          ]
        ]
      }
    },
    {
      "type": "Feature",
      "properties": {
        "id": "osm-way-415712342",
        "name": "Unnamed Road",
        "highway": "residential",
        "lanes": null,
        "width": 5.5,
        "type": "road"
      },
      "geometry": {
        "type": "LineString",
        "coordinates": [
          [
            79.9972535,
            14.4401776
          ],
          [
            79.9968211,
            14.4387491
          ]
        ]
      }
    },
    {
      "type": "Feature",
      "properties": {
        "id": "osm-way-415712343",
        "name": "Unnamed Road",
        "highway": "residential",
        "lanes": null,
        "width": 5.5,
        "type": "road"
      },
      "geometry": {
        "type": "LineString",
        "coordinates": [
          [
            79.9946452,
            14.4410766
          ],
          [
            79.9941261,
            14.4396523
          ]
        ]
      }
    },
    {
      "type": "Feature",
      "properties": {
        "id": "osm-way-415712349",
        "name": "Unnamed Road",
        "highway": "residential",
        "lanes": null,
        "width": 5.5,
        "type": "road"
      },
      "geometry": {
        "type": "LineString",
        "coordinates": [
          [
            79.9942624,
            14.4374049
          ],
          [
            79.9940044,
            14.4360476
          ]
        ]
      }
    },
    {
      "type": "Feature",
      "properties": {
        "id": "osm-way-415712354",
        "name": "Unnamed Road",
        "highway": "residential",
        "lanes": null,
        "width": 5.5,
        "type": "road"
      },
      "geometry": {
        "type": "LineString",
        "coordinates": [
          [
            79.990305,
            14.4409519
          ],
          [
            79.990296,
            14.4409753
          ]
        ]
      }
    },
    {
      "type": "Feature",
      "properties": {
        "id": "osm-way-415712357",
        "name": "Unnamed Road",
        "highway": "residential",
        "lanes": null,
        "width": 5.5,
        "type": "road"
      },
      "geometry": {
        "type": "LineString",
        "coordinates": [
          [
            79.9950666,
            14.435017
          ],
          [
            79.9953731,
            14.4364449
          ]
        ]
      }
    },
    {
      "type": "Feature",
      "properties": {
        "id": "osm-way-415712360",
        "name": "Unnamed Road",
        "highway": "residential",
        "lanes": null,
        "width": 5.5,
        "type": "road"
      },
      "geometry": {
        "type": "LineString",
        "coordinates": [
          [
            79.99565,
            14.4374523
          ],
          [
            79.9954968,
            14.4364193
          ]
        ]
      }
    },
    {
      "type": "Feature",
      "properties": {
        "id": "osm-way-415712363",
        "name": "Unnamed Road",
        "highway": "residential",
        "lanes": null,
        "width": 5.5,
        "type": "road"
      },
      "geometry": {
        "type": "LineString",
        "coordinates": [
          [
            79.9901281,
            14.451308
          ],
          [
            79.9902806,
            14.451737
          ],
          [
            79.990405,
            14.4520694
          ]
        ]
      }
    },
    {
      "type": "Feature",
      "properties": {
        "id": "osm-way-415712370",
        "name": "Unnamed Road",
        "highway": "residential",
        "lanes": null,
        "width": 5.5,
        "type": "road"
      },
      "geometry": {
        "type": "LineString",
        "coordinates": [
          [
            79.9887527,
            14.4470932
          ],
          [
            79.989212,
            14.4469639
          ],
          [
            79.9897233,
            14.446928
          ]
        ]
      }
    },
    {
      "type": "Feature",
      "properties": {
        "id": "osm-way-415712371",
        "name": "Unnamed Road",
        "highway": "residential",
        "lanes": null,
        "width": 5.5,
        "type": "road"
      },
      "geometry": {
        "type": "LineString",
        "coordinates": [
          [
            79.993798,
            14.4390213
          ],
          [
            79.9936233,
            14.4386454
          ],
          [
            79.9933984,
            14.4375623
          ],
          [
            79.9932349,
            14.4368345
          ],
          [
            79.9932313,
            14.4367732
          ]
        ]
      }
    },
    {
      "type": "Feature",
      "properties": {
        "id": "osm-way-415712375",
        "name": "Unnamed Road",
        "highway": "residential",
        "lanes": null,
        "width": 5.5,
        "type": "road"
      },
      "geometry": {
        "type": "LineString",
        "coordinates": [
          [
            79.9960966,
            14.437323
          ],
          [
            79.9958857,
            14.4363414
          ],
          [
            79.995508,
            14.4345885
          ]
        ]
      }
    },
    {
      "type": "Feature",
      "properties": {
        "id": "osm-way-415712377",
        "name": "Unnamed Road",
        "highway": "residential",
        "lanes": null,
        "width": 5.5,
        "type": "road"
      },
      "geometry": {
        "type": "LineString",
        "coordinates": [
          [
            79.9967497,
            14.4384521
          ],
          [
            79.9975862,
            14.4382272
          ],
          [
            79.9988133,
            14.4378998
          ]
        ]
      }
    },
    {
      "type": "Feature",
      "properties": {
        "id": "osm-way-415712379",
        "name": "Unnamed Road",
        "highway": "residential",
        "lanes": null,
        "width": 5.5,
        "type": "road"
      },
      "geometry": {
        "type": "LineString",
        "coordinates": [
          [
            79.9956825,
            14.4390617
          ],
          [
            79.9955133,
            14.4386362
          ],
          [
            79.995413,
            14.4382364
          ],
          [
            79.9954069,
            14.4381544
          ]
        ]
      }
    },
    {
      "type": "Feature",
      "properties": {
        "id": "osm-way-415712380",
        "name": "Unnamed Road",
        "highway": "residential",
        "lanes": null,
        "width": 5.5,
        "type": "road"
      },
      "geometry": {
        "type": "LineString",
        "coordinates": [
          [
            79.9916814,
            14.4383338
          ],
          [
            79.9921353,
            14.4387584
          ],
          [
            79.9924572,
            14.4387973
          ]
        ]
      }
    },
    {
      "type": "Feature",
      "properties": {
        "id": "osm-way-415712381",
        "name": "Unnamed Road",
        "highway": "residential",
        "lanes": null,
        "width": 5.5,
        "type": "road"
      },
      "geometry": {
        "type": "LineString",
        "coordinates": [
          [
            79.9971736,
            14.4417838
          ],
          [
            79.9966757,
            14.4403153
          ],
          [
            79.9963183,
            14.4389255
          ]
        ]
      }
    },
    {
      "type": "Feature",
      "properties": {
        "id": "osm-way-415712386",
        "name": "Unnamed Road",
        "highway": "residential",
        "lanes": null,
        "width": 5.5,
        "type": "road"
      },
      "geometry": {
        "type": "LineString",
        "coordinates": [
          [
            79.9951148,
            14.4372543
          ],
          [
            79.9949666,
            14.4365288
          ],
          [
            79.9948731,
            14.4361738
          ],
          [
            79.9947385,
            14.4353356
          ]
        ]
      }
    },
    {
      "type": "Feature",
      "properties": {
        "id": "osm-way-415712387",
        "name": "Unnamed Road",
        "highway": "residential",
        "lanes": null,
        "width": 5.5,
        "type": "road"
      },
      "geometry": {
        "type": "LineString",
        "coordinates": [
          [
            79.9931798,
            14.4388071
          ],
          [
            79.9930325,
            14.4388571
          ],
          [
            79.9928783,
            14.438848
          ],
          [
            79.9924609,
            14.4388264
          ]
        ]
      }
    },
    {
      "type": "Feature",
      "properties": {
        "id": "osm-way-415712390",
        "name": "Unnamed Road",
        "highway": "residential",
        "lanes": null,
        "width": 5.5,
        "type": "road"
      },
      "geometry": {
        "type": "LineString",
        "coordinates": [
          [
            79.991733,
            14.4398245
          ],
          [
            79.9913843,
            14.4400642
          ],
          [
            79.9910077,
            14.4403072
          ],
          [
            79.9912822,
            14.4407091
          ],
          [
            79.9914853,
            14.4410064
          ],
          [
            79.9915259,
            14.4410658
          ]
        ]
      }
    },
    {
      "type": "Feature",
      "properties": {
        "id": "osm-way-415712394",
        "name": "Unnamed Road",
        "highway": "residential",
        "lanes": null,
        "width": 5.5,
        "type": "road"
      },
      "geometry": {
        "type": "LineString",
        "coordinates": [
          [
            79.9943302,
            14.4480303
          ],
          [
            79.9939646,
            14.4473585
          ],
          [
            79.9940625,
            14.4470546
          ],
          [
            79.994776,
            14.4470442
          ],
          [
            79.9947807,
            14.4473863
          ]
        ]
      }
    },
    {
      "type": "Feature",
      "properties": {
        "id": "osm-way-415712395",
        "name": "Unnamed Road",
        "highway": "residential",
        "lanes": null,
        "width": 5.5,
        "type": "road"
      },
      "geometry": {
        "type": "LineString",
        "coordinates": [
          [
            79.9901645,
            14.4508912
          ],
          [
            79.9902829,
            14.4507087
          ],
          [
            79.9904294,
            14.4505591
          ],
          [
            79.9905243,
            14.4504284
          ],
          [
            79.9907339,
            14.4501838
          ],
          [
            79.9910213,
            14.4498489
          ]
        ]
      }
    },
    {
      "type": "Feature",
      "properties": {
        "id": "osm-way-415712399",
        "name": "Unnamed Road",
        "highway": "residential",
        "lanes": null,
        "width": 5.5,
        "type": "road"
      },
      "geometry": {
        "type": "LineString",
        "coordinates": [
          [
            79.9931726,
            14.4387684
          ],
          [
            79.9936233,
            14.4386454
          ],
          [
            79.9941624,
            14.4384376
          ],
          [
            79.9954069,
            14.4381544
          ],
          [
            79.9959622,
            14.4378401
          ],
          [
            79.9958012,
            14.4374142
          ]
        ]
      }
    },
    {
      "type": "Feature",
      "properties": {
        "id": "osm-way-415712403",
        "name": "Unnamed Road",
        "highway": "residential",
        "lanes": null,
        "width": 5.5,
        "type": "road"
      },
      "geometry": {
        "type": "LineString",
        "coordinates": [
          [
            79.995413,
            14.4382364
          ],
          [
            79.9966467,
            14.4379919
          ],
          [
            79.9967682,
            14.4379674
          ],
          [
            79.9970712,
            14.4379074
          ],
          [
            79.9974763,
            14.4378272
          ],
          [
            79.9979161,
            14.4377207
          ],
          [
            79.9983614,
            14.4375155
          ]
        ]
      }
    },
    {
      "type": "Feature",
      "properties": {
        "id": "osm-way-415712404",
        "name": "Unnamed Road",
        "highway": "residential",
        "lanes": null,
        "width": 5.5,
        "type": "road"
      },
      "geometry": {
        "type": "LineString",
        "coordinates": [
          [
            79.997492,
            14.4416046
          ],
          [
            79.9979506,
            14.4414207
          ],
          [
            79.9983958,
            14.4412164
          ],
          [
            79.9988864,
            14.4409682
          ],
          [
            79.9991868,
            14.4408019
          ],
          [
            79.9994524,
            14.4406695
          ],
          [
            79.9996736,
            14.440498
          ],
          [
            79.9999347,
            14.4403499
          ],
          [
            80.000072,
            14.440272
          ],
          [
            80.0005116,
            14.4399733
          ]
        ]
      }
    },
    {
      "type": "Feature",
      "properties": {
        "id": "osm-way-415786677",
        "name": "Unnamed Road",
        "highway": "residential",
        "lanes": null,
        "width": 5.5,
        "type": "road"
      },
      "geometry": {
        "type": "LineString",
        "coordinates": [
          [
            79.9782166,
            14.4503988
          ],
          [
            79.9781613,
            14.4502461
          ],
          [
            79.9781318,
            14.4502175
          ],
          [
            79.9780358,
            14.4495461
          ]
        ]
      }
    },
    {
      "type": "Feature",
      "properties": {
        "id": "osm-way-416079065",
        "name": "Unnamed Road",
        "highway": "residential",
        "lanes": null,
        "width": 5.5,
        "type": "road"
      },
      "geometry": {
        "type": "LineString",
        "coordinates": [
          [
            79.9874103,
            14.4492417
          ],
          [
            79.9879398,
            14.4491053
          ]
        ]
      }
    },
    {
      "type": "Feature",
      "properties": {
        "id": "osm-way-416079068",
        "name": "Unnamed Road",
        "highway": "residential",
        "lanes": null,
        "width": 5.5,
        "type": "road"
      },
      "geometry": {
        "type": "LineString",
        "coordinates": [
          [
            79.9804011,
            14.4384265
          ],
          [
            79.9802238,
            14.4383454
          ]
        ]
      }
    },
    {
      "type": "Feature",
      "properties": {
        "id": "osm-way-416079073",
        "name": "Unnamed Road",
        "highway": "residential",
        "lanes": null,
        "width": 5.5,
        "type": "road"
      },
      "geometry": {
        "type": "LineString",
        "coordinates": [
          [
            79.9844743,
            14.4414298
          ],
          [
            79.984294,
            14.4408318
          ]
        ]
      }
    },
    {
      "type": "Feature",
      "properties": {
        "id": "osm-way-416079110",
        "name": "Unnamed Road",
        "highway": "residential",
        "lanes": null,
        "width": 5.5,
        "type": "road"
      },
      "geometry": {
        "type": "LineString",
        "coordinates": [
          [
            79.9859909,
            14.4473091
          ],
          [
            79.986464,
            14.4485643
          ]
        ]
      }
    },
    {
      "type": "Feature",
      "properties": {
        "id": "osm-way-416079121",
        "name": "Unnamed Road",
        "highway": "residential",
        "lanes": null,
        "width": 5.5,
        "type": "road"
      },
      "geometry": {
        "type": "LineString",
        "coordinates": [
          [
            79.9828264,
            14.4406534
          ],
          [
            79.9830506,
            14.4411342
          ]
        ]
      }
    },
    {
      "type": "Feature",
      "properties": {
        "id": "osm-way-416079131",
        "name": "Unnamed Road",
        "highway": "residential",
        "lanes": null,
        "width": 5.5,
        "type": "road"
      },
      "geometry": {
        "type": "LineString",
        "coordinates": [
          [
            79.9840376,
            14.4430951
          ],
          [
            79.983688,
            14.4424476
          ]
        ]
      }
    },
    {
      "type": "Feature",
      "properties": {
        "id": "osm-way-416079164",
        "name": "Unnamed Road",
        "highway": "residential",
        "lanes": null,
        "width": 5.5,
        "type": "road"
      },
      "geometry": {
        "type": "LineString",
        "coordinates": [
          [
            79.9887938,
            14.4532337
          ],
          [
            79.9898027,
            14.4528528
          ]
        ]
      }
    },
    {
      "type": "Feature",
      "properties": {
        "id": "osm-way-416079173",
        "name": "Unnamed Road",
        "highway": "residential",
        "lanes": null,
        "width": 5.5,
        "type": "road"
      },
      "geometry": {
        "type": "LineString",
        "coordinates": [
          [
            79.982961,
            14.4414762
          ],
          [
            79.9834217,
            14.4412394
          ]
        ]
      }
    },
    {
      "type": "Feature",
      "properties": {
        "id": "osm-way-416079180",
        "name": "Unnamed Road",
        "highway": "residential",
        "lanes": null,
        "width": 5.5,
        "type": "road"
      },
      "geometry": {
        "type": "LineString",
        "coordinates": [
          [
            79.9829035,
            14.4400544
          ],
          [
            79.9845418,
            14.4388396
          ]
        ]
      }
    },
    {
      "type": "Feature",
      "properties": {
        "id": "osm-way-416079205",
        "name": "Unnamed Road",
        "highway": "residential",
        "lanes": null,
        "width": 5.5,
        "type": "road"
      },
      "geometry": {
        "type": "LineString",
        "coordinates": [
          [
            79.9840892,
            14.4422615
          ],
          [
            79.9839152,
            14.4416539
          ]
        ]
      }
    },
    {
      "type": "Feature",
      "properties": {
        "id": "osm-way-416079227",
        "name": "Unnamed Road",
        "highway": "residential",
        "lanes": null,
        "width": 5.5,
        "type": "road"
      },
      "geometry": {
        "type": "LineString",
        "coordinates": [
          [
            79.988472,
            14.4488261
          ],
          [
            79.988194,
            14.4487877
          ],
          [
            79.9877903,
            14.4486678
          ]
        ]
      }
    },
    {
      "type": "Feature",
      "properties": {
        "id": "osm-way-416079247",
        "name": "Unnamed Road",
        "highway": "residential",
        "lanes": null,
        "width": 5.5,
        "type": "road"
      },
      "geometry": {
        "type": "LineString",
        "coordinates": [
          [
            79.9830789,
            14.4427872
          ],
          [
            79.982495,
            14.4418032
          ],
          [
            79.9821166,
            14.4412261
          ]
        ]
      }
    },
    {
      "type": "Feature",
      "properties": {
        "id": "osm-way-416079303",
        "name": "Unnamed Road",
        "highway": "residential",
        "lanes": null,
        "width": 5.5,
        "type": "road"
      },
      "geometry": {
        "type": "LineString",
        "coordinates": [
          [
            79.9793923,
            14.4393117
          ],
          [
            79.9792984,
            14.4391467
          ],
          [
            79.9793825,
            14.4375843
          ]
        ]
      }
    },
    {
      "type": "Feature",
      "properties": {
        "id": "osm-way-416079322",
        "name": "Unnamed Road",
        "highway": "residential",
        "lanes": null,
        "width": 5.5,
        "type": "road"
      },
      "geometry": {
        "type": "LineString",
        "coordinates": [
          [
            79.9829164,
            14.442884
          ],
          [
            79.9828302,
            14.4427851
          ],
          [
            79.9821409,
            14.4420487
          ]
        ]
      }
    },
    {
      "type": "Feature",
      "properties": {
        "id": "osm-way-416079334",
        "name": "Unnamed Road",
        "highway": "residential",
        "lanes": null,
        "width": 5.5,
        "type": "road"
      },
      "geometry": {
        "type": "LineString",
        "coordinates": [
          [
            79.983271,
            14.4426727
          ],
          [
            79.982862,
            14.4418485
          ],
          [
            79.9826121,
            14.4413539
          ],
          [
            79.9824661,
            14.4410617
          ],
          [
            79.9823945,
            14.44099
          ]
        ]
      }
    },
    {
      "type": "Feature",
      "properties": {
        "id": "osm-way-416079368",
        "name": "Unnamed Road",
        "highway": "residential",
        "lanes": null,
        "width": 5.5,
        "type": "road"
      },
      "geometry": {
        "type": "LineString",
        "coordinates": [
          [
            79.9791501,
            14.4395956
          ],
          [
            79.9792223,
            14.439511
          ],
          [
            79.9793923,
            14.4393117
          ],
          [
            79.9797383,
            14.4389103
          ],
          [
            79.9797785,
            14.4384609
          ]
        ]
      }
    },
    {
      "type": "Feature",
      "properties": {
        "id": "osm-way-416079374",
        "name": "Unnamed Road",
        "highway": "residential",
        "lanes": null,
        "width": 5.5,
        "type": "road"
      },
      "geometry": {
        "type": "LineString",
        "coordinates": [
          [
            79.9826121,
            14.4413539
          ],
          [
            79.9828531,
            14.4412394
          ],
          [
            79.9830506,
            14.4411342
          ],
          [
            79.9832885,
            14.4410053
          ]
        ]
      }
    },
    {
      "type": "Feature",
      "properties": {
        "id": "osm-way-416079389",
        "name": "Unnamed Road",
        "highway": "residential",
        "lanes": null,
        "width": 5.5,
        "type": "road"
      },
      "geometry": {
        "type": "LineString",
        "coordinates": [
          [
            79.9783915,
            14.4377629
          ],
          [
            79.9784723,
            14.4378596
          ],
          [
            79.9784374,
            14.4388012
          ],
          [
            79.9783647,
            14.4388783
          ]
        ]
      }
    },
    {
      "type": "Feature",
      "properties": {
        "id": "osm-way-416079392",
        "name": "Unnamed Road",
        "highway": "residential",
        "lanes": null,
        "width": 5.5,
        "type": "road"
      },
      "geometry": {
        "type": "LineString",
        "coordinates": [
          [
            79.9788345,
            14.4373987
          ],
          [
            79.9789323,
            14.4375155
          ],
          [
            79.9788666,
            14.4391714
          ],
          [
            79.978796,
            14.4392723
          ]
        ]
      }
    },
    {
      "type": "Feature",
      "properties": {
        "id": "osm-way-416079395",
        "name": "Unnamed Road",
        "highway": "residential",
        "lanes": null,
        "width": 5.5,
        "type": "road"
      },
      "geometry": {
        "type": "LineString",
        "coordinates": [
          [
            79.9798491,
            14.4402961
          ],
          [
            79.980066,
            14.4404491
          ],
          [
            79.9802493,
            14.4405792
          ],
          [
            79.980492,
            14.4408415
          ]
        ]
      }
    },
    {
      "type": "Feature",
      "properties": {
        "id": "osm-way-416079475",
        "name": "Unnamed Road",
        "highway": "residential",
        "lanes": null,
        "width": 5.5,
        "type": "road"
      },
      "geometry": {
        "type": "LineString",
        "coordinates": [
          [
            79.9777347,
            14.4383028
          ],
          [
            79.9783915,
            14.4377629
          ],
          [
            79.9788345,
            14.4373987
          ],
          [
            79.9790463,
            14.4372245
          ],
          [
            79.9793825,
            14.4375843
          ],
          [
            79.979737,
            14.4379635
          ],
          [
            79.980533,
            14.4381532
          ]
        ]
      }
    },
    {
      "type": "Feature",
      "properties": {
        "id": "osm-way-416087088",
        "name": "Unnamed Road",
        "highway": "residential",
        "lanes": null,
        "width": 5.5,
        "type": "road"
      },
      "geometry": {
        "type": "LineString",
        "coordinates": [
          [
            79.984654,
            14.4357805
          ],
          [
            79.9846747,
            14.4356415
          ],
          [
            79.9846915,
            14.4355285
          ],
          [
            79.9845655,
            14.435035
          ],
          [
            79.9843509,
            14.4343804
          ],
          [
            79.9842369,
            14.4339895
          ],
          [
            79.9841685,
            14.4336518
          ],
          [
            79.9840277,
            14.433218
          ],
          [
            79.9838721,
            14.4326881
          ],
          [
            79.9836656,
            14.4318127
          ],
          [
            79.9834067,
            14.4309023
          ]
        ]
      }
    },
    {
      "type": "Feature",
      "properties": {
        "id": "osm-way-416087091",
        "name": "Unnamed Road",
        "highway": "residential",
        "lanes": null,
        "width": 5.5,
        "type": "road"
      },
      "geometry": {
        "type": "LineString",
        "coordinates": [
          [
            79.9879051,
            14.4320831
          ],
          [
            79.9879767,
            14.4309712
          ],
          [
            79.9880535,
            14.4297794
          ],
          [
            79.9881274,
            14.428632
          ],
          [
            79.9885673,
            14.4286372
          ],
          [
            79.9890126,
            14.4286581
          ],
          [
            79.9894204,
            14.4286773
          ],
          [
            79.9898655,
            14.4286982
          ],
          [
            79.9902786,
            14.4287268
          ],
          [
            79.9905253,
            14.4287502
          ]
        ]
      }
    },
    {
      "type": "Feature",
      "properties": {
        "id": "osm-way-416087093",
        "name": "Unnamed Road",
        "highway": "residential",
        "lanes": null,
        "width": 5.5,
        "type": "road"
      },
      "geometry": {
        "type": "LineString",
        "coordinates": [
          [
            79.991079,
            14.4334006
          ],
          [
            79.9910444,
            14.4330058
          ],
          [
            79.9910554,
            14.4326282
          ],
          [
            79.9910311,
            14.4321979
          ],
          [
            79.9910137,
            14.4317242
          ],
          [
            79.9909934,
            14.43117
          ],
          [
            79.9909759,
            14.4306568
          ],
          [
            79.9910162,
            14.4305711
          ],
          [
            79.991062,
            14.4299334
          ],
          [
            79.991072,
            14.4292822
          ],
          [
            79.9909277,
            14.4292775
          ],
          [
            79.9910028,
            14.427628
          ]
        ]
      }
    },
    {
      "type": "Feature",
      "properties": {
        "id": "osm-way-416087095",
        "name": "Unnamed Road",
        "highway": "residential",
        "lanes": null,
        "width": 5.5,
        "type": "road"
      },
      "geometry": {
        "type": "LineString",
        "coordinates": [
          [
            79.985896,
            14.440054
          ],
          [
            79.9858838,
            14.4398261
          ],
          [
            79.9857376,
            14.4394248
          ],
          [
            79.9856129,
            14.4389209
          ],
          [
            79.9855203,
            14.4385273
          ],
          [
            79.9854747,
            14.4382975
          ],
          [
            79.9854144,
            14.4379832
          ],
          [
            79.9852575,
            14.4375897
          ],
          [
            79.9851555,
            14.4371896
          ],
          [
            79.985004,
            14.4367143
          ],
          [
            79.9848752,
            14.4362935
          ],
          [
            79.9847559,
            14.4357675
          ]
        ]
      }
    },
    {
      "type": "Feature",
      "properties": {
        "id": "osm-way-416087098",
        "name": "Unnamed Road",
        "highway": "residential",
        "lanes": null,
        "width": 5.5,
        "type": "road"
      },
      "geometry": {
        "type": "LineString",
        "coordinates": [
          [
            79.9910137,
            14.4317242
          ],
          [
            79.9897634,
            14.4318241
          ],
          [
            79.9891131,
            14.431876
          ],
          [
            79.9887853,
            14.4319282
          ],
          [
            79.9883549,
            14.432006
          ],
          [
            79.9879051,
            14.4320831
          ],
          [
            79.9877131,
            14.432116
          ],
          [
            79.9871094,
            14.4322195
          ],
          [
            79.9869072,
            14.4322542
          ],
          [
            79.9867078,
            14.4322834
          ],
          [
            79.9862514,
            14.4323425
          ],
          [
            79.9858445,
            14.4326631
          ],
          [
            79.9854314,
            14.4330763
          ],
          [
            79.9853917,
            14.4331113
          ],
          [
            79.9850018,
            14.4334738
          ],
          [
            79.9845924,
            14.4338542
          ]
        ]
      }
    },
    {
      "type": "Feature",
      "properties": {
        "id": "osm-way-416087100",
        "name": "Unnamed Road",
        "highway": "residential",
        "lanes": null,
        "width": 5.5,
        "type": "road"
      },
      "geometry": {
        "type": "LineString",
        "coordinates": [
          [
            79.9861138,
            14.4344781
          ],
          [
            79.9864222,
            14.4341968
          ]
        ]
      }
    },
    {
      "type": "Feature",
      "properties": {
        "id": "osm-way-416087105",
        "name": "Unnamed Road",
        "highway": "residential",
        "lanes": null,
        "width": 5.5,
        "type": "road"
      },
      "geometry": {
        "type": "LineString",
        "coordinates": [
          [
            79.9843451,
            14.4377856
          ],
          [
            79.9848659,
            14.437365
          ]
        ]
      }
    },
    {
      "type": "Feature",
      "properties": {
        "id": "osm-way-416087106",
        "name": "Unnamed Road",
        "highway": "residential",
        "lanes": null,
        "width": 5.5,
        "type": "road"
      },
      "geometry": {
        "type": "LineString",
        "coordinates": [
          [
            79.9910812,
            14.4338598
          ],
          [
            79.991079,
            14.4334006
          ]
        ]
      }
    },
    {
      "type": "Feature",
      "properties": {
        "id": "osm-way-416087111",
        "name": "Unnamed Road",
        "highway": "residential",
        "lanes": null,
        "width": 5.5,
        "type": "road"
      },
      "geometry": {
        "type": "LineString",
        "coordinates": [
          [
            79.9895583,
            14.4330832
          ],
          [
            79.9895557,
            14.4321881
          ]
        ]
      }
    },
    {
      "type": "Feature",
      "properties": {
        "id": "osm-way-416087113",
        "name": "Unnamed Road",
        "highway": "residential",
        "lanes": null,
        "width": 5.5,
        "type": "road"
      },
      "geometry": {
        "type": "LineString",
        "coordinates": [
          [
            79.983166,
            14.4316458
          ],
          [
            79.9834979,
            14.4327076
          ]
        ]
      }
    },
    {
      "type": "Feature",
      "properties": {
        "id": "osm-way-416087114",
        "name": "Unnamed Road",
        "highway": "residential",
        "lanes": null,
        "width": 5.5,
        "type": "road"
      },
      "geometry": {
        "type": "LineString",
        "coordinates": [
          [
            79.9871094,
            14.4322195
          ],
          [
            79.9870478,
            14.430775
          ]
        ]
      }
    },
    {
      "type": "Feature",
      "properties": {
        "id": "osm-way-416087115",
        "name": "Unnamed Road",
        "highway": "residential",
        "lanes": null,
        "width": 5.5,
        "type": "road"
      },
      "geometry": {
        "type": "LineString",
        "coordinates": [
          [
            79.9895876,
            14.4347108
          ],
          [
            79.989534,
            14.4343792
          ],
          [
            79.9894779,
            14.4340323
          ]
        ]
      }
    },
    {
      "type": "Feature",
      "properties": {
        "id": "osm-way-416087119",
        "name": "Unnamed Road",
        "highway": "residential",
        "lanes": null,
        "width": 5.5,
        "type": "road"
      },
      "geometry": {
        "type": "LineString",
        "coordinates": [
          [
            79.9876698,
            14.4346566
          ],
          [
            79.9877561,
            14.4335984
          ]
        ]
      }
    },
    {
      "type": "Feature",
      "properties": {
        "id": "osm-way-416087121",
        "name": "Unnamed Road",
        "highway": "residential",
        "lanes": null,
        "width": 5.5,
        "type": "road"
      },
      "geometry": {
        "type": "LineString",
        "coordinates": [
          [
            79.9876487,
            14.4356842
          ],
          [
            79.9880311,
            14.435661
          ]
        ]
      }
    },
    {
      "type": "Feature",
      "properties": {
        "id": "osm-way-416087126",
        "name": "Unnamed Road",
        "highway": "residential",
        "lanes": null,
        "width": 5.5,
        "type": "road"
      },
      "geometry": {
        "type": "LineString",
        "coordinates": [
          [
            79.9867078,
            14.4322834
          ],
          [
            79.9866482,
            14.4307841
          ]
        ]
      }
    },
    {
      "type": "Feature",
      "properties": {
        "id": "osm-way-416087129",
        "name": "Unnamed Road",
        "highway": "residential",
        "lanes": null,
        "width": 5.5,
        "type": "road"
      },
      "geometry": {
        "type": "LineString",
        "coordinates": [
          [
            79.9883575,
            14.4345935
          ],
          [
            79.9883251,
            14.4336049
          ]
        ]
      }
    },
    {
      "type": "Feature",
      "properties": {
        "id": "osm-way-416087130",
        "name": "Unnamed Road",
        "highway": "residential",
        "lanes": null,
        "width": 5.5,
        "type": "road"
      },
      "geometry": {
        "type": "LineString",
        "coordinates": [
          [
            79.9851003,
            14.4357127
          ],
          [
            79.9849463,
            14.4351337
          ],
          [
            79.9847693,
            14.4345025
          ],
          [
            79.9845924,
            14.4338542
          ],
          [
            79.9843871,
            14.43317
          ],
          [
            79.9842141,
            14.43254
          ],
          [
            79.9839995,
            14.4317023
          ],
          [
            79.9837206,
            14.4307542
          ],
          [
            79.9836669,
            14.4303918
          ],
          [
            79.983679,
            14.4301399
          ],
          [
            79.9837822,
            14.4297905
          ],
          [
            79.9840344,
            14.4293684
          ],
          [
            79.9847157,
            14.4281887
          ],
          [
            79.9855203,
            14.4267227
          ],
          [
            79.9862529,
            14.4251378
          ],
          [
            79.9865986,
            14.42439
          ],
          [
            79.9865074,
            14.4235328
          ],
          [
            79.9864269,
            14.4230912
          ],
          [
            79.986502,
            14.422608
          ],
          [
            79.9867434,
            14.4219015
          ],
          [
            79.9870331,
            14.4213767
          ],
          [
            79.9873228,
            14.4209923
          ],
          [
            79.9875588,
            14.4205351
          ],
          [
            79.9877159,
            14.4198899
          ]
        ]
      }
    },
    {
      "type": "Feature",
      "properties": {
        "id": "osm-way-416087131",
        "name": "Unnamed Road",
        "highway": "residential",
        "lanes": null,
        "width": 5.5,
        "type": "road"
      },
      "geometry": {
        "type": "LineString",
        "coordinates": [
          [
            79.9824143,
            14.4337258
          ],
          [
            79.9832718,
            14.4329201
          ],
          [
            79.9834979,
            14.4327076
          ]
        ]
      }
    },
    {
      "type": "Feature",
      "properties": {
        "id": "osm-way-416087133",
        "name": "Unnamed Road",
        "highway": "residential",
        "lanes": null,
        "width": 5.5,
        "type": "road"
      },
      "geometry": {
        "type": "LineString",
        "coordinates": [
          [
            79.9858445,
            14.4326631
          ],
          [
            79.9858221,
            14.4324465
          ],
          [
            79.985784,
            14.4303421
          ]
        ]
      }
    },
    {
      "type": "Feature",
      "properties": {
        "id": "osm-way-416087134",
        "name": "Unnamed Road",
        "highway": "residential",
        "lanes": null,
        "width": 5.5,
        "type": "road"
      },
      "geometry": {
        "type": "LineString",
        "coordinates": [
          [
            79.9857574,
            14.4341047
          ],
          [
            79.9861138,
            14.4344781
          ],
          [
            79.9861357,
            14.4358255
          ]
        ]
      }
    },
    {
      "type": "Feature",
      "properties": {
        "id": "osm-way-416087135",
        "name": "Unnamed Road",
        "highway": "residential",
        "lanes": null,
        "width": 5.5,
        "type": "road"
      },
      "geometry": {
        "type": "LineString",
        "coordinates": [
          [
            79.9871203,
            14.4512964
          ],
          [
            79.9876099,
            14.4510221
          ],
          [
            79.9878728,
            14.4516441
          ]
        ]
      }
    },
    {
      "type": "Feature",
      "properties": {
        "id": "osm-way-416087139",
        "name": "Unnamed Road",
        "highway": "residential",
        "lanes": null,
        "width": 5.5,
        "type": "road"
      },
      "geometry": {
        "type": "LineString",
        "coordinates": [
          [
            79.984083,
            14.4374702
          ],
          [
            79.9843451,
            14.4377856
          ],
          [
            79.9846204,
            14.4381169
          ]
        ]
      }
    },
    {
      "type": "Feature",
      "properties": {
        "id": "osm-way-416087140",
        "name": "Unnamed Road",
        "highway": "residential",
        "lanes": null,
        "width": 5.5,
        "type": "road"
      },
      "geometry": {
        "type": "LineString",
        "coordinates": [
          [
            79.9828019,
            14.431946
          ],
          [
            79.9829722,
            14.4325154
          ],
          [
            79.9832718,
            14.4329201
          ]
        ]
      }
    },
    {
      "type": "Feature",
      "properties": {
        "id": "osm-way-416087145",
        "name": "Unnamed Road",
        "highway": "residential",
        "lanes": null,
        "width": 5.5,
        "type": "road"
      },
      "geometry": {
        "type": "LineString",
        "coordinates": [
          [
            79.9854314,
            14.4330763
          ],
          [
            79.985412,
            14.4324945
          ],
          [
            79.9853448,
            14.4303539
          ],
          [
            79.9853299,
            14.4300295
          ]
        ]
      }
    },
    {
      "type": "Feature",
      "properties": {
        "id": "osm-way-416087146",
        "name": "Unnamed Road",
        "highway": "residential",
        "lanes": null,
        "width": 5.5,
        "type": "road"
      },
      "geometry": {
        "type": "LineString",
        "coordinates": [
          [
            79.990644,
            14.4329997
          ],
          [
            79.990615,
            14.4322333
          ]
        ]
      }
    },
    {
      "type": "Feature",
      "properties": {
        "id": "osm-way-416087148",
        "name": "Unnamed Road",
        "highway": "residential",
        "lanes": null,
        "width": 5.5,
        "type": "road"
      },
      "geometry": {
        "type": "LineString",
        "coordinates": [
          [
            79.9907154,
            14.4341259
          ],
          [
            79.9907078,
            14.4338793
          ],
          [
            79.9906737,
            14.4334309
          ]
        ]
      }
    },
    {
      "type": "Feature",
      "properties": {
        "id": "osm-way-416087152",
        "name": "Unnamed Road",
        "highway": "residential",
        "lanes": null,
        "width": 5.5,
        "type": "road"
      },
      "geometry": {
        "type": "LineString",
        "coordinates": [
          [
            79.9834684,
            14.4368688
          ],
          [
            79.9834187,
            14.4366057
          ],
          [
            79.9832941,
            14.4360272
          ]
        ]
      }
    },
    {
      "type": "Feature",
      "properties": {
        "id": "osm-way-416087154",
        "name": "Unnamed Road",
        "highway": "residential",
        "lanes": null,
        "width": 5.5,
        "type": "road"
      },
      "geometry": {
        "type": "LineString",
        "coordinates": [
          [
            79.9839807,
            14.436726
          ],
          [
            79.9839276,
            14.4364887
          ],
          [
            79.9838024,
            14.4358896
          ]
        ]
      }
    },
    {
      "type": "Feature",
      "properties": {
        "id": "osm-way-416087161",
        "name": "Unnamed Road",
        "highway": "residential",
        "lanes": null,
        "width": 5.5,
        "type": "road"
      },
      "geometry": {
        "type": "LineString",
        "coordinates": [
          [
            79.9837877,
            14.437717
          ],
          [
            79.984083,
            14.4374702
          ],
          [
            79.9846191,
            14.4369649
          ]
        ]
      }
    },
    {
      "type": "Feature",
      "properties": {
        "id": "osm-way-416087165",
        "name": "Unnamed Road",
        "highway": "residential",
        "lanes": null,
        "width": 5.5,
        "type": "road"
      },
      "geometry": {
        "type": "LineString",
        "coordinates": [
          [
            79.9851917,
            14.4339645
          ],
          [
            79.9857286,
            14.433471
          ],
          [
            79.9861493,
            14.4330842
          ],
          [
            79.9864336,
            14.4330635
          ],
          [
            79.9869273,
            14.4329633
          ]
        ]
      }
    },
    {
      "type": "Feature",
      "properties": {
        "id": "osm-way-416087167",
        "name": "Unnamed Road",
        "highway": "residential",
        "lanes": null,
        "width": 5.5,
        "type": "road"
      },
      "geometry": {
        "type": "LineString",
        "coordinates": [
          [
            79.9831613,
            14.4366649
          ],
          [
            79.9834187,
            14.4366057
          ],
          [
            79.9839276,
            14.4364887
          ],
          [
            79.9844635,
            14.4363654
          ]
        ]
      }
    },
    {
      "type": "Feature",
      "properties": {
        "id": "osm-way-416087169",
        "name": "Unnamed Road",
        "highway": "residential",
        "lanes": null,
        "width": 5.5,
        "type": "road"
      },
      "geometry": {
        "type": "LineString",
        "coordinates": [
          [
            79.9863932,
            14.4357349
          ],
          [
            79.9865127,
            14.4350074
          ],
          [
            79.9865878,
            14.4348996
          ],
          [
            79.9867459,
            14.4348357
          ]
        ]
      }
    },
    {
      "type": "Feature",
      "properties": {
        "id": "osm-way-416087172",
        "name": "Unnamed Road",
        "highway": "residential",
        "lanes": null,
        "width": 5.5,
        "type": "road"
      },
      "geometry": {
        "type": "LineString",
        "coordinates": [
          [
            79.9845537,
            14.4325179
          ],
          [
            79.9849706,
            14.4325124
          ],
          [
            79.985412,
            14.4324945
          ],
          [
            79.9858221,
            14.4324465
          ]
        ]
      }
    },
    {
      "type": "Feature",
      "properties": {
        "id": "osm-way-416087184",
        "name": "Unnamed Road",
        "highway": "residential",
        "lanes": null,
        "width": 5.5,
        "type": "road"
      },
      "geometry": {
        "type": "LineString",
        "coordinates": [
          [
            79.9902892,
            14.4339126
          ],
          [
            79.9907078,
            14.4338793
          ],
          [
            79.9910812,
            14.4338598
          ],
          [
            79.9914936,
            14.4338323
          ],
          [
            79.9914685,
            14.4333714
          ]
        ]
      }
    },
    {
      "type": "Feature",
      "properties": {
        "id": "osm-way-416087187",
        "name": "Unnamed Road",
        "highway": "residential",
        "lanes": null,
        "width": 5.5,
        "type": "road"
      },
      "geometry": {
        "type": "LineString",
        "coordinates": [
          [
            79.9877432,
            14.4335973
          ],
          [
            79.9877866,
            14.4329712
          ],
          [
            79.9878069,
            14.432679
          ],
          [
            79.9877131,
            14.432116
          ],
          [
            79.9873362,
            14.430988
          ],
          [
            79.9873724,
            14.4307646
          ]
        ]
      }
    },
    {
      "type": "Feature",
      "properties": {
        "id": "osm-way-416087191",
        "name": "Unnamed Road",
        "highway": "residential",
        "lanes": null,
        "width": 5.5,
        "type": "road"
      },
      "geometry": {
        "type": "LineString",
        "coordinates": [
          [
            79.9862715,
            14.4328048
          ],
          [
            79.9862514,
            14.4323425
          ],
          [
            79.9861991,
            14.4307735
          ],
          [
            79.9866482,
            14.4307841
          ],
          [
            79.9870478,
            14.430775
          ],
          [
            79.9873724,
            14.4307646
          ]
        ]
      }
    },
    {
      "type": "Feature",
      "properties": {
        "id": "osm-way-416087193",
        "name": "Unnamed Road",
        "highway": "residential",
        "lanes": null,
        "width": 5.5,
        "type": "road"
      },
      "geometry": {
        "type": "LineString",
        "coordinates": [
          [
            79.9883549,
            14.432006
          ],
          [
            79.9884187,
            14.4309948
          ],
          [
            79.9884936,
            14.4298067
          ],
          [
            79.9885673,
            14.4286372
          ],
          [
            79.9886102,
            14.4274319
          ],
          [
            79.9888282,
            14.4274428
          ]
        ]
      }
    },
    {
      "type": "Feature",
      "properties": {
        "id": "osm-way-416087194",
        "name": "Unnamed Road",
        "highway": "residential",
        "lanes": null,
        "width": 5.5,
        "type": "road"
      },
      "geometry": {
        "type": "LineString",
        "coordinates": [
          [
            79.9847559,
            14.4357675
          ],
          [
            79.984654,
            14.4357805
          ],
          [
            79.9843401,
            14.4358207
          ],
          [
            79.9844635,
            14.4363654
          ],
          [
            79.9845373,
            14.4366909
          ]
        ]
      }
    },
    {
      "type": "Feature",
      "properties": {
        "id": "osm-way-416087195",
        "name": "Unnamed Road",
        "highway": "residential",
        "lanes": null,
        "width": 5.5,
        "type": "road"
      },
      "geometry": {
        "type": "LineString",
        "coordinates": [
          [
            79.9864222,
            14.4341968
          ],
          [
            79.9864298,
            14.4334984
          ],
          [
            79.9868978,
            14.4335218
          ],
          [
            79.9873243,
            14.4335607
          ],
          [
            79.9877432,
            14.4335973
          ],
          [
            79.9877561,
            14.4335984
          ],
          [
            79.9881866,
            14.4336062
          ]
        ]
      }
    },
    {
      "type": "Feature",
      "properties": {
        "id": "osm-way-416087197",
        "name": "Unnamed Road",
        "highway": "residential",
        "lanes": null,
        "width": 5.5,
        "type": "road"
      },
      "geometry": {
        "type": "LineString",
        "coordinates": [
          [
            79.9891131,
            14.431876
          ],
          [
            79.9891586,
            14.4330382
          ],
          [
            79.9895583,
            14.4330832
          ],
          [
            79.9902276,
            14.4330438
          ]
        ]
      }
    },
    {
      "type": "Feature",
      "properties": {
        "id": "osm-way-416087198",
        "name": "Unnamed Road",
        "highway": "residential",
        "lanes": null,
        "width": 5.5,
        "type": "road"
      },
      "geometry": {
        "type": "LineString",
        "coordinates": [
          [
            79.9845681,
            14.4330583
          ],
          [
            79.9845537,
            14.4325179
          ],
          [
            79.9845118,
            14.4309464
          ],
          [
            79.9849021,
            14.4304032
          ],
          [
            79.984988,
            14.430247
          ],
          [
            79.9858057,
            14.4287609
          ],
          [
            79.9858349,
            14.4287079
          ],
          [
            79.9865691,
            14.4272371
          ]
        ]
      }
    },
    {
      "type": "Feature",
      "properties": {
        "id": "osm-way-416087199",
        "name": "Unnamed Road",
        "highway": "residential",
        "lanes": null,
        "width": 5.5,
        "type": "road"
      },
      "geometry": {
        "type": "LineString",
        "coordinates": [
          [
            79.9869072,
            14.4322542
          ],
          [
            79.9869273,
            14.4329633
          ],
          [
            79.9869231,
            14.4330423
          ],
          [
            79.9868978,
            14.4335218
          ],
          [
            79.9867972,
            14.4345919
          ],
          [
            79.9864222,
            14.4341968
          ],
          [
            79.9860711,
            14.433827
          ],
          [
            79.9857286,
            14.433471
          ]
        ]
      }
    },
    {
      "type": "Feature",
      "properties": {
        "id": "osm-way-416087201",
        "name": "Unnamed Road",
        "highway": "residential",
        "lanes": null,
        "width": 5.5,
        "type": "road"
      },
      "geometry": {
        "type": "LineString",
        "coordinates": [
          [
            79.9849021,
            14.4304032
          ],
          [
            79.9849706,
            14.4325124
          ],
          [
            79.9850018,
            14.4334738
          ],
          [
            79.9851917,
            14.4339645
          ],
          [
            79.9853708,
            14.434447
          ],
          [
            79.9857574,
            14.4341047
          ],
          [
            79.9860711,
            14.433827
          ],
          [
            79.9864298,
            14.4334984
          ],
          [
            79.9869231,
            14.4330423
          ]
        ]
      }
    },
    {
      "type": "Feature",
      "properties": {
        "id": "osm-way-416112018",
        "name": "Unnamed Road",
        "highway": "residential",
        "lanes": null,
        "width": 5.5,
        "type": "road"
      },
      "geometry": {
        "type": "LineString",
        "coordinates": [
          [
            79.9764531,
            14.4471078
          ],
          [
            79.9764067,
            14.4472573
          ],
          [
            79.9763677,
            14.4473831
          ],
          [
            79.9762098,
            14.4475384
          ],
          [
            79.9760814,
            14.4476196
          ],
          [
            79.9756718,
            14.4477367
          ],
          [
            79.9754053,
            14.4478347
          ],
          [
            79.9752789,
            14.4478711
          ],
          [
            79.9752375,
            14.4478849
          ],
          [
            79.975079,
            14.4480692
          ]
        ]
      }
    },
    {
      "type": "Feature",
      "properties": {
        "id": "osm-way-416112020",
        "name": "Unnamed Road",
        "highway": "residential",
        "lanes": null,
        "width": 5.5,
        "type": "road"
      },
      "geometry": {
        "type": "LineString",
        "coordinates": [
          [
            79.9829362,
            14.4500016
          ],
          [
            79.9828734,
            14.4498393
          ],
          [
            79.9827896,
            14.4497481
          ],
          [
            79.9826744,
            14.4496298
          ],
          [
            79.9826465,
            14.4495656
          ],
          [
            79.9826361,
            14.4494676
          ],
          [
            79.9826144,
            14.4493248
          ],
          [
            79.9826012,
            14.4491769
          ],
          [
            79.9825471,
            14.448887
          ],
          [
            79.9824511,
            14.4486159
          ],
          [
            79.9823359,
            14.4482645
          ],
          [
            79.9822317,
            14.447872
          ]
        ]
      }
    },
    {
      "type": "Feature",
      "properties": {
        "id": "osm-way-416112024",
        "name": "Unnamed Road",
        "highway": "residential",
        "lanes": null,
        "width": 5.5,
        "type": "road"
      },
      "geometry": {
        "type": "LineString",
        "coordinates": [
          [
            79.9828217,
            14.4525106
          ],
          [
            79.9827531,
            14.4518663
          ]
        ]
      }
    },
    {
      "type": "Feature",
      "properties": {
        "id": "osm-way-416112030",
        "name": "Unnamed Road",
        "highway": "residential",
        "lanes": null,
        "width": 5.5,
        "type": "road"
      },
      "geometry": {
        "type": "LineString",
        "coordinates": [
          [
            79.9822904,
            14.4494401
          ],
          [
            79.9821558,
            14.4490085
          ]
        ]
      }
    },
    {
      "type": "Feature",
      "properties": {
        "id": "osm-way-416112038",
        "name": "Unnamed Road",
        "highway": "residential",
        "lanes": null,
        "width": 5.5,
        "type": "road"
      },
      "geometry": {
        "type": "LineString",
        "coordinates": [
          [
            79.9800793,
            14.4469422
          ],
          [
            79.9805315,
            14.446889
          ]
        ]
      }
    },
    {
      "type": "Feature",
      "properties": {
        "id": "osm-way-416112039",
        "name": "Unnamed Road",
        "highway": "residential",
        "lanes": null,
        "width": 5.5,
        "type": "road"
      },
      "geometry": {
        "type": "LineString",
        "coordinates": [
          [
            79.9760158,
            14.4442336
          ],
          [
            79.9761366,
            14.4448403
          ]
        ]
      }
    },
    {
      "type": "Feature",
      "properties": {
        "id": "osm-way-416112044",
        "name": "Unnamed Road",
        "highway": "residential",
        "lanes": null,
        "width": 5.5,
        "type": "road"
      },
      "geometry": {
        "type": "LineString",
        "coordinates": [
          [
            79.9810668,
            14.4488367
          ],
          [
            79.9810059,
            14.4484352
          ]
        ]
      }
    },
    {
      "type": "Feature",
      "properties": {
        "id": "osm-way-416112050",
        "name": "Unnamed Road",
        "highway": "residential",
        "lanes": null,
        "width": 5.5,
        "type": "road"
      },
      "geometry": {
        "type": "LineString",
        "coordinates": [
          [
            79.979826,
            14.4482462
          ],
          [
            79.9799952,
            14.449059
          ]
        ]
      }
    },
    {
      "type": "Feature",
      "properties": {
        "id": "osm-way-416112052",
        "name": "Unnamed Road",
        "highway": "residential",
        "lanes": null,
        "width": 5.5,
        "type": "road"
      },
      "geometry": {
        "type": "LineString",
        "coordinates": [
          [
            79.9807749,
            14.4463596
          ],
          [
            79.9808554,
            14.4467371
          ],
          [
            79.9804996,
            14.4468008
          ]
        ]
      }
    },
    {
      "type": "Feature",
      "properties": {
        "id": "osm-way-416112056",
        "name": "Unnamed Road",
        "highway": "residential",
        "lanes": null,
        "width": 5.5,
        "type": "road"
      },
      "geometry": {
        "type": "LineString",
        "coordinates": [
          [
            79.976389,
            14.4441587
          ],
          [
            79.9765308,
            14.4447365
          ],
          [
            79.9766243,
            14.4451351
          ]
        ]
      }
    },
    {
      "type": "Feature",
      "properties": {
        "id": "osm-way-416112060",
        "name": "Unnamed Road",
        "highway": "residential",
        "lanes": null,
        "width": 5.5,
        "type": "road"
      },
      "geometry": {
        "type": "LineString",
        "coordinates": [
          [
            79.9811,
            14.4493867
          ],
          [
            79.9812213,
            14.4496286
          ],
          [
            79.9815575,
            14.4496286
          ]
        ]
      }
    },
    {
      "type": "Feature",
      "properties": {
        "id": "osm-way-416112066",
        "name": "Unnamed Road",
        "highway": "residential",
        "lanes": null,
        "width": 5.5,
        "type": "road"
      },
      "geometry": {
        "type": "LineString",
        "coordinates": [
          [
            79.9815464,
            14.448269
          ],
          [
            79.9812537,
            14.4483845
          ],
          [
            79.9811553,
            14.4484046
          ],
          [
            79.9810059,
            14.4484352
          ]
        ]
      }
    },
    {
      "type": "Feature",
      "properties": {
        "id": "osm-way-416112070",
        "name": "Unnamed Road",
        "highway": "residential",
        "lanes": null,
        "width": 5.5,
        "type": "road"
      },
      "geometry": {
        "type": "LineString",
        "coordinates": [
          [
            79.9820512,
            14.4484903
          ],
          [
            79.9820201,
            14.4482284
          ],
          [
            79.9819608,
            14.4480683
          ],
          [
            79.9819493,
            14.4480102
          ]
        ]
      }
    },
    {
      "type": "Feature",
      "properties": {
        "id": "osm-way-416112071",
        "name": "Unnamed Road",
        "highway": "residential",
        "lanes": null,
        "width": 5.5,
        "type": "road"
      },
      "geometry": {
        "type": "LineString",
        "coordinates": [
          [
            79.9811553,
            14.4484046
          ],
          [
            79.9810712,
            14.4480817
          ],
          [
            79.981007,
            14.4477997
          ],
          [
            79.9809731,
            14.4475667
          ]
        ]
      }
    },
    {
      "type": "Feature",
      "properties": {
        "id": "osm-way-416112076",
        "name": "Unnamed Road",
        "highway": "residential",
        "lanes": null,
        "width": 5.5,
        "type": "road"
      },
      "geometry": {
        "type": "LineString",
        "coordinates": [
          [
            79.9799794,
            14.4501005
          ],
          [
            79.9800831,
            14.4503993
          ],
          [
            79.9801982,
            14.4509333
          ],
          [
            79.9802576,
            14.4515889
          ]
        ]
      }
    },
    {
      "type": "Feature",
      "properties": {
        "id": "osm-way-416112092",
        "name": "Unnamed Road",
        "highway": "residential",
        "lanes": null,
        "width": 5.5,
        "type": "road"
      },
      "geometry": {
        "type": "LineString",
        "coordinates": [
          [
            79.9817498,
            14.44858
          ],
          [
            79.9815464,
            14.448269
          ],
          [
            79.9814527,
            14.4481748
          ],
          [
            79.9813908,
            14.4477815
          ],
          [
            79.9813581,
            14.4475306
          ]
        ]
      }
    },
    {
      "type": "Feature",
      "properties": {
        "id": "osm-way-416112094",
        "name": "Unnamed Road",
        "highway": "residential",
        "lanes": null,
        "width": 5.5,
        "type": "road"
      },
      "geometry": {
        "type": "LineString",
        "coordinates": [
          [
            79.9774486,
            14.447047
          ],
          [
            79.9778166,
            14.446587
          ],
          [
            79.9778758,
            14.4465192
          ],
          [
            79.9783299,
            14.4459991
          ],
          [
            79.9787124,
            14.4454638
          ],
          [
            79.9789419,
            14.4449858
          ],
          [
            79.9790151,
            14.4446209
          ]
        ]
      }
    },
    {
      "type": "Feature",
      "properties": {
        "id": "osm-way-416348053",
        "name": "Unnamed Road",
        "highway": "residential",
        "lanes": null,
        "width": 5.5,
        "type": "road"
      },
      "geometry": {
        "type": "LineString",
        "coordinates": [
          [
            79.9872202,
            14.4387284
          ],
          [
            79.9873322,
            14.4391756
          ],
          [
            79.9873962,
            14.4394103
          ],
          [
            79.9875001,
            14.4398398
          ]
        ]
      }
    },
    {
      "type": "Feature",
      "properties": {
        "id": "osm-way-419199431",
        "name": "Unnamed Road",
        "highway": "residential",
        "lanes": null,
        "width": 5.5,
        "type": "road"
      },
      "geometry": {
        "type": "LineString",
        "coordinates": [
          [
            79.9764744,
            14.4393985
          ],
          [
            79.9768584,
            14.440161
          ]
        ]
      }
    },
    {
      "type": "Feature",
      "properties": {
        "id": "osm-way-449436286",
        "name": "Unnamed Road",
        "highway": "residential",
        "lanes": null,
        "width": 5.5,
        "type": "road"
      },
      "geometry": {
        "type": "LineString",
        "coordinates": [
          [
            79.9859909,
            14.4473091
          ],
          [
            79.9854275,
            14.4459152
          ]
        ]
      }
    },
    {
      "type": "Feature",
      "properties": {
        "id": "osm-way-788898432",
        "name": "Unnamed Road",
        "highway": "residential",
        "lanes": null,
        "width": 5.5,
        "type": "road"
      },
      "geometry": {
        "type": "LineString",
        "coordinates": [
          [
            79.9927339,
            14.4371432
          ],
          [
            79.9925562,
            14.4369608
          ]
        ]
      }
    },
    {
      "type": "Feature",
      "properties": {
        "id": "osm-way-788898433",
        "name": "Unnamed Road",
        "highway": "residential",
        "lanes": null,
        "width": 5.5,
        "type": "road"
      },
      "geometry": {
        "type": "LineString",
        "coordinates": [
          [
            79.9925562,
            14.4369608
          ],
          [
            79.9924718,
            14.4368742
          ],
          [
            79.9924205,
            14.4368216
          ]
        ]
      }
    },
    {
      "type": "Feature",
      "properties": {
        "id": "osm-way-788898434",
        "name": "Childerns Park Road",
        "highway": "tertiary",
        "lanes": null,
        "width": 6.5,
        "type": "road"
      },
      "geometry": {
        "type": "LineString",
        "coordinates": [
          [
            79.9876674,
            14.4424881
          ],
          [
            79.9874485,
            14.4424175
          ]
        ]
      }
    },
    {
      "type": "Feature",
      "properties": {
        "id": "osm-way-788898435",
        "name": "Childerns Park Road",
        "highway": "tertiary",
        "lanes": null,
        "width": 6.5,
        "type": "road"
      },
      "geometry": {
        "type": "LineString",
        "coordinates": [
          [
            79.9874485,
            14.4424175
          ],
          [
            79.987362,
            14.4423896
          ],
          [
            79.9869169,
            14.4422983
          ],
          [
            79.9868517,
            14.4422849
          ]
        ]
      }
    },
    {
      "type": "Feature",
      "properties": {
        "id": "osm-way-788898436",
        "name": "Childrens Park Road",
        "highway": "tertiary",
        "lanes": null,
        "width": 6.5,
        "type": "road"
      },
      "geometry": {
        "type": "LineString",
        "coordinates": [
          [
            79.9874425,
            14.4424652
          ],
          [
            79.9876306,
            14.4425354
          ]
        ]
      }
    },
    {
      "type": "Feature",
      "properties": {
        "id": "osm-way-788898437",
        "name": "Childrens Park Road",
        "highway": "tertiary",
        "lanes": null,
        "width": 6.5,
        "type": "road"
      },
      "geometry": {
        "type": "LineString",
        "coordinates": [
          [
            79.9868054,
            14.4423269
          ],
          [
            79.98687,
            14.4423399
          ],
          [
            79.9873821,
            14.4424426
          ],
          [
            79.9874425,
            14.4424652
          ]
        ]
      }
    },
    {
      "type": "Feature",
      "properties": {
        "id": "osm-way-795200898",
        "name": "Balaji Nagar(andhra bank road)",
        "highway": "unclassified",
        "lanes": null,
        "width": 5.5,
        "type": "road"
      },
      "geometry": {
        "type": "LineString",
        "coordinates": [
          [
            79.9897363,
            14.451492
          ],
          [
            79.9900159,
            14.4513607
          ]
        ]
      }
    },
    {
      "type": "Feature",
      "properties": {
        "id": "osm-way-795200899",
        "name": "Balaji Nagar(andhra bank road)",
        "highway": "unclassified",
        "lanes": null,
        "width": 5.5,
        "type": "road"
      },
      "geometry": {
        "type": "LineString",
        "coordinates": [
          [
            79.9894524,
            14.4515893
          ],
          [
            79.9897363,
            14.451492
          ]
        ]
      }
    },
    {
      "type": "Feature",
      "properties": {
        "id": "osm-way-795200900",
        "name": "Balaji Nagar Main Road",
        "highway": "tertiary",
        "lanes": null,
        "width": 6.5,
        "type": "road"
      },
      "geometry": {
        "type": "LineString",
        "coordinates": [
          [
            79.9899694,
            14.4522389
          ],
          [
            79.990267,
            14.4521231
          ]
        ]
      }
    },
    {
      "type": "Feature",
      "properties": {
        "id": "osm-way-795200901",
        "name": "Balaji Nagar Main Road",
        "highway": "tertiary",
        "lanes": null,
        "width": 6.5,
        "type": "road"
      },
      "geometry": {
        "type": "LineString",
        "coordinates": [
          [
            79.9897108,
            14.4523291
          ],
          [
            79.9898859,
            14.4522662
          ],
          [
            79.9899694,
            14.4522389
          ]
        ]
      }
    },
    {
      "type": "Feature",
      "properties": {
        "id": "osm-way-1031554486",
        "name": "Unnamed Road",
        "highway": "tertiary",
        "lanes": null,
        "width": 6.5,
        "type": "road"
      },
      "geometry": {
        "type": "LineString",
        "coordinates": [
          [
            79.9700093,
            14.44177
          ],
          [
            79.9702205,
            14.4421646
          ],
          [
            79.9704253,
            14.4424906
          ],
          [
            79.9705169,
            14.4427779
          ],
          [
            79.9706706,
            14.4429553
          ],
          [
            79.9707216,
            14.4430141
          ],
          [
            79.9711317,
            14.4434526
          ],
          [
            79.9712832,
            14.4436081
          ],
          [
            79.9714794,
            14.4438256
          ],
          [
            79.9718096,
            14.4442638
          ],
          [
            79.9722014,
            14.4447005
          ],
          [
            79.9722614,
            14.4447674
          ],
          [
            79.9723845,
            14.4449018
          ],
          [
            79.9725624,
            14.4450959
          ],
          [
            79.9726654,
            14.4452134
          ],
          [
            79.9728306,
            14.4454391
          ],
          [
            79.9734936,
            14.4462083
          ],
          [
            79.9737494,
            14.4464208
          ],
          [
            79.9738754,
            14.4465455
          ],
          [
            79.9740023,
            14.4466148
          ],
          [
            79.9741613,
            14.4470527
          ],
          [
            79.9744746,
            14.4479703
          ],
          [
            79.9747853,
            14.4479921
          ],
          [
            79.975079,
            14.4480692
          ],
          [
            79.975854,
            14.4482727
          ],
          [
            79.9773023,
            14.448653
          ],
          [
            79.9775401,
            14.4486572
          ],
          [
            79.9777553,
            14.448689
          ],
          [
            79.9778238,
            14.4486991
          ],
          [
            79.9788661,
            14.4490964
          ],
          [
            79.9790637,
            14.4491717
          ],
          [
            79.9790835,
            14.4493037
          ],
          [
            79.9792097,
            14.4501477
          ],
          [
            79.9792253,
            14.4501893
          ],
          [
            79.9792978,
            14.4507263
          ],
          [
            79.9793446,
            14.4510492
          ],
          [
            79.9793902,
            14.4513542
          ],
          [
            79.9794903,
            14.4520232
          ],
          [
            79.9795168,
            14.4522512
          ]
        ]
      }
    },
    {
      "type": "Feature",
      "properties": {
        "id": "osm-way-1040800106",
        "name": "Unnamed Road",
        "highway": "secondary",
        "lanes": null,
        "width": 8.0,
        "type": "road"
      },
      "geometry": {
        "type": "LineString",
        "coordinates": [
          [
            79.9841927,
            14.4525391
          ],
          [
            79.9847194,
            14.4532149
          ],
          [
            79.9848414,
            14.4534393
          ],
          [
            79.9848606,
            14.453498
          ],
          [
            79.9850408,
            14.4540481
          ]
        ]
      }
    },
    {
      "type": "Feature",
      "properties": {
        "id": "osm-way-1040800108",
        "name": "Unnamed Road",
        "highway": "secondary",
        "lanes": null,
        "width": 8.0,
        "type": "road"
      },
      "geometry": {
        "type": "LineString",
        "coordinates": [
          [
            79.9836563,
            14.4510817
          ],
          [
            79.9834333,
            14.4506347
          ],
          [
            79.9831625,
            14.4499363
          ]
        ]
      }
    },
    {
      "type": "Feature",
      "properties": {
        "id": "osm-way-1040800109",
        "name": "Unnamed Road",
        "highway": "secondary",
        "lanes": null,
        "width": 8.0,
        "type": "road"
      },
      "geometry": {
        "type": "LineString",
        "coordinates": [
          [
            79.9841681,
            14.4523313
          ],
          [
            79.9841337,
            14.4523373
          ],
          [
            79.984103,
            14.4523537
          ],
          [
            79.9840901,
            14.4523673
          ],
          [
            79.9840793,
            14.4523786
          ],
          [
            79.9840651,
            14.4524096
          ],
          [
            79.9840619,
            14.452445
          ],
          [
            79.984068,
            14.452468
          ],
          [
            79.984071,
            14.4524794
          ],
          [
            79.9840915,
            14.4525089
          ],
          [
            79.984121,
            14.4525301
          ],
          [
            79.9841561,
            14.4525405
          ],
          [
            79.9841927,
            14.4525391
          ],
          [
            79.9842268,
            14.4525258
          ],
          [
            79.9842544,
            14.4525024
          ],
          [
            79.9842717,
            14.4524729
          ],
          [
            79.9842784,
            14.4524397
          ],
          [
            79.9842739,
            14.4524061
          ],
          [
            79.9842661,
            14.4523907
          ],
          [
            79.9842585,
            14.4523756
          ],
          [
            79.9842339,
            14.4523515
          ],
          [
            79.9842027,
            14.4523362
          ],
          [
            79.9841681,
            14.4523313
          ]
        ]
      }
    },
    {
      "type": "Feature",
      "properties": {
        "id": "osm-way-1040800111",
        "name": "Unnamed Road",
        "highway": "secondary",
        "lanes": null,
        "width": 8.0,
        "type": "road"
      },
      "geometry": {
        "type": "LineString",
        "coordinates": [
          [
            79.9842339,
            14.4523515
          ],
          [
            79.9841711,
            14.4521768
          ],
          [
            79.9839213,
            14.4516612
          ],
          [
            79.9836563,
            14.4510817
          ]
        ]
      }
    },
    {
      "type": "Feature",
      "properties": {
        "id": "osm-way-1040800112",
        "name": "Unnamed Road",
        "highway": "secondary",
        "lanes": null,
        "width": 8.0,
        "type": "road"
      },
      "geometry": {
        "type": "LineString",
        "coordinates": [
          [
            79.9829066,
            14.4492503
          ],
          [
            79.9826816,
            14.4484475
          ],
          [
            79.9825027,
            14.4478861
          ],
          [
            79.9823291,
            14.4475505
          ],
          [
            79.9822782,
            14.4474552
          ]
        ]
      }
    },
    {
      "type": "Feature",
      "properties": {
        "id": "osm-way-1040800113",
        "name": "Unnamed Road",
        "highway": "residential",
        "lanes": null,
        "width": 5.5,
        "type": "road"
      },
      "geometry": {
        "type": "LineString",
        "coordinates": [
          [
            79.9839213,
            14.4516612
          ],
          [
            79.9846908,
            14.4513919
          ]
        ]
      }
    },
    {
      "type": "Feature",
      "properties": {
        "id": "osm-way-1041321461",
        "name": "Unnamed Road",
        "highway": "residential",
        "lanes": null,
        "width": 5.5,
        "type": "road"
      },
      "geometry": {
        "type": "LineString",
        "coordinates": [
          [
            79.9941337,
            14.443033
          ],
          [
            79.9942951,
            14.4442464
          ]
        ]
      }
    },
    {
      "type": "Feature",
      "properties": {
        "id": "osm-way-1041339402",
        "name": "Unnamed Road",
        "highway": "residential",
        "lanes": null,
        "width": 5.5,
        "type": "road"
      },
      "geometry": {
        "type": "LineString",
        "coordinates": [
          [
            79.9846747,
            14.4356415
          ],
          [
            79.9838304,
            14.4357348
          ],
          [
            79.9834411,
            14.4357348
          ],
          [
            79.9825896,
            14.4363955
          ]
        ]
      }
    },
    {
      "type": "Feature",
      "properties": {
        "id": "osm-way-1051445959",
        "name": "Unnamed Road",
        "highway": "residential",
        "lanes": null,
        "width": 5.5,
        "type": "road"
      },
      "geometry": {
        "type": "LineString",
        "coordinates": [
          [
            79.9807853,
            14.4411218
          ],
          [
            79.980492,
            14.4408415
          ]
        ]
      }
    },
    {
      "type": "Feature",
      "properties": {
        "id": "osm-way-1051445960",
        "name": "Unnamed Road",
        "highway": "residential",
        "lanes": null,
        "width": 5.5,
        "type": "road"
      },
      "geometry": {
        "type": "LineString",
        "coordinates": [
          [
            79.9807853,
            14.4411218
          ],
          [
            79.9811179,
            14.4414543
          ],
          [
            79.9814237,
            14.4417816
          ]
        ]
      }
    },
    {
      "type": "Feature",
      "properties": {
        "id": "osm-way-1051445961",
        "name": "Unnamed Road",
        "highway": "residential",
        "lanes": null,
        "width": 5.5,
        "type": "road"
      },
      "geometry": {
        "type": "LineString",
        "coordinates": [
          [
            79.9811179,
            14.4414543
          ],
          [
            79.9816718,
            14.4410105
          ]
        ]
      }
    },
    {
      "type": "Feature",
      "properties": {
        "id": "osm-way-1051445962",
        "name": "Unnamed Road",
        "highway": "residential",
        "lanes": null,
        "width": 5.5,
        "type": "road"
      },
      "geometry": {
        "type": "LineString",
        "coordinates": [
          [
            79.9807853,
            14.4411218
          ],
          [
            79.9814548,
            14.4405567
          ]
        ]
      }
    },
    {
      "type": "Feature",
      "properties": {
        "id": "osm-way-1051445963",
        "name": "Unnamed Road",
        "highway": "residential",
        "lanes": null,
        "width": 5.5,
        "type": "road"
      },
      "geometry": {
        "type": "LineString",
        "coordinates": [
          [
            79.9814237,
            14.4417816
          ],
          [
            79.9821166,
            14.4412261
          ]
        ]
      }
    },
    {
      "type": "Feature",
      "properties": {
        "id": "osm-way-1059161263",
        "name": "Unnamed Road",
        "highway": "residential",
        "lanes": null,
        "width": 5.5,
        "type": "road"
      },
      "geometry": {
        "type": "LineString",
        "coordinates": [
          [
            79.9850833,
            14.451586
          ],
          [
            79.9848517,
            14.4516568
          ],
          [
            79.9848142,
            14.4516257
          ],
          [
            79.9846908,
            14.4513919
          ],
          [
            79.9846854,
            14.4513191
          ],
          [
            79.9846001,
            14.4511238
          ]
        ]
      }
    },
    {
      "type": "Feature",
      "properties": {
        "id": "osm-way-1059161264",
        "name": "Unnamed Road",
        "highway": "residential",
        "lanes": null,
        "width": 5.5,
        "type": "road"
      },
      "geometry": {
        "type": "LineString",
        "coordinates": [
          [
            79.9848517,
            14.4516568
          ],
          [
            79.9850148,
            14.4520817
          ]
        ]
      }
    },
    {
      "type": "Feature",
      "properties": {
        "id": "osm-way-1059742099",
        "name": "Unnamed Road",
        "highway": "residential",
        "lanes": null,
        "width": 5.5,
        "type": "road"
      },
      "geometry": {
        "type": "LineString",
        "coordinates": [
          [
            79.9810766,
            14.437757
          ],
          [
            79.9813488,
            14.4370349
          ],
          [
            79.9815843,
            14.4366594
          ],
          [
            79.9818043,
            14.4362697
          ],
          [
            79.9820627,
            14.4359693
          ]
        ]
      }
    },
    {
      "type": "Feature",
      "properties": {
        "id": "osm-way-1059742100",
        "name": "Unnamed Road",
        "highway": "residential",
        "lanes": null,
        "width": 5.5,
        "type": "road"
      },
      "geometry": {
        "type": "LineString",
        "coordinates": [
          [
            79.9815843,
            14.4366594
          ],
          [
            79.9817794,
            14.4367925
          ]
        ]
      }
    },
    {
      "type": "Feature",
      "properties": {
        "id": "osm-way-1059742101",
        "name": "Unnamed Road",
        "highway": "residential",
        "lanes": null,
        "width": 5.5,
        "type": "road"
      },
      "geometry": {
        "type": "LineString",
        "coordinates": [
          [
            79.9810766,
            14.437757
          ],
          [
            79.980702,
            14.4383502
          ]
        ]
      }
    },
    {
      "type": "Feature",
      "properties": {
        "id": "osm-way-1064106545",
        "name": "Unnamed Road",
        "highway": "residential",
        "lanes": null,
        "width": 5.5,
        "type": "road"
      },
      "geometry": {
        "type": "LineString",
        "coordinates": [
          [
            79.9814143,
            14.4352317
          ],
          [
            79.9814856,
            14.4351702
          ]
        ]
      }
    },
    {
      "type": "Feature",
      "properties": {
        "id": "osm-way-1064228079",
        "name": "Unnamed Road",
        "highway": "residential",
        "lanes": null,
        "width": 5.5,
        "type": "road"
      },
      "geometry": {
        "type": "LineString",
        "coordinates": [
          [
            79.9883251,
            14.4336049
          ],
          [
            79.9881866,
            14.4336062
          ]
        ]
      }
    },
    {
      "type": "Feature",
      "properties": {
        "id": "osm-way-1066037721",
        "name": "Unnamed Road",
        "highway": "residential",
        "lanes": null,
        "width": 5.5,
        "type": "road"
      },
      "geometry": {
        "type": "LineString",
        "coordinates": [
          [
            79.9877866,
            14.4329712
          ],
          [
            79.9882772,
            14.4330094
          ]
        ]
      }
    },
    {
      "type": "Feature",
      "properties": {
        "id": "osm-way-1066037722",
        "name": "Unnamed Road",
        "highway": "residential",
        "lanes": null,
        "width": 5.5,
        "type": "road"
      },
      "geometry": {
        "type": "LineString",
        "coordinates": [
          [
            79.9882772,
            14.4330094
          ],
          [
            79.9883549,
            14.432006
          ]
        ]
      }
    },
    {
      "type": "Feature",
      "properties": {
        "id": "osm-way-1066037723",
        "name": "Unnamed Road",
        "highway": "residential",
        "lanes": null,
        "width": 5.5,
        "type": "road"
      },
      "geometry": {
        "type": "LineString",
        "coordinates": [
          [
            79.9887853,
            14.4319282
          ],
          [
            79.9887137,
            14.4326362
          ]
        ]
      }
    },
    {
      "type": "Feature",
      "properties": {
        "id": "osm-way-1069845852",
        "name": "Unnamed Road",
        "highway": "residential",
        "lanes": null,
        "width": 5.5,
        "type": "road"
      },
      "geometry": {
        "type": "LineString",
        "coordinates": [
          [
            79.9833818,
            14.4438154
          ],
          [
            79.9837009,
            14.4442078
          ],
          [
            79.9839879,
            14.4446727
          ]
        ]
      }
    },
    {
      "type": "Feature",
      "properties": {
        "id": "osm-way-1069845853",
        "name": "Unnamed Road",
        "highway": "residential",
        "lanes": null,
        "width": 5.5,
        "type": "road"
      },
      "geometry": {
        "type": "LineString",
        "coordinates": [
          [
            79.9841299,
            14.4442729
          ],
          [
            79.9840897,
            14.4442028
          ],
          [
            79.9844814,
            14.4438863
          ]
        ]
      }
    },
    {
      "type": "Feature",
      "properties": {
        "id": "osm-way-1069845854",
        "name": "Unnamed Road",
        "highway": "residential",
        "lanes": null,
        "width": 5.5,
        "type": "road"
      },
      "geometry": {
        "type": "LineString",
        "coordinates": [
          [
            79.9831248,
            14.4434775
          ],
          [
            79.9826898,
            14.4430416
          ]
        ]
      }
    },
    {
      "type": "Feature",
      "properties": {
        "id": "osm-way-1074101755",
        "name": "Unnamed Road",
        "highway": "residential",
        "lanes": null,
        "width": 5.5,
        "type": "road"
      },
      "geometry": {
        "type": "LineString",
        "coordinates": [
          [
            79.9821411,
            14.4358978
          ],
          [
            79.9820627,
            14.4359693
          ]
        ]
      }
    },
    {
      "type": "Feature",
      "properties": {
        "id": "osm-way-1075141124",
        "name": "Unnamed Road",
        "highway": "residential",
        "lanes": null,
        "width": 5.5,
        "type": "road"
      },
      "geometry": {
        "type": "LineString",
        "coordinates": [
          [
            79.9882772,
            14.4330094
          ],
          [
            79.9886266,
            14.4330208
          ],
          [
            79.9891586,
            14.4330382
          ]
        ]
      }
    },
    {
      "type": "Feature",
      "properties": {
        "id": "osm-way-1084004573",
        "name": "Unnamed Road",
        "highway": "residential",
        "lanes": null,
        "width": 5.5,
        "type": "road"
      },
      "geometry": {
        "type": "LineString",
        "coordinates": [
          [
            79.9763036,
            14.4383578
          ],
          [
            79.9765794,
            14.4385092
          ],
          [
            79.9766461,
            14.4386158
          ],
          [
            79.9766828,
            14.4387192
          ],
          [
            79.9766661,
            14.4389163
          ],
          [
            79.9767095,
            14.4390973
          ],
          [
            79.9767032,
            14.4393213
          ]
        ]
      }
    },
    {
      "type": "Feature",
      "properties": {
        "id": "osm-way-1084004574",
        "name": "Unnamed Road",
        "highway": "residential",
        "lanes": null,
        "width": 5.5,
        "type": "road"
      },
      "geometry": {
        "type": "LineString",
        "coordinates": [
          [
            79.9773331,
            14.4391506
          ],
          [
            79.9774202,
            14.4390391
          ],
          [
            79.9774135,
            14.4388453
          ],
          [
            79.9773468,
            14.4387031
          ],
          [
            79.9772234,
            14.438535
          ],
          [
            79.9771366,
            14.438451
          ],
          [
            79.9766828,
            14.4387192
          ]
        ]
      }
    },
    {
      "type": "Feature",
      "properties": {
        "id": "osm-way-1084004575",
        "name": "Unnamed Road",
        "highway": "residential",
        "lanes": null,
        "width": 5.5,
        "type": "road"
      },
      "geometry": {
        "type": "LineString",
        "coordinates": [
          [
            79.9771366,
            14.438451
          ],
          [
            79.9770098,
            14.4383315
          ]
        ]
      }
    },
    {
      "type": "Feature",
      "properties": {
        "id": "osm-way-1088376789",
        "name": "Unnamed Road",
        "highway": "residential",
        "lanes": null,
        "width": 5.5,
        "type": "road"
      },
      "geometry": {
        "type": "LineString",
        "coordinates": [
          [
            79.9867972,
            14.4345919
          ],
          [
            79.9868502,
            14.4347911
          ]
        ]
      }
    },
    {
      "type": "Feature",
      "properties": {
        "id": "osm-way-1092272092",
        "name": "Unnamed Road",
        "highway": "residential",
        "lanes": null,
        "width": 5.5,
        "type": "road"
      },
      "geometry": {
        "type": "LineString",
        "coordinates": [
          [
            79.9830488,
            14.4459479
          ],
          [
            79.9827753,
            14.4453503
          ],
          [
            79.9819545,
            14.4456568
          ],
          [
            79.9817776,
            14.4457455
          ]
        ]
      }
    },
    {
      "type": "Feature",
      "properties": {
        "id": "osm-way-1092272093",
        "name": "Unnamed Road",
        "highway": "residential",
        "lanes": null,
        "width": 5.5,
        "type": "road"
      },
      "geometry": {
        "type": "LineString",
        "coordinates": [
          [
            79.9819545,
            14.4456568
          ],
          [
            79.9819473,
            14.445524
          ],
          [
            79.9819352,
            14.4453007
          ]
        ]
      }
    },
    {
      "type": "Feature",
      "properties": {
        "id": "osm-way-1092272094",
        "name": "Unnamed Road",
        "highway": "residential",
        "lanes": null,
        "width": 5.5,
        "type": "road"
      },
      "geometry": {
        "type": "LineString",
        "coordinates": [
          [
            79.9819473,
            14.445524
          ],
          [
            79.9827506,
            14.4452072
          ],
          [
            79.9827774,
            14.4451241
          ],
          [
            79.9825735,
            14.4445007
          ]
        ]
      }
    },
    {
      "type": "Feature",
      "properties": {
        "id": "osm-way-1096515099",
        "name": "Unnamed Road",
        "highway": "residential",
        "lanes": null,
        "width": 5.5,
        "type": "road"
      },
      "geometry": {
        "type": "LineString",
        "coordinates": [
          [
            79.9886213,
            14.4335843
          ],
          [
            79.9888396,
            14.4336167
          ],
          [
            79.988809,
            14.4337661
          ],
          [
            79.988809,
            14.4339324
          ],
          [
            79.988825,
            14.4339896
          ],
          [
            79.9888358,
            14.4340103
          ],
          [
            79.9889537,
            14.4340103
          ],
          [
            79.9891682,
            14.4339947
          ],
          [
            79.9893345,
            14.4339896
          ],
          [
            79.9893988,
            14.4339947
          ],
          [
            79.98949,
            14.433974
          ],
          [
            79.9902892,
            14.4339126
          ]
        ]
      }
    },
    {
      "type": "Feature",
      "properties": {
        "id": "osm-way-1096515100",
        "name": "Unnamed Road",
        "highway": "residential",
        "lanes": null,
        "width": 5.5,
        "type": "road"
      },
      "geometry": {
        "type": "LineString",
        "coordinates": [
          [
            79.9886213,
            14.4335843
          ],
          [
            79.9885784,
            14.4335999
          ],
          [
            79.9883251,
            14.4336049
          ]
        ]
      }
    },
    {
      "type": "Feature",
      "properties": {
        "id": "osm-way-1096515101",
        "name": "Unnamed Road",
        "highway": "residential",
        "lanes": null,
        "width": 5.5,
        "type": "road"
      },
      "geometry": {
        "type": "LineString",
        "coordinates": [
          [
            79.9886213,
            14.4335843
          ],
          [
            79.9886266,
            14.4330208
          ],
          [
            79.9886588,
            14.4328049
          ],
          [
            79.9887137,
            14.4326362
          ]
        ]
      }
    },
    {
      "type": "Feature",
      "properties": {
        "id": "osm-way-1096515102",
        "name": "Unnamed Road",
        "highway": "residential",
        "lanes": null,
        "width": 5.5,
        "type": "road"
      },
      "geometry": {
        "type": "LineString",
        "coordinates": [
          [
            79.989534,
            14.4343792
          ],
          [
            79.9889255,
            14.4345193
          ]
        ]
      }
    },
    {
      "type": "Feature",
      "properties": {
        "id": "osm-way-1103843302",
        "name": "VRC Road",
        "highway": "primary",
        "lanes": 2,
        "width": 7.0,
        "type": "road"
      },
      "geometry": {
        "type": "LineString",
        "coordinates": [
          [
            80.0207902,
            14.4038716
          ],
          [
            80.0205295,
            14.4042244
          ],
          [
            80.0203423,
            14.4044778
          ],
          [
            80.0201983,
            14.4046747
          ],
          [
            80.0200228,
            14.4049081
          ],
          [
            80.0198582,
            14.4051298
          ],
          [
            80.0197598,
            14.4052623
          ],
          [
            80.0192195,
            14.4059809
          ],
          [
            80.0188991,
            14.4064069
          ],
          [
            80.0187757,
            14.4065759
          ],
          [
            80.018718,
            14.4066548
          ],
          [
            80.018491,
            14.4069658
          ],
          [
            80.0181317,
            14.4074577
          ],
          [
            80.0179713,
            14.4076774
          ],
          [
            80.0178306,
            14.4078701
          ],
          [
            80.0176546,
            14.4081111
          ],
          [
            80.0175349,
            14.4082701
          ],
          [
            80.0159809,
            14.4103348
          ],
          [
            80.0154603,
            14.4110285
          ],
          [
            80.0147197,
            14.4120153
          ],
          [
            80.0142391,
            14.4126557
          ],
          [
            80.0133139,
            14.4139308
          ],
          [
            80.0128443,
            14.414578
          ],
          [
            80.0114641,
            14.4163825
          ],
          [
            80.0112127,
            14.4167476
          ],
          [
            80.0110134,
            14.4170371
          ],
          [
            80.010966,
            14.4171235
          ],
          [
            80.0108917,
            14.4172589
          ],
          [
            80.0108718,
            14.417298
          ],
          [
            80.0107774,
            14.4174839
          ],
          [
            80.0107552,
            14.417562
          ],
          [
            80.0106878,
            14.4177993
          ],
          [
            80.0105482,
            14.4181626
          ],
          [
            80.0102383,
            14.4190647
          ],
          [
            80.0101132,
            14.4194222
          ],
          [
            80.0100253,
            14.4196224
          ],
          [
            80.0095278,
            14.420587
          ],
          [
            80.0094721,
            14.4206398
          ],
          [
            80.0092422,
            14.4209406
          ],
          [
            80.0091746,
            14.4210015
          ],
          [
            80.008868,
            14.4213026
          ],
          [
            80.0086749,
            14.4214348
          ],
          [
            80.0084973,
            14.4215709
          ],
          [
            80.0084035,
            14.4216568
          ],
          [
            80.0080354,
            14.4219471
          ],
          [
            80.0079036,
            14.4220863
          ],
          [
            80.0071776,
            14.4227295
          ],
          [
            80.0062336,
            14.4235997
          ],
          [
            80.0057909,
            14.4239737
          ],
          [
            80.0040873,
            14.425595
          ],
          [
            80.0037446,
            14.4259202
          ],
          [
            80.002381,
            14.4272475
          ],
          [
            80.0009713,
            14.4286331
          ],
          [
            79.9998276,
            14.4297223
          ],
          [
            79.9996912,
            14.4298644
          ],
          [
            79.9993487,
            14.430185
          ],
          [
            79.9981757,
            14.4313042
          ],
          [
            79.9967602,
            14.4326809
          ],
          [
            79.9965146,
            14.4329045
          ],
          [
            79.9963914,
            14.43303
          ],
          [
            79.9961049,
            14.4333078
          ],
          [
            79.994717,
            14.4346666
          ],
          [
            79.9944249,
            14.4349419
          ],
          [
            79.9940257,
            14.4353194
          ],
          [
            79.9935362,
            14.4357816
          ],
          [
            79.9924821,
            14.4367642
          ],
          [
            79.9924205,
            14.4368216
          ],
          [
            79.9919806,
            14.437262
          ],
          [
            79.9910366,
            14.4381671
          ],
          [
            79.9908022,
            14.4384134
          ],
          [
            79.9902317,
            14.4390129
          ],
          [
            79.9897095,
            14.4395159
          ],
          [
            79.9896041,
            14.4396174
          ],
          [
            79.9894929,
            14.4397246
          ],
          [
            79.9888856,
            14.4403629
          ],
          [
            79.9884201,
            14.4408316
          ],
          [
            79.9881344,
            14.4410826
          ],
          [
            79.9875526,
            14.4415936
          ],
          [
            79.9869325,
            14.442191
          ],
          [
            79.9868517,
            14.4422849
          ],
          [
            79.9868054,
            14.4423269
          ],
          [
            79.986776,
            14.4423536
          ],
          [
            79.9865907,
            14.4425052
          ],
          [
            79.9863891,
            14.44274
          ],
          [
            79.9862645,
            14.4428853
          ],
          [
            79.9858385,
            14.4432882
          ],
          [
            79.9852323,
            14.443865
          ],
          [
            79.9848154,
            14.4442664
          ]
        ]
      }
    },
    {
      "type": "Feature",
      "properties": {
        "id": "osm-way-1103843304",
        "name": "Mini BiPass Road",
        "highway": "secondary",
        "lanes": null,
        "width": 8.0,
        "type": "road"
      },
      "geometry": {
        "type": "LineString",
        "coordinates": [
          [
            79.989617,
            14.4523656
          ],
          [
            79.9898027,
            14.4528528
          ],
          [
            79.9899056,
            14.4531464
          ],
          [
            79.9899232,
            14.4531966
          ],
          [
            79.990069,
            14.4535893
          ],
          [
            79.9900825,
            14.4536335
          ]
        ]
      }
    },
    {
      "type": "Feature",
      "properties": {
        "id": "osm-way-1103843306",
        "name": "Unnamed Road",
        "highway": "secondary",
        "lanes": null,
        "width": 8.0,
        "type": "road"
      },
      "geometry": {
        "type": "LineString",
        "coordinates": [
          [
            79.9897108,
            14.4523291
          ],
          [
            79.9894524,
            14.4515893
          ],
          [
            79.9892418,
            14.4510114
          ],
          [
            79.9890645,
            14.4504821
          ],
          [
            79.9889609,
            14.4501727
          ],
          [
            79.9887633,
            14.4494894
          ],
          [
            79.9885327,
            14.4486708
          ],
          [
            79.987959,
            14.4466903
          ],
          [
            79.9879409,
            14.4466278
          ],
          [
            79.9877188,
            14.4459732
          ],
          [
            79.9876763,
            14.4458477
          ]
        ]
      }
    },
    {
      "type": "Feature",
      "properties": {
        "id": "osm-way-1115932403",
        "name": "Mini BiPass Road",
        "highway": "secondary",
        "lanes": null,
        "width": 8.0,
        "type": "road"
      },
      "geometry": {
        "type": "LineString",
        "coordinates": [
          [
            79.9853941,
            14.439773
          ],
          [
            79.9855547,
            14.4399425
          ],
          [
            79.9857019,
            14.440203
          ],
          [
            79.9857609,
            14.4403562
          ],
          [
            79.9859357,
            14.4408473
          ],
          [
            79.9861002,
            14.4414095
          ],
          [
            79.9864191,
            14.4425672
          ],
          [
            79.986731,
            14.4434309
          ],
          [
            79.9873508,
            14.4452571
          ],
          [
            79.9875915,
            14.4459101
          ]
        ]
      }
    },
    {
      "type": "Feature",
      "properties": {
        "id": "osm-way-1115932404",
        "name": "Unnamed Road",
        "highway": "residential",
        "lanes": null,
        "width": 5.5,
        "type": "road"
      },
      "geometry": {
        "type": "LineString",
        "coordinates": [
          [
            79.987846,
            14.4467233
          ],
          [
            79.987959,
            14.4466903
          ]
        ]
      }
    },
    {
      "type": "Feature",
      "properties": {
        "id": "osm-way-1115932405",
        "name": "Mini BiPass Road",
        "highway": "secondary",
        "lanes": null,
        "width": 8.0,
        "type": "road"
      },
      "geometry": {
        "type": "LineString",
        "coordinates": [
          [
            79.9875915,
            14.4459101
          ],
          [
            79.9876228,
            14.4460086
          ],
          [
            79.9877541,
            14.4464213
          ],
          [
            79.987846,
            14.4467233
          ]
        ]
      }
    },
    {
      "type": "Feature",
      "properties": {
        "id": "osm-way-1131431869",
        "name": "Childrens Park Road",
        "highway": "tertiary",
        "lanes": null,
        "width": 6.5,
        "type": "road"
      },
      "geometry": {
        "type": "LineString",
        "coordinates": [
          [
            79.9876306,
            14.4425354
          ],
          [
            79.9876642,
            14.442548
          ],
          [
            79.9878224,
            14.4425834
          ],
          [
            79.9881328,
            14.4425858
          ],
          [
            79.9885042,
            14.4424855
          ],
          [
            79.988617,
            14.442438
          ],
          [
            79.9897976,
            14.4419488
          ],
          [
            79.9902268,
            14.4417736
          ],
          [
            79.9909132,
            14.4414935
          ],
          [
            79.9913731,
            14.4412322
          ],
          [
            79.9920301,
            14.440911
          ]
        ]
      }
    },
    {
      "type": "Feature",
      "properties": {
        "id": "osm-way-1148187198",
        "name": "Unnamed Road",
        "highway": "tertiary",
        "lanes": null,
        "width": 6.5,
        "type": "road"
      },
      "geometry": {
        "type": "LineString",
        "coordinates": [
          [
            79.9930729,
            14.4402835
          ],
          [
            79.993044,
            14.4402287
          ]
        ]
      }
    },
    {
      "type": "Feature",
      "properties": {
        "id": "osm-way-1148187199",
        "name": "Unnamed Road",
        "highway": "residential",
        "lanes": null,
        "width": 5.5,
        "type": "road"
      },
      "geometry": {
        "type": "LineString",
        "coordinates": [
          [
            79.9936851,
            14.4399011
          ],
          [
            79.993658,
            14.4398327
          ]
        ]
      }
    },
    {
      "type": "Feature",
      "properties": {
        "id": "osm-way-1148187200",
        "name": "Childrens Park Road",
        "highway": "tertiary",
        "lanes": null,
        "width": 6.5,
        "type": "road"
      },
      "geometry": {
        "type": "LineString",
        "coordinates": [
          [
            79.9920301,
            14.440911
          ],
          [
            79.9924139,
            14.4406857
          ],
          [
            79.9927868,
            14.4404609
          ],
          [
            79.9930729,
            14.4402835
          ],
          [
            79.9932182,
            14.4401934
          ],
          [
            79.9936851,
            14.4399011
          ]
        ]
      }
    },
    {
      "type": "Feature",
      "properties": {
        "id": "osm-way-1154896836",
        "name": "Unnamed Road",
        "highway": "residential",
        "lanes": null,
        "width": 5.5,
        "type": "road"
      },
      "geometry": {
        "type": "LineString",
        "coordinates": [
          [
            79.9851003,
            14.4357127
          ],
          [
            79.984875,
            14.4357483
          ],
          [
            79.9847559,
            14.4357675
          ]
        ]
      }
    },
    {
      "type": "Feature",
      "properties": {
        "id": "osm-way-1156265300",
        "name": "Unnamed Road",
        "highway": "primary",
        "lanes": null,
        "width": 10.5,
        "type": "road"
      },
      "geometry": {
        "type": "LineString",
        "coordinates": [
          [
            79.9866136,
            14.442587
          ],
          [
            79.98687,
            14.4423399
          ],
          [
            79.9869169,
            14.4422983
          ],
          [
            79.9875482,
            14.4416998
          ],
          [
            79.9882541,
            14.441088
          ],
          [
            79.9885402,
            14.4407856
          ],
          [
            79.9890224,
            14.4403243
          ]
        ]
      }
    },
    {
      "type": "Feature",
      "properties": {
        "id": "osm-way-1156265301",
        "name": "Unnamed Road",
        "highway": "primary",
        "lanes": 2,
        "width": 7.0,
        "type": "road"
      },
      "geometry": {
        "type": "LineString",
        "coordinates": [
          [
            79.9890224,
            14.4403243
          ],
          [
            79.9896175,
            14.4397228
          ],
          [
            79.9903684,
            14.4389872
          ],
          [
            79.9907431,
            14.4386102
          ],
          [
            79.9911097,
            14.4382332
          ],
          [
            79.9914911,
            14.4378409
          ],
          [
            79.9924718,
            14.4368742
          ],
          [
            79.9931033,
            14.4362768
          ],
          [
            79.9938513,
            14.4355749
          ],
          [
            79.9940672,
            14.4353645
          ],
          [
            79.9945325,
            14.434911
          ],
          [
            79.995295,
            14.4341866
          ],
          [
            79.9961447,
            14.4333652
          ],
          [
            79.996547,
            14.4329427
          ],
          [
            79.9977017,
            14.4318278
          ],
          [
            79.9984395,
            14.431102
          ],
          [
            79.9991541,
            14.4304254
          ],
          [
            79.9997079,
            14.4298795
          ],
          [
            80.0003523,
            14.4292903
          ],
          [
            80.0009945,
            14.4286557
          ],
          [
            80.0017292,
            14.4279582
          ],
          [
            80.0025252,
            14.4271593
          ],
          [
            80.0034431,
            14.4262703
          ],
          [
            80.0042957,
            14.4254615
          ],
          [
            80.0053196,
            14.4245007
          ],
          [
            80.0063015,
            14.4236019
          ],
          [
            80.0071991,
            14.4227565
          ],
          [
            80.0080767,
            14.421981
          ],
          [
            80.0089006,
            14.4213314
          ],
          [
            80.0094349,
            14.4207899
          ],
          [
            80.0096066,
            14.4205405
          ],
          [
            80.0097568,
            14.4202149
          ],
          [
            80.0100215,
            14.4197456
          ],
          [
            80.010279,
            14.4191208
          ],
          [
            80.0105097,
            14.4184775
          ]
        ]
      }
    },
    {
      "type": "Feature",
      "properties": {
        "id": "osm-way-1173231052",
        "name": "Unnamed Road",
        "highway": "residential",
        "lanes": null,
        "width": 5.5,
        "type": "road"
      },
      "geometry": {
        "type": "LineString",
        "coordinates": [
          [
            79.997492,
            14.4416046
          ],
          [
            79.9971736,
            14.4417838
          ],
          [
            79.9968987,
            14.4419562
          ],
          [
            79.9965708,
            14.4421197
          ],
          [
            79.9962889,
            14.4423192
          ],
          [
            79.9960979,
            14.4424364
          ]
        ]
      }
    },
    {
      "type": "Feature",
      "properties": {
        "id": "osm-way-1173231053",
        "name": "Unnamed Road",
        "highway": "residential",
        "lanes": null,
        "width": 5.5,
        "type": "road"
      },
      "geometry": {
        "type": "LineString",
        "coordinates": [
          [
            79.995069,
            14.4415247
          ],
          [
            79.9947269,
            14.4416074
          ],
          [
            79.994392,
            14.4416883
          ]
        ]
      }
    },
    {
      "type": "Feature",
      "properties": {
        "id": "osm-way-1191968400",
        "name": "Unnamed Road",
        "highway": "residential",
        "lanes": null,
        "width": 5.5,
        "type": "road"
      },
      "geometry": {
        "type": "LineString",
        "coordinates": [
          [
            79.9958707,
            14.4395059
          ],
          [
            79.9962322,
            14.4394235
          ]
        ]
      }
    },
    {
      "type": "Feature",
      "properties": {
        "id": "osm-way-1196038643",
        "name": "Unnamed Road",
        "highway": "residential",
        "lanes": null,
        "width": 5.5,
        "type": "road"
      },
      "geometry": {
        "type": "LineString",
        "coordinates": [
          [
            79.9774492,
            14.4430653
          ],
          [
            79.9776359,
            14.4428709
          ],
          [
            79.9779755,
            14.4425173
          ],
          [
            79.9781408,
            14.4423605
          ],
          [
            79.9783188,
            14.4421917
          ],
          [
            79.9783329,
            14.4421266
          ],
          [
            79.9782834,
            14.4412697
          ],
          [
            79.9783011,
            14.4412046
          ],
          [
            79.9784846,
            14.4410028
          ],
          [
            79.9787187,
            14.4407453
          ]
        ]
      }
    },
    {
      "type": "Feature",
      "properties": {
        "id": "osm-way-1196038644",
        "name": "Unnamed Road",
        "highway": "residential",
        "lanes": null,
        "width": 5.5,
        "type": "road"
      },
      "geometry": {
        "type": "LineString",
        "coordinates": [
          [
            79.9779755,
            14.4425173
          ],
          [
            79.9779297,
            14.4421084
          ],
          [
            79.9778496,
            14.4413939
          ],
          [
            79.9778445,
            14.4413486
          ]
        ]
      }
    },
    {
      "type": "Feature",
      "properties": {
        "id": "osm-way-1211224070",
        "name": "Unnamed Road",
        "highway": "secondary",
        "lanes": null,
        "width": 8.0,
        "type": "road"
      },
      "geometry": {
        "type": "LineString",
        "coordinates": [
          [
            79.9779338,
            14.4435209
          ],
          [
            79.9774492,
            14.4430653
          ],
          [
            79.9773394,
            14.4429824
          ],
          [
            79.9771512,
            14.44281
          ],
          [
            79.9769202,
            14.4425983
          ],
          [
            79.9764919,
            14.4421858
          ],
          [
            79.9763612,
            14.4420522
          ],
          [
            79.9760717,
            14.4417809
          ],
          [
            79.9758659,
            14.441588
          ],
          [
            79.9756716,
            14.4414032
          ],
          [
            79.9755405,
            14.4412786
          ],
          [
            79.9753604,
            14.4411168
          ],
          [
            79.9751542,
            14.4409424
          ],
          [
            79.9750038,
            14.4408299
          ]
        ]
      }
    },
    {
      "type": "Feature",
      "properties": {
        "id": "osm-way-1214527755",
        "name": "Vijayamahal Under Bridge road",
        "highway": "secondary",
        "lanes": null,
        "width": 8.0,
        "type": "road"
      },
      "geometry": {
        "type": "LineString",
        "coordinates": [
          [
            79.9876332,
            14.4526265
          ],
          [
            79.9876101,
            14.4525674
          ],
          [
            79.9875817,
            14.4524949
          ]
        ]
      }
    },
    {
      "type": "Feature",
      "properties": {
        "id": "osm-way-1214527756",
        "name": "Unnamed Road",
        "highway": "residential",
        "lanes": null,
        "width": 5.5,
        "type": "road"
      },
      "geometry": {
        "type": "LineString",
        "coordinates": [
          [
            79.9887938,
            14.4532337
          ],
          [
            79.9880432,
            14.4534492
          ],
          [
            79.9878533,
            14.4529863
          ]
        ]
      }
    },
    {
      "type": "Feature",
      "properties": {
        "id": "osm-way-1214527757",
        "name": "Unnamed Road",
        "highway": "residential",
        "lanes": null,
        "width": 5.5,
        "type": "road"
      },
      "geometry": {
        "type": "LineString",
        "coordinates": [
          [
            79.9878533,
            14.4529863
          ],
          [
            79.9876714,
            14.4525793
          ],
          [
            79.987624,
            14.4524742
          ]
        ]
      }
    },
    {
      "type": "Feature",
      "properties": {
        "id": "osm-way-1215284353",
        "name": "Unnamed Road",
        "highway": "residential",
        "lanes": null,
        "width": 5.5,
        "type": "road"
      },
      "geometry": {
        "type": "LineString",
        "coordinates": [
          [
            79.9826728,
            14.4505148
          ],
          [
            79.98255,
            14.450525
          ],
          [
            79.9821477,
            14.4506289
          ]
        ]
      }
    },
    {
      "type": "Feature",
      "properties": {
        "id": "osm-way-1215284354",
        "name": "Unnamed Road",
        "highway": "residential",
        "lanes": null,
        "width": 5.5,
        "type": "road"
      },
      "geometry": {
        "type": "LineString",
        "coordinates": [
          [
            79.9826144,
            14.4493248
          ],
          [
            79.9822904,
            14.4494401
          ],
          [
            79.9817023,
            14.4496054
          ],
          [
            79.9815575,
            14.4496286
          ]
        ]
      }
    },
    {
      "type": "Feature",
      "properties": {
        "id": "osm-way-1215284355",
        "name": "Unnamed Road",
        "highway": "residential",
        "lanes": null,
        "width": 5.5,
        "type": "road"
      },
      "geometry": {
        "type": "LineString",
        "coordinates": [
          [
            79.9886666,
            14.4468362
          ],
          [
            79.9891663,
            14.4467388
          ]
        ]
      }
    },
    {
      "type": "Feature",
      "properties": {
        "id": "osm-way-1215284356",
        "name": "Unnamed Road",
        "highway": "residential",
        "lanes": null,
        "width": 5.5,
        "type": "road"
      },
      "geometry": {
        "type": "LineString",
        "coordinates": [
          [
            79.9894016,
            14.4478493
          ],
          [
            79.9891365,
            14.4479113
          ]
        ]
      }
    },
    {
      "type": "Feature",
      "properties": {
        "id": "osm-way-1215284357",
        "name": "Unnamed Road",
        "highway": "residential",
        "lanes": null,
        "width": 5.5,
        "type": "road"
      },
      "geometry": {
        "type": "LineString",
        "coordinates": [
          [
            79.9864255,
            14.4449614
          ],
          [
            79.9858642,
            14.445164
          ]
        ]
      }
    },
    {
      "type": "Feature",
      "properties": {
        "id": "osm-way-1216171149",
        "name": "Unnamed Road",
        "highway": "residential",
        "lanes": null,
        "width": 5.5,
        "type": "road"
      },
      "geometry": {
        "type": "LineString",
        "coordinates": [
          [
            79.9805257,
            14.4444808
          ],
          [
            79.9804473,
            14.444234
          ]
        ]
      }
    },
    {
      "type": "Feature",
      "properties": {
        "id": "osm-way-1216171150",
        "name": "Unnamed Road",
        "highway": "residential",
        "lanes": null,
        "width": 5.5,
        "type": "road"
      },
      "geometry": {
        "type": "LineString",
        "coordinates": [
          [
            79.9802249,
            14.4431973
          ],
          [
            79.9804473,
            14.444234
          ]
        ]
      }
    },
    {
      "type": "Feature",
      "properties": {
        "id": "osm-way-1216171151",
        "name": "Unnamed Road",
        "highway": "residential",
        "lanes": null,
        "width": 5.5,
        "type": "road"
      },
      "geometry": {
        "type": "LineString",
        "coordinates": [
          [
            79.9802249,
            14.4431973
          ],
          [
            79.9804634,
            14.4431637
          ]
        ]
      }
    },
    {
      "type": "Feature",
      "properties": {
        "id": "osm-way-1216171152",
        "name": "Unnamed Road",
        "highway": "residential",
        "lanes": null,
        "width": 5.5,
        "type": "road"
      },
      "geometry": {
        "type": "LineString",
        "coordinates": [
          [
            79.9804634,
            14.4431637
          ],
          [
            79.9814612,
            14.4430753
          ]
        ]
      }
    },
    {
      "type": "Feature",
      "properties": {
        "id": "osm-way-1216171153",
        "name": "Unnamed Road",
        "highway": "residential",
        "lanes": null,
        "width": 5.5,
        "type": "road"
      },
      "geometry": {
        "type": "LineString",
        "coordinates": [
          [
            79.9802249,
            14.4431973
          ],
          [
            79.9801409,
            14.4423328
          ]
        ]
      }
    },
    {
      "type": "Feature",
      "properties": {
        "id": "osm-way-1216171701",
        "name": "Unnamed Road",
        "highway": "residential",
        "lanes": null,
        "width": 5.5,
        "type": "road"
      },
      "geometry": {
        "type": "LineString",
        "coordinates": [
          [
            79.982862,
            14.4418485
          ],
          [
            79.9830934,
            14.4417416
          ]
        ]
      }
    },
    {
      "type": "Feature",
      "properties": {
        "id": "osm-way-1216171702",
        "name": "Unnamed Road",
        "highway": "residential",
        "lanes": null,
        "width": 5.5,
        "type": "road"
      },
      "geometry": {
        "type": "LineString",
        "coordinates": [
          [
            79.9833784,
            14.4422544
          ],
          [
            79.9835843,
            14.442161
          ],
          [
            79.9833198,
            14.4416346
          ]
        ]
      }
    },
    {
      "type": "Feature",
      "properties": {
        "id": "osm-way-1217057061",
        "name": "Grand Trunk Road",
        "highway": "secondary",
        "lanes": null,
        "width": 8.0,
        "type": "road"
      },
      "geometry": {
        "type": "LineString",
        "coordinates": [
          [
            79.9849422,
            14.453412
          ],
          [
            79.9848342,
            14.4532463
          ],
          [
            79.9847738,
            14.4531459
          ],
          [
            79.9846813,
            14.4529824
          ],
          [
            79.9846509,
            14.4529233
          ],
          [
            79.9842784,
            14.4524397
          ]
        ]
      }
    },
    {
      "type": "Feature",
      "properties": {
        "id": "osm-way-1219687293",
        "name": "Balaji Nagar Main Road",
        "highway": "tertiary",
        "lanes": null,
        "width": 6.5,
        "type": "road"
      },
      "geometry": {
        "type": "LineString",
        "coordinates": [
          [
            79.989617,
            14.4523656
          ],
          [
            79.9896639,
            14.4523474
          ],
          [
            79.9897108,
            14.4523291
          ]
        ]
      }
    },
    {
      "type": "Feature",
      "properties": {
        "id": "osm-way-1219687294",
        "name": "Unnamed Road",
        "highway": "secondary",
        "lanes": null,
        "width": 8.0,
        "type": "road"
      },
      "geometry": {
        "type": "LineString",
        "coordinates": [
          [
            79.9901786,
            14.4536002
          ],
          [
            79.9901529,
            14.453524
          ],
          [
            79.9900165,
            14.4531426
          ],
          [
            79.9899046,
            14.4528297
          ],
          [
            79.9897108,
            14.4523291
          ]
        ]
      }
    },
    {
      "type": "Feature",
      "properties": {
        "id": "osm-way-1220543236",
        "name": "Unnamed Road",
        "highway": "residential",
        "lanes": null,
        "width": 5.5,
        "type": "road"
      },
      "geometry": {
        "type": "LineString",
        "coordinates": [
          [
            79.9890141,
            14.444005
          ],
          [
            79.9886231,
            14.4440935
          ]
        ]
      }
    },
    {
      "type": "Feature",
      "properties": {
        "id": "osm-way-1224672226",
        "name": "Unnamed Road",
        "highway": "residential",
        "lanes": null,
        "width": 5.5,
        "type": "road"
      },
      "geometry": {
        "type": "LineString",
        "coordinates": [
          [
            79.9846017,
            14.4446236
          ],
          [
            79.9843709,
            14.4448419
          ]
        ]
      }
    },
    {
      "type": "Feature",
      "properties": {
        "id": "osm-way-1232329055",
        "name": "Unnamed Road",
        "highway": "secondary",
        "lanes": null,
        "width": 8.0,
        "type": "road"
      },
      "geometry": {
        "type": "LineString",
        "coordinates": [
          [
            79.9831625,
            14.4499363
          ],
          [
            79.9829066,
            14.4492503
          ]
        ]
      }
    },
    {
      "type": "Feature",
      "properties": {
        "id": "osm-way-1234861810",
        "name": "VRC Road",
        "highway": "primary",
        "lanes": null,
        "width": 10.5,
        "type": "road"
      },
      "geometry": {
        "type": "LineString",
        "coordinates": [
          [
            79.9831415,
            14.4459804
          ],
          [
            79.9827969,
            14.4462419
          ]
        ]
      }
    },
    {
      "type": "Feature",
      "properties": {
        "id": "osm-way-1240425727",
        "name": "Unnamed Road",
        "highway": "residential",
        "lanes": null,
        "width": 5.5,
        "type": "road"
      },
      "geometry": {
        "type": "LineString",
        "coordinates": [
          [
            79.9908552,
            14.441364
          ],
          [
            79.990885,
            14.4414306
          ],
          [
            79.9909132,
            14.4414935
          ],
          [
            79.9909587,
            14.4416377
          ],
          [
            79.9909829,
            14.4417143
          ],
          [
            79.9909907,
            14.4417487
          ],
          [
            79.9910661,
            14.4420805
          ],
          [
            79.9911009,
            14.4422545
          ]
        ]
      }
    },
    {
      "type": "Feature",
      "properties": {
        "id": "osm-way-1281448593",
        "name": "Unnamed Road",
        "highway": "residential",
        "lanes": null,
        "width": 5.5,
        "type": "road"
      },
      "geometry": {
        "type": "LineString",
        "coordinates": [
          [
            79.9804512,
            14.4464075
          ],
          [
            79.9804996,
            14.4468008
          ],
          [
            79.9805315,
            14.446889
          ]
        ]
      }
    },
    {
      "type": "Feature",
      "properties": {
        "id": "osm-way-1281449026",
        "name": "Unnamed Road",
        "highway": "secondary",
        "lanes": null,
        "width": 8.0,
        "type": "road"
      },
      "geometry": {
        "type": "LineString",
        "coordinates": [
          [
            79.9794498,
            14.4448947
          ],
          [
            79.9793735,
            14.4448272
          ],
          [
            79.979083,
            14.4445642
          ],
          [
            79.978944,
            14.4444367
          ],
          [
            79.9786912,
            14.4442048
          ],
          [
            79.9783946,
            14.4439327
          ],
          [
            79.9779338,
            14.4435209
          ]
        ]
      }
    },
    {
      "type": "Feature",
      "properties": {
        "id": "osm-way-1285065092",
        "name": "Unnamed Road",
        "highway": "residential",
        "lanes": null,
        "width": 5.5,
        "type": "road"
      },
      "geometry": {
        "type": "LineString",
        "coordinates": [
          [
            79.9857286,
            14.433471
          ],
          [
            79.9853917,
            14.4331113
          ]
        ]
      }
    },
    {
      "type": "Feature",
      "properties": {
        "id": "osm-way-1355651893",
        "name": "Unnamed Road",
        "highway": "primary",
        "lanes": null,
        "width": 10.5,
        "type": "road"
      },
      "geometry": {
        "type": "LineString",
        "coordinates": [
          [
            79.9821705,
            14.4473342
          ],
          [
            79.9822435,
            14.4471426
          ]
        ]
      }
    },
    {
      "type": "Feature",
      "properties": {
        "id": "osm-way-1355651894",
        "name": "Unnamed Road",
        "highway": "secondary",
        "lanes": null,
        "width": 8.0,
        "type": "road"
      },
      "geometry": {
        "type": "LineString",
        "coordinates": [
          [
            79.9807369,
            14.4458182
          ],
          [
            79.9806226,
            14.4460606
          ]
        ]
      }
    },
    {
      "type": "Feature",
      "properties": {
        "id": "osm-way-1355651895",
        "name": "Unnamed Road",
        "highway": "residential",
        "lanes": null,
        "width": 5.5,
        "type": "road"
      },
      "geometry": {
        "type": "LineString",
        "coordinates": [
          [
            79.98586,
            14.4484934
          ],
          [
            79.9854765,
            14.4474884
          ],
          [
            79.9852124,
            14.4469627
          ]
        ]
      }
    },
    {
      "type": "Feature",
      "properties": {
        "id": "osm-way-1355651896",
        "name": "VRC Road",
        "highway": "primary",
        "lanes": null,
        "width": 10.5,
        "type": "road"
      },
      "geometry": {
        "type": "LineString",
        "coordinates": [
          [
            79.9838826,
            14.4452041
          ],
          [
            79.9836512,
            14.4454478
          ],
          [
            79.9834621,
            14.445678
          ],
          [
            79.9831415,
            14.4459804
          ]
        ]
      }
    },
    {
      "type": "Feature",
      "properties": {
        "id": "osm-way-1355651897",
        "name": "VRC Road",
        "highway": "primary",
        "lanes": null,
        "width": 10.5,
        "type": "road"
      },
      "geometry": {
        "type": "LineString",
        "coordinates": [
          [
            79.9842172,
            14.4448516
          ],
          [
            79.984114,
            14.4449603
          ],
          [
            79.9838826,
            14.4452041
          ]
        ]
      }
    },
    {
      "type": "Feature",
      "properties": {
        "id": "osm-way-1356888503",
        "name": "Unnamed Road",
        "highway": "residential",
        "lanes": null,
        "width": 5.5,
        "type": "road"
      },
      "geometry": {
        "type": "LineString",
        "coordinates": [
          [
            79.9906737,
            14.4334309
          ],
          [
            79.990644,
            14.4329997
          ]
        ]
      }
    },
    {
      "type": "Feature",
      "properties": {
        "id": "osm-way-1356888504",
        "name": "Unnamed Road",
        "highway": "residential",
        "lanes": null,
        "width": 5.5,
        "type": "road"
      },
      "geometry": {
        "type": "LineString",
        "coordinates": [
          [
            79.9910444,
            14.4330058
          ],
          [
            79.9917092,
            14.432969
          ]
        ]
      }
    },
    {
      "type": "Feature",
      "properties": {
        "id": "osm-way-1363296953",
        "name": "Unnamed Road",
        "highway": "residential",
        "lanes": null,
        "width": 5.5,
        "type": "road"
      },
      "geometry": {
        "type": "LineString",
        "coordinates": [
          [
            79.9753207,
            14.4428907
          ],
          [
            79.9754125,
            14.443502
          ],
          [
            79.9754898,
            14.4440487
          ],
          [
            79.9755261,
            14.4443319
          ]
        ]
      }
    },
    {
      "type": "Feature",
      "properties": {
        "id": "osm-way-1435054859",
        "name": "Vegetable Market Road",
        "highway": "primary",
        "lanes": null,
        "width": 10.5,
        "type": "road"
      },
      "geometry": {
        "type": "LineString",
        "coordinates": [
          [
            79.9827969,
            14.4462419
          ],
          [
            79.9827379,
            14.4462494
          ],
          [
            79.9825983,
            14.4462371
          ],
          [
            79.9824428,
            14.4462234
          ],
          [
            79.9820257,
            14.4461855
          ]
        ]
      }
    },
    {
      "type": "Feature",
      "properties": {
        "id": "osm-way-1435057806",
        "name": "Unnamed Road",
        "highway": "secondary",
        "lanes": null,
        "width": 8.0,
        "type": "road"
      },
      "geometry": {
        "type": "LineString",
        "coordinates": [
          [
            79.9852152,
            14.4394071
          ],
          [
            79.9842622,
            14.4383401
          ],
          [
            79.9837877,
            14.437717
          ],
          [
            79.9828141,
            14.4366447
          ],
          [
            79.9825896,
            14.4363955
          ],
          [
            79.9821411,
            14.4358978
          ],
          [
            79.9814856,
            14.4351702
          ],
          [
            79.9803211,
            14.4338778
          ],
          [
            79.9792822,
            14.4327251
          ],
          [
            79.9783699,
            14.4317101
          ],
          [
            79.9783609,
            14.4317001
          ],
          [
            79.9774348,
            14.4306717
          ],
          [
            79.9766486,
            14.4298475
          ],
          [
            79.9763741,
            14.4295598
          ]
        ]
      }
    },
    {
      "type": "Feature",
      "properties": {
        "id": "osm-way-1448584457",
        "name": "Unnamed Road",
        "highway": "primary",
        "lanes": null,
        "width": 10.5,
        "type": "road"
      },
      "geometry": {
        "type": "LineString",
        "coordinates": [
          [
            79.9827799,
            14.4463648
          ],
          [
            79.9831958,
            14.4460694
          ],
          [
            79.983231,
            14.4460305
          ],
          [
            79.9837752,
            14.44543
          ],
          [
            79.984156,
            14.4450311
          ],
          [
            79.9847068,
            14.4444542
          ],
          [
            79.9850979,
            14.4440444
          ],
          [
            79.9859363,
            14.4432982
          ],
          [
            79.9864144,
            14.4427961
          ],
          [
            79.9866136,
            14.442587
          ]
        ]
      }
    },
    {
      "type": "Feature",
      "properties": {
        "id": "osm-way-1449642615",
        "name": "Unnamed Road",
        "highway": "secondary",
        "lanes": null,
        "width": 8.0,
        "type": "road"
      },
      "geometry": {
        "type": "LineString",
        "coordinates": [
          [
            79.9876763,
            14.4458477
          ],
          [
            79.9870119,
            14.4438893
          ],
          [
            79.9865183,
            14.4425277
          ],
          [
            79.9860344,
            14.4407995
          ],
          [
            79.9858213,
            14.4401219
          ],
          [
            79.9856201,
            14.4398605
          ],
          [
            79.9854793,
            14.4397029
          ]
        ]
      }
    },
    {
      "type": "Feature",
      "properties": {
        "id": "osm-way-1449642616",
        "name": "Unnamed Road",
        "highway": "secondary",
        "lanes": null,
        "width": 8.0,
        "type": "road"
      },
      "geometry": {
        "type": "LineString",
        "coordinates": [
          [
            79.9854793,
            14.4397029
          ],
          [
            79.9852152,
            14.4394071
          ]
        ]
      }
    },
    {
      "type": "Feature",
      "properties": {
        "id": "osm-way-1449642617",
        "name": "Mini BiPass Road",
        "highway": "secondary",
        "lanes": null,
        "width": 8.0,
        "type": "road"
      },
      "geometry": {
        "type": "LineString",
        "coordinates": [
          [
            79.9851412,
            14.439506
          ],
          [
            79.9853941,
            14.439773
          ]
        ]
      }
    },
    {
      "type": "Feature",
      "properties": {
        "id": "osm-way-1449642618",
        "name": "Unnamed Road",
        "highway": "tertiary",
        "lanes": null,
        "width": 6.5,
        "type": "road"
      },
      "geometry": {
        "type": "LineString",
        "coordinates": [
          [
            79.9877188,
            14.4459732
          ],
          [
            79.9877656,
            14.4458331
          ],
          [
            79.9874527,
            14.4449192
          ],
          [
            79.9866136,
            14.442587
          ],
          [
            79.9865907,
            14.4425052
          ],
          [
            79.9864407,
            14.4419354
          ],
          [
            79.9860808,
            14.4406958
          ],
          [
            79.985896,
            14.440054
          ],
          [
            79.9855225,
            14.4395973
          ],
          [
            79.9852152,
            14.4394071
          ]
        ]
      }
    },
    {
      "type": "Feature",
      "properties": {
        "id": "osm-way-1449642619",
        "name": "Unnamed Road",
        "highway": "tertiary",
        "lanes": null,
        "width": 6.5,
        "type": "road"
      },
      "geometry": {
        "type": "LineString",
        "coordinates": [
          [
            79.9851412,
            14.439506
          ],
          [
            79.9853112,
            14.4398094
          ],
          [
            79.9854967,
            14.4400241
          ],
          [
            79.9856885,
            14.440383
          ],
          [
            79.985851,
            14.4408813
          ],
          [
            79.9860141,
            14.4414447
          ],
          [
            79.9862977,
            14.4424213
          ],
          [
            79.9863891,
            14.44274
          ],
          [
            79.9864144,
            14.4427961
          ],
          [
            79.9866675,
            14.4434943
          ],
          [
            79.9869084,
            14.4441588
          ],
          [
            79.9872544,
            14.4452184
          ],
          [
            79.987487,
            14.4459256
          ],
          [
            79.9876228,
            14.4460086
          ]
        ]
      }
    },
    {
      "type": "Feature",
      "properties": {
        "id": "osm-way-1449944524",
        "name": "Unnamed Road",
        "highway": "residential",
        "lanes": null,
        "width": 5.5,
        "type": "road"
      },
      "geometry": {
        "type": "LineString",
        "coordinates": [
          [
            79.9802611,
            14.4446831
          ],
          [
            79.9794498,
            14.4448947
          ]
        ]
      }
    },
    {
      "type": "Feature",
      "properties": {
        "id": "osm-way-1449944527",
        "name": "Unnamed Road",
        "highway": "residential",
        "lanes": null,
        "width": 5.5,
        "type": "road"
      },
      "geometry": {
        "type": "LineString",
        "coordinates": [
          [
            79.9814049,
            14.4441565
          ],
          [
            79.981453,
            14.4441117
          ],
          [
            79.9813544,
            14.4438082
          ]
        ]
      }
    },
    {
      "type": "Feature",
      "properties": {
        "id": "osm-way-1449944528",
        "name": "Unnamed Road",
        "highway": "residential",
        "lanes": null,
        "width": 5.5,
        "type": "road"
      },
      "geometry": {
        "type": "LineString",
        "coordinates": [
          [
            79.9821608,
            14.4439358
          ],
          [
            79.9822457,
            14.4441722
          ]
        ]
      }
    },
    {
      "type": "Feature",
      "properties": {
        "id": "osm-way-1449944530",
        "name": "Unnamed Road",
        "highway": "residential",
        "lanes": null,
        "width": 5.5,
        "type": "road"
      },
      "geometry": {
        "type": "LineString",
        "coordinates": [
          [
            79.9797785,
            14.4384609
          ],
          [
            79.9797167,
            14.4383627
          ]
        ]
      }
    },
    {
      "type": "Feature",
      "properties": {
        "id": "osm-way-1449944531",
        "name": "Unnamed Road",
        "highway": "residential",
        "lanes": null,
        "width": 5.5,
        "type": "road"
      },
      "geometry": {
        "type": "LineString",
        "coordinates": [
          [
            79.9797167,
            14.4383627
          ],
          [
            79.979737,
            14.4379635
          ]
        ]
      }
    },
    {
      "type": "Feature",
      "properties": {
        "id": "osm-way-1449944532",
        "name": "Unnamed Road",
        "highway": "residential",
        "lanes": null,
        "width": 5.5,
        "type": "road"
      },
      "geometry": {
        "type": "LineString",
        "coordinates": [
          [
            79.979737,
            14.4379635
          ],
          [
            79.9797813,
            14.4381539
          ],
          [
            79.9799575,
            14.438222
          ]
        ]
      }
    },
    {
      "type": "Feature",
      "properties": {
        "id": "osm-way-1449944533",
        "name": "Unnamed Road",
        "highway": "residential",
        "lanes": null,
        "width": 5.5,
        "type": "road"
      },
      "geometry": {
        "type": "LineString",
        "coordinates": [
          [
            79.9775747,
            14.4375739
          ],
          [
            79.977555,
            14.4377988
          ],
          [
            79.9775051,
            14.4380931
          ]
        ]
      }
    },
    {
      "type": "Feature",
      "properties": {
        "id": "osm-way-1449947490",
        "name": "Unnamed Road",
        "highway": "residential",
        "lanes": null,
        "width": 5.5,
        "type": "road"
      },
      "geometry": {
        "type": "LineString",
        "coordinates": [
          [
            79.9753604,
            14.4411168
          ],
          [
            79.9767217,
            14.4408505
          ]
        ]
      }
    },
    {
      "type": "Feature",
      "properties": {
        "id": "osm-way-1449947491",
        "name": "Unnamed Road",
        "highway": "residential",
        "lanes": null,
        "width": 5.5,
        "type": "road"
      },
      "geometry": {
        "type": "LineString",
        "coordinates": [
          [
            79.9760717,
            14.4417809
          ],
          [
            79.9765464,
            14.441638
          ]
        ]
      }
    },
    {
      "type": "Feature",
      "properties": {
        "id": "osm-way-1449947492",
        "name": "Unnamed Road",
        "highway": "residential",
        "lanes": null,
        "width": 5.5,
        "type": "road"
      },
      "geometry": {
        "type": "LineString",
        "coordinates": [
          [
            79.9776114,
            14.4413761
          ],
          [
            79.9778445,
            14.4413486
          ]
        ]
      }
    },
    {
      "type": "Feature",
      "properties": {
        "id": "osm-way-1449947493",
        "name": "Unnamed Road",
        "highway": "residential",
        "lanes": null,
        "width": 5.5,
        "type": "road"
      },
      "geometry": {
        "type": "LineString",
        "coordinates": [
          [
            79.9783011,
            14.4412046
          ],
          [
            79.9781538,
            14.4408573
          ]
        ]
      }
    },
    {
      "type": "Feature",
      "properties": {
        "id": "osm-way-1449947494",
        "name": "Unnamed Road",
        "highway": "residential",
        "lanes": null,
        "width": 5.5,
        "type": "road"
      },
      "geometry": {
        "type": "LineString",
        "coordinates": [
          [
            79.9756716,
            14.4414032
          ],
          [
            79.9762327,
            14.4411855
          ]
        ]
      }
    },
    {
      "type": "Feature",
      "properties": {
        "id": "osm-way-1449947495",
        "name": "Unnamed Road",
        "highway": "residential",
        "lanes": null,
        "width": 5.5,
        "type": "road"
      },
      "geometry": {
        "type": "LineString",
        "coordinates": [
          [
            79.9751542,
            14.4409424
          ],
          [
            79.9767708,
            14.4405346
          ]
        ]
      }
    },
    {
      "type": "Feature",
      "properties": {
        "id": "osm-way-1449947496",
        "name": "Unnamed Road",
        "highway": "residential",
        "lanes": null,
        "width": 5.5,
        "type": "road"
      },
      "geometry": {
        "type": "LineString",
        "coordinates": [
          [
            79.9771512,
            14.44281
          ],
          [
            79.9771976,
            14.4427588
          ],
          [
            79.9773128,
            14.4426319
          ],
          [
            79.9773836,
            14.4425539
          ],
          [
            79.9774864,
            14.4424405
          ]
        ]
      }
    },
    {
      "type": "Feature",
      "properties": {
        "id": "osm-way-1449947497",
        "name": "Unnamed Road",
        "highway": "residential",
        "lanes": null,
        "width": 5.5,
        "type": "road"
      },
      "geometry": {
        "type": "LineString",
        "coordinates": [
          [
            79.9778496,
            14.4413939
          ],
          [
            79.9778362,
            14.4412317
          ],
          [
            79.9778301,
            14.4411568
          ]
        ]
      }
    },
    {
      "type": "Feature",
      "properties": {
        "id": "osm-way-1449947498",
        "name": "Unnamed Road",
        "highway": "residential",
        "lanes": null,
        "width": 5.5,
        "type": "road"
      },
      "geometry": {
        "type": "LineString",
        "coordinates": [
          [
            79.9782011,
            14.4399879
          ],
          [
            79.9784939,
            14.4396091
          ]
        ]
      }
    },
    {
      "type": "Feature",
      "properties": {
        "id": "osm-way-1449947499",
        "name": "Unnamed Road",
        "highway": "residential",
        "lanes": null,
        "width": 5.5,
        "type": "road"
      },
      "geometry": {
        "type": "LineString",
        "coordinates": [
          [
            79.9791169,
            14.4415262
          ],
          [
            79.9788863,
            14.4414968
          ]
        ]
      }
    },
    {
      "type": "Feature",
      "properties": {
        "id": "osm-way-1449947500",
        "name": "Unnamed Road",
        "highway": "residential",
        "lanes": null,
        "width": 5.5,
        "type": "road"
      },
      "geometry": {
        "type": "LineString",
        "coordinates": [
          [
            79.9783329,
            14.4421266
          ],
          [
            79.9786447,
            14.4420834
          ]
        ]
      }
    },
    {
      "type": "Feature",
      "properties": {
        "id": "osm-way-1449947501",
        "name": "Unnamed Road",
        "highway": "residential",
        "lanes": null,
        "width": 5.5,
        "type": "road"
      },
      "geometry": {
        "type": "LineString",
        "coordinates": [
          [
            79.9775673,
            14.4427548
          ],
          [
            79.9773836,
            14.4425539
          ]
        ]
      }
    },
    {
      "type": "Feature",
      "properties": {
        "id": "osm-way-1449947502",
        "name": "Unnamed Road",
        "highway": "residential",
        "lanes": null,
        "width": 5.5,
        "type": "road"
      },
      "geometry": {
        "type": "LineString",
        "coordinates": [
          [
            79.9783793,
            14.4429791
          ],
          [
            79.97887,
            14.4433768
          ]
        ]
      }
    },
    {
      "type": "Feature",
      "properties": {
        "id": "osm-way-1449947503",
        "name": "Unnamed Road",
        "highway": "residential",
        "lanes": null,
        "width": 5.5,
        "type": "road"
      },
      "geometry": {
        "type": "LineString",
        "coordinates": [
          [
            79.9768842,
            14.4427053
          ],
          [
            79.9767703,
            14.4428566
          ],
          [
            79.9766776,
            14.4429616
          ]
        ]
      }
    },
    {
      "type": "Feature",
      "properties": {
        "id": "osm-way-1449947504",
        "name": "Unnamed Road",
        "highway": "residential",
        "lanes": null,
        "width": 5.5,
        "type": "road"
      },
      "geometry": {
        "type": "LineString",
        "coordinates": [
          [
            79.9767703,
            14.4428566
          ],
          [
            79.9769817,
            14.4431894
          ],
          [
            79.9770063,
            14.4437471
          ]
        ]
      }
    },
    {
      "type": "Feature",
      "properties": {
        "id": "osm-way-1449947505",
        "name": "Unnamed Road",
        "highway": "residential",
        "lanes": null,
        "width": 5.5,
        "type": "road"
      },
      "geometry": {
        "type": "LineString",
        "coordinates": [
          [
            79.9773128,
            14.4426319
          ],
          [
            79.9772952,
            14.4423693
          ],
          [
            79.9773494,
            14.4423372
          ],
          [
            79.9774519,
            14.4423559
          ],
          [
            79.9774949,
            14.4423848
          ],
          [
            79.9774864,
            14.4424405
          ]
        ]
      }
    },
    {
      "type": "Feature",
      "properties": {
        "id": "osm-way-1449947506",
        "name": "Unnamed Road",
        "highway": "residential",
        "lanes": null,
        "width": 5.5,
        "type": "road"
      },
      "geometry": {
        "type": "LineString",
        "coordinates": [
          [
            79.9767703,
            14.4428566
          ],
          [
            79.9764294,
            14.4428298
          ],
          [
            79.975721,
            14.4427741
          ]
        ]
      }
    },
    {
      "type": "Feature",
      "properties": {
        "id": "osm-way-1449947507",
        "name": "Unnamed Road",
        "highway": "residential",
        "lanes": null,
        "width": 5.5,
        "type": "road"
      },
      "geometry": {
        "type": "LineString",
        "coordinates": [
          [
            79.9760158,
            14.4442336
          ],
          [
            79.9760011,
            14.444145
          ],
          [
            79.9762877,
            14.4439497
          ]
        ]
      }
    },
    {
      "type": "Feature",
      "properties": {
        "id": "osm-way-1449947508",
        "name": "Unnamed Road",
        "highway": "residential",
        "lanes": null,
        "width": 5.5,
        "type": "road"
      },
      "geometry": {
        "type": "LineString",
        "coordinates": [
          [
            79.9786912,
            14.4442048
          ],
          [
            79.9788431,
            14.4437246
          ],
          [
            79.9789079,
            14.4435195
          ]
        ]
      }
    },
    {
      "type": "Feature",
      "properties": {
        "id": "osm-way-1449947509",
        "name": "Unnamed Road",
        "highway": "residential",
        "lanes": null,
        "width": 5.5,
        "type": "road"
      },
      "geometry": {
        "type": "LineString",
        "coordinates": [
          [
            79.9781408,
            14.4423605
          ],
          [
            79.9783697,
            14.4425627
          ]
        ]
      }
    },
    {
      "type": "Feature",
      "properties": {
        "id": "osm-way-1449947510",
        "name": "Unnamed Road",
        "highway": "residential",
        "lanes": null,
        "width": 5.5,
        "type": "road"
      },
      "geometry": {
        "type": "LineString",
        "coordinates": [
          [
            79.9761111,
            14.4424901
          ],
          [
            79.9762632,
            14.4420735
          ]
        ]
      }
    },
    {
      "type": "Feature",
      "properties": {
        "id": "osm-way-1449947511",
        "name": "Unnamed Road",
        "highway": "residential",
        "lanes": null,
        "width": 5.5,
        "type": "road"
      },
      "geometry": {
        "type": "LineString",
        "coordinates": [
          [
            79.9792223,
            14.439511
          ],
          [
            79.9794852,
            14.4397278
          ]
        ]
      }
    },
    {
      "type": "Feature",
      "properties": {
        "id": "osm-way-1449947512",
        "name": "Unnamed Road",
        "highway": "residential",
        "lanes": null,
        "width": 5.5,
        "type": "road"
      },
      "geometry": {
        "type": "LineString",
        "coordinates": [
          [
            79.9792621,
            14.4408592
          ],
          [
            79.9791715,
            14.4407532
          ]
        ]
      }
    },
    {
      "type": "Feature",
      "properties": {
        "id": "osm-way-1449947513",
        "name": "Unnamed Road",
        "highway": "residential",
        "lanes": null,
        "width": 5.5,
        "type": "road"
      },
      "geometry": {
        "type": "LineString",
        "coordinates": [
          [
            79.9783329,
            14.4421266
          ],
          [
            79.9779297,
            14.4421084
          ]
        ]
      }
    },
    {
      "type": "Feature",
      "properties": {
        "id": "osm-way-1449947514",
        "name": "Unnamed Road",
        "highway": "residential",
        "lanes": null,
        "width": 5.5,
        "type": "road"
      },
      "geometry": {
        "type": "LineString",
        "coordinates": [
          [
            79.9769887,
            14.4392249
          ],
          [
            79.9772224,
            14.4397136
          ]
        ]
      }
    },
    {
      "type": "Feature",
      "properties": {
        "id": "osm-way-1449947515",
        "name": "Unnamed Road",
        "highway": "residential",
        "lanes": null,
        "width": 5.5,
        "type": "road"
      },
      "geometry": {
        "type": "LineString",
        "coordinates": [
          [
            79.9774279,
            14.4402536
          ],
          [
            79.9775218,
            14.4399758
          ],
          [
            79.9777631,
            14.4392622
          ]
        ]
      }
    },
    {
      "type": "Feature",
      "properties": {
        "id": "osm-way-1449947516",
        "name": "Unnamed Road",
        "highway": "residential",
        "lanes": null,
        "width": 5.5,
        "type": "road"
      },
      "geometry": {
        "type": "LineString",
        "coordinates": [
          [
            79.9768584,
            14.440161
          ],
          [
            79.9771392,
            14.4400592
          ]
        ]
      }
    },
    {
      "type": "Feature",
      "properties": {
        "id": "osm-way-1449947518",
        "name": "Unnamed Road",
        "highway": "residential",
        "lanes": null,
        "width": 5.5,
        "type": "road"
      },
      "geometry": {
        "type": "LineString",
        "coordinates": [
          [
            79.9769497,
            14.4425416
          ],
          [
            79.9771976,
            14.4427588
          ]
        ]
      }
    },
    {
      "type": "Feature",
      "properties": {
        "id": "osm-way-1449947519",
        "name": "Unnamed Road",
        "highway": "residential",
        "lanes": null,
        "width": 5.5,
        "type": "road"
      },
      "geometry": {
        "type": "LineString",
        "coordinates": [
          [
            79.9778362,
            14.4412317
          ],
          [
            79.9780592,
            14.4412458
          ]
        ]
      }
    },
    {
      "type": "Feature",
      "properties": {
        "id": "osm-way-1449947520",
        "name": "Unnamed Road",
        "highway": "residential",
        "lanes": null,
        "width": 5.5,
        "type": "road"
      },
      "geometry": {
        "type": "LineString",
        "coordinates": [
          [
            79.9784846,
            14.4410028
          ],
          [
            79.9786328,
            14.4410644
          ]
        ]
      }
    },
    {
      "type": "Feature",
      "properties": {
        "id": "osm-way-1449947521",
        "name": "Unnamed Road",
        "highway": "residential",
        "lanes": null,
        "width": 5.5,
        "type": "road"
      },
      "geometry": {
        "type": "LineString",
        "coordinates": [
          [
            79.9776359,
            14.4428709
          ],
          [
            79.9778028,
            14.4430141
          ]
        ]
      }
    },
    {
      "type": "Feature",
      "properties": {
        "id": "osm-way-1449947522",
        "name": "Unnamed Road",
        "highway": "residential",
        "lanes": null,
        "width": 5.5,
        "type": "road"
      },
      "geometry": {
        "type": "LineString",
        "coordinates": [
          [
            79.9767708,
            14.4405346
          ],
          [
            79.9769419,
            14.4405424
          ],
          [
            79.9769557,
            14.4410273
          ]
        ]
      }
    },
    {
      "type": "Feature",
      "properties": {
        "id": "osm-way-1449947523",
        "name": "Unnamed Road",
        "highway": "residential",
        "lanes": null,
        "width": 5.5,
        "type": "road"
      },
      "geometry": {
        "type": "LineString",
        "coordinates": [
          [
            79.9761111,
            14.4424901
          ],
          [
            79.9764294,
            14.4428298
          ]
        ]
      }
    },
    {
      "type": "Feature",
      "properties": {
        "id": "osm-way-1449947524",
        "name": "Unnamed Road",
        "highway": "residential",
        "lanes": null,
        "width": 5.5,
        "type": "road"
      },
      "geometry": {
        "type": "LineString",
        "coordinates": [
          [
            79.978944,
            14.4444367
          ],
          [
            79.9791338,
            14.4440268
          ]
        ]
      }
    },
    {
      "type": "Feature",
      "properties": {
        "id": "osm-way-1449947525",
        "name": "Unnamed Road",
        "highway": "residential",
        "lanes": null,
        "width": 5.5,
        "type": "road"
      },
      "geometry": {
        "type": "LineString",
        "coordinates": [
          [
            79.9788431,
            14.4437246
          ],
          [
            79.9791643,
            14.4438135
          ]
        ]
      }
    },
    {
      "type": "Feature",
      "properties": {
        "id": "osm-way-1449947526",
        "name": "Unnamed Road",
        "highway": "residential",
        "lanes": null,
        "width": 5.5,
        "type": "road"
      },
      "geometry": {
        "type": "LineString",
        "coordinates": [
          [
            79.9791715,
            14.4407532
          ],
          [
            79.9790903,
            14.4408948
          ]
        ]
      }
    },
    {
      "type": "Feature",
      "properties": {
        "id": "osm-way-1449952404",
        "name": "Unnamed Road",
        "highway": "residential",
        "lanes": null,
        "width": 5.5,
        "type": "road"
      },
      "geometry": {
        "type": "LineString",
        "coordinates": [
          [
            79.9887914,
            14.4422816
          ],
          [
            79.9886676,
            14.4420982
          ]
        ]
      }
    },
    {
      "type": "Feature",
      "properties": {
        "id": "osm-way-1449952405",
        "name": "Unnamed Road",
        "highway": "residential",
        "lanes": null,
        "width": 5.5,
        "type": "road"
      },
      "geometry": {
        "type": "LineString",
        "coordinates": [
          [
            79.9886676,
            14.4420982
          ],
          [
            79.9886371,
            14.4417991
          ]
        ]
      }
    },
    {
      "type": "Feature",
      "properties": {
        "id": "osm-way-1449952406",
        "name": "Unnamed Road",
        "highway": "residential",
        "lanes": null,
        "width": 5.5,
        "type": "road"
      },
      "geometry": {
        "type": "LineString",
        "coordinates": [
          [
            79.9909587,
            14.4416377
          ],
          [
            79.9906724,
            14.4417416
          ]
        ]
      }
    },
    {
      "type": "Feature",
      "properties": {
        "id": "osm-way-1449952407",
        "name": "Unnamed Road",
        "highway": "residential",
        "lanes": null,
        "width": 5.5,
        "type": "road"
      },
      "geometry": {
        "type": "LineString",
        "coordinates": [
          [
            79.9909907,
            14.4417487
          ],
          [
            79.9912618,
            14.4417322
          ]
        ]
      }
    },
    {
      "type": "Feature",
      "properties": {
        "id": "osm-way-1449952408",
        "name": "Unnamed Road",
        "highway": "residential",
        "lanes": null,
        "width": 5.5,
        "type": "road"
      },
      "geometry": {
        "type": "LineString",
        "coordinates": [
          [
            79.9890224,
            14.4403243
          ],
          [
            79.9891043,
            14.440424
          ],
          [
            79.9881242,
            14.4413507
          ]
        ]
      }
    },
    {
      "type": "Feature",
      "properties": {
        "id": "osm-way-1449952409",
        "name": "Unnamed Road",
        "highway": "residential",
        "lanes": null,
        "width": 5.5,
        "type": "road"
      },
      "geometry": {
        "type": "LineString",
        "coordinates": [
          [
            79.9902268,
            14.4417736
          ],
          [
            79.990355,
            14.4420676
          ]
        ]
      }
    },
    {
      "type": "Feature",
      "properties": {
        "id": "osm-way-1449952410",
        "name": "Unnamed Road",
        "highway": "residential",
        "lanes": null,
        "width": 5.5,
        "type": "road"
      },
      "geometry": {
        "type": "LineString",
        "coordinates": [
          [
            79.9893711,
            14.4395782
          ],
          [
            79.9891862,
            14.4396003
          ]
        ]
      }
    },
    {
      "type": "Feature",
      "properties": {
        "id": "osm-way-1449952411",
        "name": "Unnamed Road",
        "highway": "residential",
        "lanes": null,
        "width": 5.5,
        "type": "road"
      },
      "geometry": {
        "type": "LineString",
        "coordinates": [
          [
            79.9880878,
            14.4394701
          ],
          [
            79.9882002,
            14.4393834
          ]
        ]
      }
    },
    {
      "type": "Feature",
      "properties": {
        "id": "osm-way-1449952412",
        "name": "Unnamed Road",
        "highway": "residential",
        "lanes": null,
        "width": 5.5,
        "type": "road"
      },
      "geometry": {
        "type": "LineString",
        "coordinates": [
          [
            79.9886371,
            14.4417991
          ],
          [
            79.9884129,
            14.4418799
          ]
        ]
      }
    },
    {
      "type": "Feature",
      "properties": {
        "id": "osm-way-1449952413",
        "name": "Unnamed Road",
        "highway": "residential",
        "lanes": null,
        "width": 5.5,
        "type": "road"
      },
      "geometry": {
        "type": "LineString",
        "coordinates": [
          [
            79.9888842,
            14.4422403
          ],
          [
            79.9888377,
            14.4420845
          ]
        ]
      }
    },
    {
      "type": "Feature",
      "properties": {
        "id": "osm-way-1449952414",
        "name": "Unnamed Road",
        "highway": "residential",
        "lanes": null,
        "width": 5.5,
        "type": "road"
      },
      "geometry": {
        "type": "LineString",
        "coordinates": [
          [
            79.9886371,
            14.4417991
          ],
          [
            79.9887862,
            14.4418007
          ]
        ]
      }
    },
    {
      "type": "Feature",
      "properties": {
        "id": "osm-way-1449952415",
        "name": "Unnamed Road",
        "highway": "residential",
        "lanes": null,
        "width": 5.5,
        "type": "road"
      },
      "geometry": {
        "type": "LineString",
        "coordinates": [
          [
            79.9918331,
            14.4408178
          ],
          [
            79.9922141,
            14.4406037
          ]
        ]
      }
    },
    {
      "type": "Feature",
      "properties": {
        "id": "osm-way-1449952416",
        "name": "Unnamed Road",
        "highway": "residential",
        "lanes": null,
        "width": 5.5,
        "type": "road"
      },
      "geometry": {
        "type": "LineString",
        "coordinates": [
          [
            79.9901693,
            14.4414338
          ],
          [
            79.9902159,
            14.4416364
          ]
        ]
      }
    },
    {
      "type": "Feature",
      "properties": {
        "id": "osm-way-1449952417",
        "name": "Unnamed Road",
        "highway": "residential",
        "lanes": null,
        "width": 5.5,
        "type": "road"
      },
      "geometry": {
        "type": "LineString",
        "coordinates": [
          [
            79.9884054,
            14.4414154
          ],
          [
            79.9885816,
            14.4415972
          ]
        ]
      }
    },
    {
      "type": "Feature",
      "properties": {
        "id": "osm-way-1449952418",
        "name": "Unnamed Road",
        "highway": "residential",
        "lanes": null,
        "width": 5.5,
        "type": "road"
      },
      "geometry": {
        "type": "LineString",
        "coordinates": [
          [
            79.991733,
            14.4398245
          ],
          [
            79.9919523,
            14.4397028
          ]
        ]
      }
    },
    {
      "type": "Feature",
      "properties": {
        "id": "osm-way-1449952419",
        "name": "Unnamed Road",
        "highway": "residential",
        "lanes": null,
        "width": 5.5,
        "type": "road"
      },
      "geometry": {
        "type": "LineString",
        "coordinates": [
          [
            79.9919523,
            14.4397028
          ],
          [
            79.9920403,
            14.4397345
          ],
          [
            79.9922957,
            14.4396034
          ]
        ]
      }
    },
    {
      "type": "Feature",
      "properties": {
        "id": "osm-way-1449952420",
        "name": "Unnamed Road",
        "highway": "residential",
        "lanes": null,
        "width": 5.5,
        "type": "road"
      },
      "geometry": {
        "type": "LineString",
        "coordinates": [
          [
            79.9881242,
            14.4413507
          ],
          [
            79.9874583,
            14.4423262
          ]
        ]
      }
    },
    {
      "type": "Feature",
      "properties": {
        "id": "osm-way-1449952421",
        "name": "Unnamed Road",
        "highway": "residential",
        "lanes": null,
        "width": 5.5,
        "type": "road"
      },
      "geometry": {
        "type": "LineString",
        "coordinates": [
          [
            79.9892416,
            14.4419957
          ],
          [
            79.9891278,
            14.4416773
          ]
        ]
      }
    },
    {
      "type": "Feature",
      "properties": {
        "id": "osm-way-1449952422",
        "name": "Unnamed Road",
        "highway": "residential",
        "lanes": null,
        "width": 5.5,
        "type": "road"
      },
      "geometry": {
        "type": "LineString",
        "coordinates": [
          [
            79.9917479,
            14.4409667
          ],
          [
            79.991656,
            14.4407621
          ]
        ]
      }
    },
    {
      "type": "Feature",
      "properties": {
        "id": "osm-way-1449952423",
        "name": "Unnamed Road",
        "highway": "residential",
        "lanes": null,
        "width": 5.5,
        "type": "road"
      },
      "geometry": {
        "type": "LineString",
        "coordinates": [
          [
            79.9886806,
            14.4443688
          ],
          [
            79.9883036,
            14.4444622
          ]
        ]
      }
    },
    {
      "type": "Feature",
      "properties": {
        "id": "osm-way-1449952424",
        "name": "Unnamed Road",
        "highway": "residential",
        "lanes": null,
        "width": 5.5,
        "type": "road"
      },
      "geometry": {
        "type": "LineString",
        "coordinates": [
          [
            79.9910077,
            14.4403072
          ],
          [
            79.9909642,
            14.4402377
          ],
          [
            79.9908259,
            14.4402778
          ]
        ]
      }
    },
    {
      "type": "Feature",
      "properties": {
        "id": "osm-way-1449952425",
        "name": "Unnamed Road",
        "highway": "residential",
        "lanes": null,
        "width": 5.5,
        "type": "road"
      },
      "geometry": {
        "type": "LineString",
        "coordinates": [
          [
            79.9912822,
            14.4407091
          ],
          [
            79.9910518,
            14.4408122
          ]
        ]
      }
    },
    {
      "type": "Feature",
      "properties": {
        "id": "osm-way-1449952426",
        "name": "Unnamed Road",
        "highway": "residential",
        "lanes": null,
        "width": 5.5,
        "type": "road"
      },
      "geometry": {
        "type": "LineString",
        "coordinates": [
          [
            79.9908505,
            14.440899
          ],
          [
            79.991057,
            14.4408965
          ]
        ]
      }
    },
    {
      "type": "Feature",
      "properties": {
        "id": "osm-way-1449952427",
        "name": "Unnamed Road",
        "highway": "residential",
        "lanes": null,
        "width": 5.5,
        "type": "road"
      },
      "geometry": {
        "type": "LineString",
        "coordinates": [
          [
            79.9874583,
            14.4423262
          ],
          [
            79.9871859,
            14.442228
          ]
        ]
      }
    },
    {
      "type": "Feature",
      "properties": {
        "id": "osm-way-1449952428",
        "name": "Unnamed Road",
        "highway": "residential",
        "lanes": null,
        "width": 5.5,
        "type": "road"
      },
      "geometry": {
        "type": "LineString",
        "coordinates": [
          [
            79.9881344,
            14.4410826
          ],
          [
            79.9879455,
            14.4408871
          ]
        ]
      }
    },
    {
      "type": "Feature",
      "properties": {
        "id": "osm-way-1449952429",
        "name": "Unnamed Road",
        "highway": "residential",
        "lanes": null,
        "width": 5.5,
        "type": "road"
      },
      "geometry": {
        "type": "LineString",
        "coordinates": [
          [
            79.9918929,
            14.4391496
          ],
          [
            79.9922019,
            14.439035
          ]
        ]
      }
    },
    {
      "type": "Feature",
      "properties": {
        "id": "osm-way-1449952432",
        "name": "Unnamed Road",
        "highway": "residential",
        "lanes": null,
        "width": 5.5,
        "type": "road"
      },
      "geometry": {
        "type": "LineString",
        "coordinates": [
          [
            79.9904432,
            14.4374803
          ],
          [
            79.9905886,
            14.4380272
          ],
          [
            79.9907229,
            14.438287
          ]
        ]
      }
    },
    {
      "type": "Feature",
      "properties": {
        "id": "osm-way-1449952433",
        "name": "Unnamed Road",
        "highway": "residential",
        "lanes": null,
        "width": 5.5,
        "type": "road"
      },
      "geometry": {
        "type": "LineString",
        "coordinates": [
          [
            79.991064,
            14.437556
          ],
          [
            79.9907514,
            14.4375129
          ]
        ]
      }
    },
    {
      "type": "Feature",
      "properties": {
        "id": "osm-way-1449970800",
        "name": "Unnamed Road",
        "highway": "residential",
        "lanes": null,
        "width": 5.5,
        "type": "road"
      },
      "geometry": {
        "type": "LineString",
        "coordinates": [
          [
            79.990518,
            14.4520225
          ],
          [
            79.9904305,
            14.4517223
          ]
        ]
      }
    },
    {
      "type": "Feature",
      "properties": {
        "id": "osm-way-1449970807",
        "name": "Unnamed Road",
        "highway": "residential",
        "lanes": null,
        "width": 5.5,
        "type": "road"
      },
      "geometry": {
        "type": "LineString",
        "coordinates": [
          [
            79.9886082,
            14.44399
          ],
          [
            79.988116,
            14.4441058
          ]
        ]
      }
    },
    {
      "type": "Feature",
      "properties": {
        "id": "osm-way-1449970808",
        "name": "Unnamed Road",
        "highway": "residential",
        "lanes": null,
        "width": 5.5,
        "type": "road"
      },
      "geometry": {
        "type": "LineString",
        "coordinates": [
          [
            79.9888028,
            14.4449546
          ],
          [
            79.9889471,
            14.44491
          ],
          [
            79.9889322,
            14.4447536
          ]
        ]
      }
    },
    {
      "type": "Feature",
      "properties": {
        "id": "osm-way-1449970811",
        "name": "Unnamed Road",
        "highway": "residential",
        "lanes": null,
        "width": 5.5,
        "type": "road"
      },
      "geometry": {
        "type": "LineString",
        "coordinates": [
          [
            79.9884248,
            14.4436386
          ],
          [
            79.9885413,
            14.4439223
          ]
        ]
      }
    },
    {
      "type": "Feature",
      "properties": {
        "id": "osm-way-1449970815",
        "name": "Unnamed Road",
        "highway": "residential",
        "lanes": null,
        "width": 5.5,
        "type": "road"
      },
      "geometry": {
        "type": "LineString",
        "coordinates": [
          [
            79.9962939,
            14.4444708
          ],
          [
            79.9965311,
            14.4444037
          ]
        ]
      }
    },
    {
      "type": "Feature",
      "properties": {
        "id": "osm-way-1449970816",
        "name": "Unnamed Road",
        "highway": "residential",
        "lanes": null,
        "width": 5.5,
        "type": "road"
      },
      "geometry": {
        "type": "LineString",
        "coordinates": [
          [
            79.9965311,
            14.4444037
          ],
          [
            79.997036,
            14.4442029
          ]
        ]
      }
    },
    {
      "type": "Feature",
      "properties": {
        "id": "osm-way-1449970817",
        "name": "Unnamed Road",
        "highway": "residential",
        "lanes": null,
        "width": 5.5,
        "type": "road"
      },
      "geometry": {
        "type": "LineString",
        "coordinates": [
          [
            79.9958276,
            14.4451038
          ],
          [
            79.9963918,
            14.4450025
          ]
        ]
      }
    },
    {
      "type": "Feature",
      "properties": {
        "id": "osm-way-1449970819",
        "name": "Unnamed Road",
        "highway": "residential",
        "lanes": null,
        "width": 5.5,
        "type": "road"
      },
      "geometry": {
        "type": "LineString",
        "coordinates": [
          [
            79.9803935,
            14.4510639
          ],
          [
            79.981007,
            14.4509455
          ]
        ]
      }
    },
    {
      "type": "Feature",
      "properties": {
        "id": "osm-way-1491805893",
        "name": "Unnamed Road",
        "highway": "residential",
        "lanes": null,
        "width": 5.5,
        "type": "road"
      },
      "geometry": {
        "type": "LineString",
        "coordinates": [
          [
            79.9951148,
            14.4372543
          ],
          [
            79.995238,
            14.4372453
          ],
          [
            79.9953278,
            14.4375336
          ],
          [
            79.99565,
            14.4374523
          ],
          [
            79.9958012,
            14.4374142
          ],
          [
            79.9960966,
            14.437323
          ],
          [
            79.996508,
            14.437196
          ]
        ]
      }
    },
    {
      "type": "Feature",
      "properties": {
        "id": "osm-way-1491805894",
        "name": "Unnamed Road",
        "highway": "residential",
        "lanes": null,
        "width": 5.5,
        "type": "road"
      },
      "geometry": {
        "type": "LineString",
        "coordinates": [
          [
            79.9967994,
            14.438674
          ],
          [
            79.9967497,
            14.4384521
          ],
          [
            79.9966467,
            14.4379919
          ],
          [
            79.996508,
            14.437196
          ]
        ]
      }
    },
    {
      "type": "Feature",
      "properties": {
        "id": "osm-bldg-416347979",
        "building": "yes",
        "height": 8.0,
        "type": "building"
      },
      "geometry": {
        "type": "Polygon",
        "coordinates": [
          [
            [
              79.9872178,
              14.4416129
            ],
            [
              79.9873057,
              14.4415363
            ],
            [
              79.987267,
              14.4414947
            ],
            [
              79.9871791,
              14.4415713
            ],
            [
              79.9872178,
              14.4416129
            ]
          ]
        ]
      }
    },
    {
      "type": "Feature",
      "properties": {
        "id": "osm-bldg-416347980",
        "building": "yes",
        "height": 8.0,
        "type": "building"
      },
      "geometry": {
        "type": "Polygon",
        "coordinates": [
          [
            [
              79.9876865,
              14.4413448
            ],
            [
              79.9877683,
              14.4412727
            ],
            [
              79.9876771,
              14.4411756
            ],
            [
              79.9875953,
              14.4412476
            ],
            [
              79.9876865,
              14.4413448
            ]
          ]
        ]
      }
    },
    {
      "type": "Feature",
      "properties": {
        "id": "osm-bldg-416347982",
        "building": "yes",
        "height": 8.0,
        "type": "building"
      },
      "geometry": {
        "type": "Polygon",
        "coordinates": [
          [
            [
              79.9874183,
              14.4406136
            ],
            [
              79.9875766,
              14.4405902
            ],
            [
              79.987544,
              14.4403836
            ],
            [
              79.9873858,
              14.440407
            ],
            [
              79.9874183,
              14.4406136
            ]
          ]
        ]
      }
    },
    {
      "type": "Feature",
      "properties": {
        "id": "osm-bldg-416347983",
        "building": "yes",
        "height": 8.0,
        "type": "building"
      },
      "geometry": {
        "type": "Polygon",
        "coordinates": [
          [
            [
              79.9877811,
              14.4412597
            ],
            [
              79.9878508,
              14.4412032
            ],
            [
              79.9877112,
              14.4410416
            ],
            [
              79.9876415,
              14.4410981
            ],
            [
              79.9877811,
              14.4412597
            ]
          ]
        ]
      }
    },
    {
      "type": "Feature",
      "properties": {
        "id": "osm-bldg-416347984",
        "building": "yes",
        "height": 8.0,
        "type": "building"
      },
      "geometry": {
        "type": "Polygon",
        "coordinates": [
          [
            [
              79.9879186,
              14.4408876
            ],
            [
              79.9880044,
              14.4408136
            ],
            [
              79.9879162,
              14.4407176
            ],
            [
              79.9878303,
              14.4407917
            ],
            [
              79.9879186,
              14.4408876
            ]
          ]
        ]
      }
    },
    {
      "type": "Feature",
      "properties": {
        "id": "osm-bldg-416347986",
        "building": "yes",
        "height": 8.0,
        "type": "building"
      },
      "geometry": {
        "type": "Polygon",
        "coordinates": [
          [
            [
              79.9868847,
              14.4414225
            ],
            [
              79.9869548,
              14.4413752
            ],
            [
              79.9868445,
              14.441222
            ],
            [
              79.9867744,
              14.4412693
            ],
            [
              79.9868847,
              14.4414225
            ]
          ]
        ]
      }
    },
    {
      "type": "Feature",
      "properties": {
        "id": "osm-bldg-416347989",
        "building": "yes",
        "height": 8.0,
        "type": "building"
      },
      "geometry": {
        "type": "Polygon",
        "coordinates": [
          [
            [
              79.9875223,
              14.4414974
            ],
            [
              79.9876765,
              14.441374
            ],
            [
              79.9875909,
              14.4412737
            ],
            [
              79.9874367,
              14.441397
            ],
            [
              79.9875223,
              14.4414974
            ]
          ]
        ]
      }
    },
    {
      "type": "Feature",
      "properties": {
        "id": "osm-bldg-416347990",
        "building": "yes",
        "height": 8.0,
        "type": "building"
      },
      "geometry": {
        "type": "Polygon",
        "coordinates": [
          [
            [
              79.9879481,
              14.4404694
            ],
            [
              79.9880352,
              14.440446
            ],
            [
              79.9880179,
              14.4403855
            ],
            [
              79.9879307,
              14.4404089
            ],
            [
              79.9879481,
              14.4404694
            ]
          ]
        ]
      }
    },
    {
      "type": "Feature",
      "properties": {
        "id": "osm-bldg-416347992",
        "building": "yes",
        "height": 8.0,
        "type": "building"
      },
      "geometry": {
        "type": "Polygon",
        "coordinates": [
          [
            [
              79.9872581,
              14.4406382
            ],
            [
              79.9873989,
              14.4406116
            ],
            [
              79.9873573,
              14.4404053
            ],
            [
              79.9872165,
              14.4404319
            ],
            [
              79.9872581,
              14.4406382
            ]
          ]
        ]
      }
    },
    {
      "type": "Feature",
      "properties": {
        "id": "osm-bldg-416347993",
        "building": "yes",
        "height": 8.0,
        "type": "building"
      },
      "geometry": {
        "type": "Polygon",
        "coordinates": [
          [
            [
              79.9868416,
              14.4417597
            ],
            [
              79.9869597,
              14.4417285
            ],
            [
              79.9869349,
              14.4416406
            ],
            [
              79.9868169,
              14.4416718
            ],
            [
              79.9868416,
              14.4417597
            ]
          ]
        ]
      }
    },
    {
      "type": "Feature",
      "properties": {
        "id": "osm-bldg-416347995",
        "building": "yes",
        "height": 8.0,
        "type": "building"
      },
      "geometry": {
        "type": "Polygon",
        "coordinates": [
          [
            [
              79.9865969,
              14.4408415
            ],
            [
              79.9867639,
              14.4408253
            ],
            [
              79.9867488,
              14.4406803
            ],
            [
              79.9865819,
              14.4406965
            ],
            [
              79.9865969,
              14.4408415
            ]
          ]
        ]
      }
    },
    {
      "type": "Feature",
      "properties": {
        "id": "osm-bldg-416347996",
        "building": "yes",
        "height": 8.0,
        "type": "building"
      },
      "geometry": {
        "type": "Polygon",
        "coordinates": [
          [
            [
              79.9879769,
              14.4406962
            ],
            [
              79.988058,
              14.4407994
            ],
            [
              79.9881033,
              14.440766
            ],
            [
              79.9880221,
              14.4406628
            ],
            [
              79.9879769,
              14.4406962
            ]
          ]
        ]
      }
    },
    {
      "type": "Feature",
      "properties": {
        "id": "osm-bldg-416347998",
        "building": "yes",
        "height": 8.0,
        "type": "building"
      },
      "geometry": {
        "type": "Polygon",
        "coordinates": [
          [
            [
              79.9871931,
              14.4417791
            ],
            [
              79.9870663,
              14.4416184
            ],
            [
              79.9870266,
              14.441642
            ],
            [
              79.9869847,
              14.4416691
            ],
            [
              79.9870819,
              14.4418473
            ],
            [
              79.9871931,
              14.4417791
            ]
          ]
        ]
      }
    },
    {
      "type": "Feature",
      "properties": {
        "id": "osm-bldg-416347999",
        "building": "yes",
        "height": 8.0,
        "type": "building"
      },
      "geometry": {
        "type": "Polygon",
        "coordinates": [
          [
            [
              79.9865681,
              14.4406967
            ],
            [
              79.9867488,
              14.4406803
            ],
            [
              79.9867339,
              14.4405259
            ],
            [
              79.9865531,
              14.4405423
            ],
            [
              79.9865681,
              14.4406967
            ]
          ]
        ]
      }
    },
    {
      "type": "Feature",
      "properties": {
        "id": "osm-bldg-416348001",
        "building": "yes",
        "height": 8.0,
        "type": "building"
      },
      "geometry": {
        "type": "Polygon",
        "coordinates": [
          [
            [
              79.9879004,
              14.4403149
            ],
            [
              79.9879305,
              14.4404009
            ],
            [
              79.9880157,
              14.440373
            ],
            [
              79.9879856,
              14.4402869
            ],
            [
              79.9879004,
              14.4403149
            ]
          ]
        ]
      }
    },
    {
      "type": "Feature",
      "properties": {
        "id": "osm-bldg-416348002",
        "building": "yes",
        "height": 8.0,
        "type": "building"
      },
      "geometry": {
        "type": "Polygon",
        "coordinates": [
          [
            [
              79.9871387,
              14.4406603
            ],
            [
              79.9872319,
              14.4406421
            ],
            [
              79.987201,
              14.4404935
            ],
            [
              79.9871078,
              14.4405117
            ],
            [
              79.9871387,
              14.4406603
            ]
          ]
        ]
      }
    },
    {
      "type": "Feature",
      "properties": {
        "id": "osm-bldg-416348003",
        "building": "yes",
        "height": 8.0,
        "type": "building"
      },
      "geometry": {
        "type": "Polygon",
        "coordinates": [
          [
            [
              79.9883081,
              14.4403842
            ],
            [
              79.9882514,
              14.440431
            ],
            [
              79.9883237,
              14.4405132
            ],
            [
              79.9883804,
              14.4404664
            ],
            [
              79.9883081,
              14.4403842
            ]
          ]
        ]
      }
    },
    {
      "type": "Feature",
      "properties": {
        "id": "osm-bldg-416348005",
        "building": "yes",
        "height": 8.0,
        "type": "building"
      },
      "geometry": {
        "type": "Polygon",
        "coordinates": [
          [
            [
              79.9866004,
              14.4409221
            ],
            [
              79.9867439,
              14.4409143
            ],
            [
              79.9867394,
              14.440837
            ],
            [
              79.9865959,
              14.4408448
            ],
            [
              79.9866004,
              14.4409221
            ]
          ]
        ]
      }
    },
    {
      "type": "Feature",
      "properties": {
        "id": "osm-bldg-416348006",
        "building": "yes",
        "height": 8.0,
        "type": "building"
      },
      "geometry": {
        "type": "Polygon",
        "coordinates": [
          [
            [
              79.9870713,
              14.441039
            ],
            [
              79.9871559,
              14.4409574
            ],
            [
              79.9870693,
              14.4408733
            ],
            [
              79.9869847,
              14.4409548
            ],
            [
              79.9870713,
              14.441039
            ]
          ]
        ]
      }
    },
    {
      "type": "Feature",
      "properties": {
        "id": "osm-bldg-416348008",
        "building": "yes",
        "height": 8.0,
        "type": "building"
      },
      "geometry": {
        "type": "Polygon",
        "coordinates": [
          [
            [
              79.9881009,
              14.4409499
            ],
            [
              79.9882015,
              14.4408694
            ],
            [
              79.9881139,
              14.4407668
            ],
            [
              79.9880133,
              14.4408473
            ],
            [
              79.9881009,
              14.4409499
            ]
          ]
        ]
      }
    },
    {
      "type": "Feature",
      "properties": {
        "id": "osm-bldg-416348009",
        "building": "yes",
        "height": 8.0,
        "type": "building"
      },
      "geometry": {
        "type": "Polygon",
        "coordinates": [
          [
            [
              79.9879454,
              14.4411377
            ],
            [
              79.9879894,
              14.4411011
            ],
            [
              79.9877989,
              14.4408864
            ],
            [
              79.9877549,
              14.440923
            ],
            [
              79.9879454,
              14.4411377
            ]
          ]
        ]
      }
    },
    {
      "type": "Feature",
      "properties": {
        "id": "osm-bldg-416348011",
        "building": "yes",
        "height": 8.0,
        "type": "building"
      },
      "geometry": {
        "type": "Polygon",
        "coordinates": [
          [
            [
              79.9867775,
              14.441492
            ],
            [
              79.9868537,
              14.4414634
            ],
            [
              79.9867966,
              14.4413207
            ],
            [
              79.9867205,
              14.4413493
            ],
            [
              79.9867775,
              14.441492
            ]
          ]
        ]
      }
    },
    {
      "type": "Feature",
      "properties": {
        "id": "osm-bldg-416348012",
        "building": "yes",
        "height": 8.0,
        "type": "building"
      },
      "geometry": {
        "type": "Polygon",
        "coordinates": [
          [
            [
              79.9871651,
              14.4411427
            ],
            [
              79.9872365,
              14.4412149
            ],
            [
              79.9873096,
              14.4411471
            ],
            [
              79.9872382,
              14.4410748
            ],
            [
              79.9871651,
              14.4411427
            ]
          ]
        ]
      }
    },
    {
      "type": "Feature",
      "properties": {
        "id": "osm-bldg-416348014",
        "building": "yes",
        "height": 8.0,
        "type": "building"
      },
      "geometry": {
        "type": "Polygon",
        "coordinates": [
          [
            [
              79.986788,
              14.4410805
            ],
            [
              79.9869355,
              14.4410519
            ],
            [
              79.9869239,
              14.4409958
            ],
            [
              79.9867764,
              14.4410244
            ],
            [
              79.986788,
              14.4410805
            ]
          ]
        ]
      }
    },
    {
      "type": "Feature",
      "properties": {
        "id": "osm-bldg-416348015",
        "building": "yes",
        "height": 8.0,
        "type": "building"
      },
      "geometry": {
        "type": "Polygon",
        "coordinates": [
          [
            [
              79.9878019,
              14.440885
            ],
            [
              79.9879782,
              14.4410844
            ],
            [
              79.9880241,
              14.4410463
            ],
            [
              79.9878477,
              14.440847
            ],
            [
              79.9878019,
              14.440885
            ]
          ]
        ]
      }
    },
    {
      "type": "Feature",
      "properties": {
        "id": "osm-bldg-416348017",
        "building": "yes",
        "height": 8.0,
        "type": "building"
      },
      "geometry": {
        "type": "Polygon",
        "coordinates": [
          [
            [
              79.9869664,
              14.4418831
            ],
            [
              79.9870562,
              14.4418519
            ],
            [
              79.9870355,
              14.441796
            ],
            [
              79.9869457,
              14.4418271
            ],
            [
              79.9869664,
              14.4418831
            ]
          ]
        ]
      }
    },
    {
      "type": "Feature",
      "properties": {
        "id": "osm-bldg-416348018",
        "building": "yes",
        "height": 8.0,
        "type": "building"
      },
      "geometry": {
        "type": "Polygon",
        "coordinates": [
          [
            [
              79.9872956,
              14.4412577
            ],
            [
              79.9873458,
              14.4413148
            ],
            [
              79.987445,
              14.441233
            ],
            [
              79.9873949,
              14.4411759
            ],
            [
              79.9872956,
              14.4412577
            ]
          ]
        ]
      }
    },
    {
      "type": "Feature",
      "properties": {
        "id": "osm-bldg-416348019",
        "building": "yes",
        "height": 8.0,
        "type": "building"
      },
      "geometry": {
        "type": "Polygon",
        "coordinates": [
          [
            [
              79.9867471,
              14.4419324
            ],
            [
              79.9867644,
              14.4420406
            ],
            [
              79.9868422,
              14.4420289
            ],
            [
              79.9868249,
              14.4419207
            ],
            [
              79.9867471,
              14.4419324
            ]
          ]
        ]
      }
    },
    {
      "type": "Feature",
      "properties": {
        "id": "osm-bldg-416348021",
        "building": "yes",
        "height": 8.0,
        "type": "building"
      },
      "geometry": {
        "type": "Polygon",
        "coordinates": [
          [
            [
              79.9868846,
              14.441922
            ],
            [
              79.9869597,
              14.4419052
            ],
            [
              79.9869357,
              14.4418052
            ],
            [
              79.9868606,
              14.441822
            ],
            [
              79.9868846,
              14.441922
            ]
          ]
        ]
      }
    },
    {
      "type": "Feature",
      "properties": {
        "id": "osm-bldg-416348022",
        "building": "yes",
        "height": 8.0,
        "type": "building"
      },
      "geometry": {
        "type": "Polygon",
        "coordinates": [
          [
            [
              79.987419,
              14.4413863
            ],
            [
              79.987533,
              14.4413045
            ],
            [
              79.9874758,
              14.4412298
            ],
            [
              79.9873618,
              14.4413116
            ],
            [
              79.987419,
              14.4413863
            ]
          ]
        ]
      }
    },
    {
      "type": "Feature",
      "properties": {
        "id": "osm-bldg-416348024",
        "building": "yes",
        "height": 8.0,
        "type": "building"
      },
      "geometry": {
        "type": "Polygon",
        "coordinates": [
          [
            [
              79.9882169,
              14.4408688
            ],
            [
              79.9883108,
              14.4408012
            ],
            [
              79.9882134,
              14.4406742
            ],
            [
              79.9881195,
              14.4407417
            ],
            [
              79.9882169,
              14.4408688
            ]
          ]
        ]
      }
    },
    {
      "type": "Feature",
      "properties": {
        "id": "osm-bldg-416348025",
        "building": "yes",
        "height": 8.0,
        "type": "building"
      },
      "geometry": {
        "type": "Polygon",
        "coordinates": [
          [
            [
              79.9872118,
              14.4415077
            ],
            [
              79.9873311,
              14.4414324
            ],
            [
              79.9872487,
              14.44131
            ],
            [
              79.9871294,
              14.4413853
            ],
            [
              79.9872118,
              14.4415077
            ]
          ]
        ]
      }
    },
    {
      "type": "Feature",
      "properties": {
        "id": "osm-bldg-416348027",
        "building": "yes",
        "height": 8.0,
        "type": "building"
      },
      "geometry": {
        "type": "Polygon",
        "coordinates": [
          [
            [
              79.9875893,
              14.4405856
            ],
            [
              79.9877409,
              14.4405694
            ],
            [
              79.9877149,
              14.4403423
            ],
            [
              79.9875634,
              14.4403585
            ],
            [
              79.9875893,
              14.4405856
            ]
          ]
        ]
      }
    },
    {
      "type": "Feature",
      "properties": {
        "id": "osm-bldg-416348028",
        "building": "yes",
        "height": 8.0,
        "type": "building"
      },
      "geometry": {
        "type": "Polygon",
        "coordinates": [
          [
            [
              79.9865681,
              14.4412454
            ],
            [
              79.9865874,
              14.4413261
            ],
            [
              79.9866423,
              14.4413137
            ],
            [
              79.986623,
              14.4412331
            ],
            [
              79.9865681,
              14.4412454
            ]
          ]
        ]
      }
    },
    {
      "type": "Feature",
      "properties": {
        "id": "osm-bldg-416348030",
        "building": "yes",
        "height": 8.0,
        "type": "building"
      },
      "geometry": {
        "type": "Polygon",
        "coordinates": [
          [
            [
              79.9880208,
              14.4406446
            ],
            [
              79.9880997,
              14.4407457
            ],
            [
              79.9882115,
              14.4406639
            ],
            [
              79.9881325,
              14.4405628
            ],
            [
              79.9880208,
              14.4406446
            ]
          ]
        ]
      }
    },
    {
      "type": "Feature",
      "properties": {
        "id": "osm-bldg-416348031",
        "building": "yes",
        "height": 8.0,
        "type": "building"
      },
      "geometry": {
        "type": "Polygon",
        "coordinates": [
          [
            [
              79.9882792,
              14.440634
            ],
            [
              79.9883774,
              14.4407492
            ],
            [
              79.9884504,
              14.4406909
            ],
            [
              79.9883522,
              14.4405757
            ],
            [
              79.9882792,
              14.440634
            ]
          ]
        ]
      }
    },
    {
      "type": "Feature",
      "properties": {
        "id": "osm-bldg-416348032",
        "building": "yes",
        "height": 8.0,
        "type": "building"
      },
      "geometry": {
        "type": "Polygon",
        "coordinates": [
          [
            [
              79.9871447,
              14.4411084
            ],
            [
              79.9872299,
              14.4410305
            ],
            [
              79.9871659,
              14.4409649
            ],
            [
              79.9870808,
              14.4410429
            ],
            [
              79.9871447,
              14.4411084
            ]
          ]
        ]
      }
    },
    {
      "type": "Feature",
      "properties": {
        "id": "osm-bldg-416348035",
        "building": "yes",
        "height": 8.0,
        "type": "building"
      },
      "geometry": {
        "type": "Polygon",
        "coordinates": [
          [
            [
              79.9869194,
              14.4420117
            ],
            [
              79.9869983,
              14.4419821
            ],
            [
              79.9869737,
              14.4419206
            ],
            [
              79.9868948,
              14.4419501
            ],
            [
              79.9869194,
              14.4420117
            ]
          ]
        ]
      }
    },
    {
      "type": "Feature",
      "properties": {
        "id": "osm-bldg-416348036",
        "building": "yes",
        "height": 8.0,
        "type": "building"
      },
      "geometry": {
        "type": "Polygon",
        "coordinates": [
          [
            [
              79.9877462,
              14.440722
            ],
            [
              79.9878106,
              14.440696
            ],
            [
              79.9877583,
              14.4405745
            ],
            [
              79.9876939,
              14.4406004
            ],
            [
              79.9877462,
              14.440722
            ]
          ]
        ]
      }
    },
    {
      "type": "Feature",
      "properties": {
        "id": "osm-bldg-416348038",
        "building": "yes",
        "height": 8.0,
        "type": "building"
      },
      "geometry": {
        "type": "Polygon",
        "coordinates": [
          [
            [
              79.9875598,
              14.4411999
            ],
            [
              79.9876409,
              14.4411318
            ],
            [
              79.9875389,
              14.4410179
            ],
            [
              79.9874578,
              14.4410861
            ],
            [
              79.9875598,
              14.4411999
            ]
          ]
        ]
      }
    },
    {
      "type": "Feature",
      "properties": {
        "id": "osm-water-201486021",
        "name": "Survepalli Canal",
        "natural": "water",
        "type": "water"
      },
      "geometry": {
        "type": "Polygon",
        "coordinates": [
          [
            [
              79.9867346,
              14.4422303
            ],
            [
              79.9864496,
              14.4413822
            ],
            [
              79.9853143,
              14.4374168
            ],
            [
              79.984875,
              14.4357483
            ],
            [
              79.983488,
              14.4304804
            ],
            [
              79.9834716,
              14.4300264
            ],
            [
              79.9845554,
              14.4281131
            ],
            [
              79.9862736,
              14.4244512
            ],
            [
              79.9863526,
              14.4223863
            ],
            [
              79.9883531,
              14.4177211
            ],
            [
              79.9899324,
              14.4132087
            ],
            [
              79.9908011,
              14.409767
            ],
            [
              79.9942756,
              14.4061213
            ],
            [
              79.9953795,
              14.4023519
            ],
            [
              79.9963854,
              14.3994271
            ],
            [
              79.9966936,
              14.3985308
            ],
            [
              79.9967653,
              14.3974657
            ],
            [
              79.9937724,
              14.3938649
            ],
            [
              79.9933218,
              14.3924723
            ],
            [
              79.9926137,
              14.38923
            ],
            [
              79.9922982,
              14.3880806
            ],
            [
              79.9915622,
              14.3873801
            ],
            [
              79.9883232,
              14.3870268
            ],
            [
              79.9841604,
              14.3872554
            ],
            [
              79.9814353,
              14.3873593
            ],
            [
              79.9701915,
              14.3813525
            ],
            [
              79.9644676,
              14.3719303
            ],
            [
              79.9590335,
              14.3628736
            ],
            [
              79.9585614,
              14.3606078
            ],
            [
              79.9589691,
              14.3592774
            ],
            [
              79.9604711,
              14.3571363
            ],
            [
              79.96281,
              14.3561801
            ],
            [
              79.9651918,
              14.3559722
            ],
            [
              79.9690113,
              14.3563048
            ],
            [
              79.9745098,
              14.3565688
            ],
            [
              79.9826584,
              14.3550576
            ],
            [
              79.986569,
              14.3530557
            ],
            [
              79.9878726,
              14.3510039
            ],
            [
              79.9892459,
              14.347262
            ],
            [
              79.9896965,
              14.3440398
            ],
            [
              79.9908552,
              14.336431
            ],
            [
              79.9923132,
              14.327429
            ],
            [
              79.9920559,
              14.3265653
            ],
            [
              79.9919969,
              14.3258272
            ],
            [
              79.9920934,
              14.325323
            ],
            [
              79.991734,
              14.3243511
            ],
            [
              79.9914765,
              14.323296
            ],
            [
              79.991262,
              14.3224643
            ],
            [
              79.9912673,
              14.3219654
            ],
            [
              79.991439,
              14.3216275
            ],
            [
              79.9915999,
              14.3208686
            ],
            [
              79.9921095,
              14.3200942
            ],
            [
              79.9926192,
              14.3190494
            ],
            [
              79.9931717,
              14.3177812
            ],
            [
              79.993863,
              14.3127308
            ],
            [
              79.9867346,
              14.4422303
            ]
          ]
        ]
      }
    },
    {
      "type": "Feature",
      "properties": {
        "id": "osm-water-703219144",
        "name": "Survepalli Canal",
        "natural": "water",
        "type": "water"
      },
      "geometry": {
        "type": "Polygon",
        "coordinates": [
          [
            [
              79.9868169,
              14.4424754
            ],
            [
              79.986776,
              14.4423536
            ],
            [
              79.9867346,
              14.4422303
            ],
            [
              79.9868169,
              14.4424754
            ]
          ]
        ]
      }
    },
    {
      "type": "Feature",
      "properties": {
        "id": "osm-water-703219145",
        "name": "Survepalli Canal",
        "natural": "water",
        "type": "water"
      },
      "geometry": {
        "type": "Polygon",
        "coordinates": [
          [
            [
              79.9916965,
              14.4668978
            ],
            [
              79.9916947,
              14.4654386
            ],
            [
              79.9909643,
              14.4628888
            ],
            [
              79.9907488,
              14.461839
            ],
            [
              79.9906051,
              14.461164
            ],
            [
              79.9904415,
              14.460218
            ],
            [
              79.9903895,
              14.4589571
            ],
            [
              79.9904212,
              14.4578961
            ],
            [
              79.9907201,
              14.4564257
            ],
            [
              79.990924,
              14.4548206
            ],
            [
              79.9908543,
              14.4541453
            ],
            [
              79.9894835,
              14.4504124
            ],
            [
              79.9873395,
              14.444031
            ],
            [
              79.9868169,
              14.4424754
            ],
            [
              79.9916965,
              14.4668978
            ]
          ]
        ]
      }
    },
    {
      "type": "Feature",
      "properties": {
        "id": "osm-water-788898438",
        "name": null,
        "natural": "water",
        "type": "water"
      },
      "geometry": {
        "type": "Polygon",
        "coordinates": [
          [
            [
              79.9873395,
              14.444031
            ],
            [
              79.9874143,
              14.4437013
            ],
            [
              79.9874358,
              14.4435896
            ],
            [
              79.9874452,
              14.4434649
            ],
            [
              79.9874331,
              14.4432792
            ],
            [
              79.9874358,
              14.4431013
            ],
            [
              79.987527,
              14.4426519
            ],
            [
              79.9877,
              14.4421324
            ],
            [
              79.9878274,
              14.4418883
            ],
            [
              79.9880044,
              14.4416571
            ],
            [
              79.9881399,
              14.4415051
            ],
            [
              79.9891631,
              14.4405246
            ],
            [
              79.9905579,
              14.4391181
            ],
            [
              79.991148,
              14.4385479
            ],
            [
              79.9924327,
              14.4372557
            ],
            [
              79.9929062,
              14.4368063
            ],
            [
              79.9941722,
              14.435566
            ],
            [
              79.9948829,
              14.4348828
            ],
            [
              79.9955682,
              14.434236
            ],
            [
              79.9962576,
              14.4335542
            ],
            [
              79.9974136,
              14.4324255
            ],
            [
              79.9975692,
              14.4322645
            ],
            [
              79.9979594,
              14.4318827
            ],
            [
              79.9986528,
              14.431232
            ],
            [
              79.9994896,
              14.4304709
            ],
            [
              80.0002058,
              14.4297604
            ],
            [
              80.000938,
              14.4290682
            ],
            [
              80.003061,
              14.4269901
            ],
            [
              80.0037275,
              14.4263796
            ],
            [
              80.0053073,
              14.424886
            ],
            [
              80.006116,
              14.4241469
            ],
            [
              80.0084992,
              14.4219519
            ],
            [
              80.0094594,
              14.4211155
            ],
            [
              80.0097451,
              14.4208453
            ],
            [
              80.0099865,
              14.420592
            ],
            [
              80.0101192,
              14.4204349
            ],
            [
              80.0102024,
              14.4203089
            ],
            [
              80.0103177,
              14.4201114
            ],
            [
              80.010535,
              14.4196542
            ],
            [
              80.0106315,
              14.4194153
            ],
            [
              80.0109132,
              14.4185489
            ],
            [
              80.0111626,
              14.4178255
            ],
            [
              80.0115408,
              14.4169799
            ],
            [
              80.0115783,
              14.4169253
            ],
            [
              80.0116736,
              14.4168084
            ],
            [
              80.0118452,
              14.4166136
            ],
            [
              80.0121027,
              14.416298
            ],
            [
              80.0131018,
              14.4149679
            ],
            [
              80.013696,
              14.4141847
            ],
            [
              80.0141332,
              14.4136236
            ],
            [
              80.0147112,
              14.4128676
            ],
            [
              80.0154608,
              14.4118376
            ],
            [
              80.0160442,
              14.4110621
            ],
            [
              80.0170755,
              14.4097386
            ],
            [
              80.0176871,
              14.4089423
            ],
            [
              80.0182208,
              14.408276
            ],
            [
              80.0187372,
              14.4076213
            ],
            [
              80.0197899,
              14.4063146
            ],
            [
              80.0202982,
              14.4056664
            ],
            [
              80.0205973,
              14.4052274
            ],
            [
              80.0216004,
              14.403783
            ],
            [
              80.022098,
              14.4030997
            ],
            [
              80.0226156,
              14.402332
            ],
            [
              80.0235866,
              14.4009837
            ],
            [
              80.0238602,
              14.4006343
            ],
            [
              80.0240694,
              14.4003277
            ],
            [
              80.0243966,
              14.399812
            ],
            [
              80.0251248,
              14.3987222
            ],
            [
              80.0259724,
              14.3974024
            ],
            [
              80.0269005,
              14.3959735
            ],
            [
              80.0278982,
              14.3944589
            ],
            [
              80.0282872,
              14.3938484
            ],
            [
              80.028947,
              14.3929105
            ],
            [
              80.0290234,
              14.3928299
            ],
            [
              80.0300722,
              14.3921467
            ],
            [
              80.0302599,
              14.3919986
            ],
            [
              80.0309345,
              14.3914244
            ],
            [
              80.0315407,
              14.3909555
            ],
            [
              80.0321428,
              14.3904787
            ],
            [
              80.0322528,
              14.3903852
            ],
            [
              80.0323944,
              14.3902236
            ],
            [
              80.0325237,
              14.390076
            ],
            [
              80.0328161,
              14.3897136
            ],
            [
              80.0329944,
              14.3894772
            ],
            [
              80.0333177,
              14.3890316
            ],
            [
              80.033783,
              14.3883626
            ],
            [
              80.0341652,
              14.3878261
            ],
            [
              80.0347513,
              14.3870194
            ],
            [
              80.0352381,
              14.3863348
            ],
            [
              80.0360347,
              14.3852423
            ],
            [
              80.0374871,
              14.3832118
            ],
            [
              80.0382881,
              14.3820745
            ],
            [
              79.9873395,
              14.444031
            ]
          ]
        ]
      }
    }
  ]
}