{
  "type": "FeatureCollection",
  "name": "Varkala Infrastructure Map",
  "crs": {
    "type": "name",
    "properties": {
      "name": "urn:ogc:def:crs:OGC:1.3:CRS84"
    }
  },
  "features": [
    {
      "type": "Feature",
      "properties": {
        "id": "osm-way-30067404",
        "name": "Helipad Road",
        "highway": "tertiary",
        "lanes": null,
        "width": 6.5,
        "type": "road"
      },
      "geometry": {
        "type": "LineString",
        "coordinates": [
          [
            76.7067151,
            8.7382999
          ],
          [
            76.7066373,
            8.7382912
          ],
          [
            76.706585,
            8.7382421
          ],
          [
            76.7063315,
            8.7379147
          ],
          [
            76.7062461,
            8.7378442
          ],
          [
            76.7060258,
            8.7377928
          ],
          [
            76.7058192,
            8.7377596
          ],
          [
            76.7057481,
            8.7377331
          ],
          [
            76.7057388,
            8.737688
          ],
          [
            76.7056901,
            8.7373525
          ],
          [
            76.7056757,
            8.7372532
          ],
          [
            76.7056341,
            8.7370558
          ],
          [
            76.7055684,
            8.736792
          ],
          [
            76.7055416,
            8.7367283
          ],
          [
            76.7055113,
            8.7366941
          ],
          [
            76.7054976,
            8.7366787
          ],
          [
            76.7053544,
            8.736663
          ],
          [
            76.7050803,
            8.7366329
          ],
          [
            76.7050469,
            8.7366181
          ],
          [
            76.7050239,
            8.7365786
          ],
          [
            76.7049384,
            8.7359456
          ]
        ]
      }
    },
    {
      "type": "Feature",
      "properties": {
        "id": "osm-way-31651155",
        "name": "Unnamed Road",
        "highway": "unclassified",
        "lanes": null,
        "width": 5.5,
        "type": "road"
      },
      "geometry": {
        "type": "LineString",
        "coordinates": [
          [
            76.7107305,
            8.7315662
          ],
          [
            76.7102789,
            8.7316004
          ],
          [
            76.7101568,
            8.731608
          ],
          [
            76.7095771,
            8.7316053
          ],
          [
            76.7095367,
            8.7316536
          ],
          [
            76.7095441,
            8.7319327
          ]
        ]
      }
    },
    {
      "type": "Feature",
      "properties": {
        "id": "osm-way-38576521",
        "name": "Unnamed Road",
        "highway": "residential",
        "lanes": null,
        "width": 5.5,
        "type": "road"
      },
      "geometry": {
        "type": "LineString",
        "coordinates": [
          [
            76.7063072,
            8.7414608
          ],
          [
            76.7066974,
            8.7415344
          ],
          [
            76.7070989,
            8.7416365
          ],
          [
            76.7074829,
            8.7417356
          ],
          [
            76.7075361,
            8.741777
          ],
          [
            76.7076123,
            8.7419094
          ],
          [
            76.7081465,
            8.7421991
          ],
          [
            76.7086639,
            8.7424047
          ],
          [
            76.7086549,
            8.7425422
          ]
        ]
      }
    },
    {
      "type": "Feature",
      "properties": {
        "id": "osm-way-38576546",
        "name": "Unnamed Road",
        "highway": "residential",
        "lanes": null,
        "width": 5.5,
        "type": "road"
      },
      "geometry": {
        "type": "LineString",
        "coordinates": [
          [
            76.709297,
            8.742605
          ],
          [
            76.7093009,
            8.7421031
          ],
          [
            76.7093647,
            8.7416859
          ],
          [
            76.7093724,
            8.7415553
          ],
          [
            76.7093308,
            8.7414876
          ],
          [
            76.7093019,
            8.7414479
          ],
          [
            76.7093056,
            8.7412499
          ],
          [
            76.7092979,
            8.7411808
          ],
          [
            76.7092862,
            8.7410769
          ],
          [
            76.7093142,
            8.7405933
          ],
          [
            76.7092842,
            8.7401379
          ],
          [
            76.709269,
            8.7399084
          ],
          [
            76.7092835,
            8.7395835
          ]
        ]
      }
    },
    {
      "type": "Feature",
      "properties": {
        "id": "osm-way-38576568",
        "name": "Unnamed Road",
        "highway": "residential",
        "lanes": null,
        "width": 5.5,
        "type": "road"
      },
      "geometry": {
        "type": "LineString",
        "coordinates": [
          [
            76.7100714,
            8.7429008
          ],
          [
            76.7101535,
            8.7426228
          ],
          [
            76.7102007,
            8.7425569
          ],
          [
            76.7102663,
            8.7425471
          ],
          [
            76.7111273,
            8.7426309
          ],
          [
            76.7113601,
            8.7426235
          ],
          [
            76.7114455,
            8.7423473
          ],
          [
            76.7116763,
            8.742254
          ],
          [
            76.7117248,
            8.7422423
          ],
          [
            76.7117732,
            8.7422329
          ],
          [
            76.7118035,
            8.7422274
          ],
          [
            76.711851,
            8.7422224
          ],
          [
            76.7118807,
            8.7422194
          ],
          [
            76.7119104,
            8.7422174
          ],
          [
            76.7119471,
            8.7422192
          ],
          [
            76.7119796,
            8.7422253
          ],
          [
            76.7120065,
            8.7422349
          ],
          [
            76.7120827,
            8.7422593
          ],
          [
            76.7121203,
            8.7422728
          ],
          [
            76.7121566,
            8.7422891
          ],
          [
            76.7121569,
            8.7422893
          ],
          [
            76.71227,
            8.7423499
          ],
          [
            76.712325,
            8.7423834
          ],
          [
            76.7123787,
            8.7424185
          ],
          [
            76.7126162,
            8.7425826
          ],
          [
            76.7126669,
            8.7426055
          ],
          [
            76.7127209,
            8.7426088
          ],
          [
            76.7132691,
            8.7426005
          ],
          [
            76.7137258,
            8.7426208
          ]
        ]
      }
    },
    {
      "type": "Feature",
      "properties": {
        "id": "osm-way-38576586",
        "name": "Unnamed Road",
        "highway": "residential",
        "lanes": null,
        "width": 5.5,
        "type": "road"
      },
      "geometry": {
        "type": "LineString",
        "coordinates": [
          [
            76.7089279,
            8.7395753
          ],
          [
            76.7088967,
            8.7395245
          ],
          [
            76.7089033,
            8.739399
          ],
          [
            76.7089315,
            8.7391258
          ],
          [
            76.7088973,
            8.7390492
          ],
          [
            76.7084402,
            8.7390465
          ],
          [
            76.7080452,
            8.7390308
          ],
          [
            76.7080232,
            8.7390123
          ],
          [
            76.7080186,
            8.739001
          ],
          [
            76.7080157,
            8.7389938
          ],
          [
            76.7080175,
            8.7387882
          ],
          [
            76.7080184,
            8.7386916
          ],
          [
            76.7079991,
            8.7385326
          ],
          [
            76.7079897,
            8.7381053
          ],
          [
            76.7079493,
            8.7377023
          ],
          [
            76.7079241,
            8.7376349
          ]
        ]
      }
    },
    {
      "type": "Feature",
      "properties": {
        "id": "osm-way-38576783",
        "name": "Unnamed Road",
        "highway": "residential",
        "lanes": null,
        "width": 5.5,
        "type": "road"
      },
      "geometry": {
        "type": "LineString",
        "coordinates": [
          [
            76.7129044,
            8.7393743
          ],
          [
            76.7123325,
            8.7394293
          ],
          [
            76.7122819,
            8.7394599
          ],
          [
            76.7122281,
            8.7395679
          ],
          [
            76.7121987,
            8.7395976
          ],
          [
            76.7121596,
            8.7396112
          ],
          [
            76.7118343,
            8.739604
          ],
          [
            76.711405,
            8.7396828
          ],
          [
            76.7110059,
            8.7397307
          ],
          [
            76.7107137,
            8.7397658
          ],
          [
            76.7105956,
            8.7395766
          ],
          [
            76.7092835,
            8.7395835
          ],
          [
            76.7089279,
            8.7395753
          ]
        ]
      }
    },
    {
      "type": "Feature",
      "properties": {
        "id": "osm-way-38576821",
        "name": "Punnamoodu Janardhanapuram Road",
        "highway": "secondary",
        "lanes": null,
        "width": 8.0,
        "type": "road"
      },
      "geometry": {
        "type": "LineString",
        "coordinates": [
          [
            76.7163244,
            8.7479913
          ],
          [
            76.7159537,
            8.7473424
          ],
          [
            76.7157608,
            8.7469255
          ],
          [
            76.7157477,
            8.7468898
          ],
          [
            76.7156588,
            8.7466471
          ],
          [
            76.7156051,
            8.7464534
          ],
          [
            76.7154624,
            8.7460894
          ],
          [
            76.7153494,
            8.7458011
          ],
          [
            76.7153371,
            8.7457456
          ],
          [
            76.7153144,
            8.7456424
          ],
          [
            76.7153116,
            8.7454389
          ],
          [
            76.7153292,
            8.7450086
          ],
          [
            76.7153443,
            8.7446366
          ],
          [
            76.7152681,
            8.7440468
          ],
          [
            76.7151707,
            8.7432932
          ],
          [
            76.7151466,
            8.743107
          ],
          [
            76.7150401,
            8.7429458
          ],
          [
            76.7144107,
            8.7430749
          ],
          [
            76.7142717,
            8.7430725
          ],
          [
            76.7141797,
            8.7430685
          ],
          [
            76.7140866,
            8.7430592
          ],
          [
            76.7140379,
            8.7430498
          ],
          [
            76.7139892,
            8.7430256
          ],
          [
            76.713941,
            8.7429772
          ],
          [
            76.7137258,
            8.7426208
          ],
          [
            76.7135823,
            8.7418637
          ],
          [
            76.7135755,
            8.7418281
          ],
          [
            76.7133984,
            8.7408935
          ],
          [
            76.7133698,
            8.7407571
          ],
          [
            76.7133354,
            8.7406518
          ],
          [
            76.7132553,
            8.7404063
          ],
          [
            76.7130509,
            8.7397797
          ],
          [
            76.7130201,
            8.7396499
          ],
          [
            76.7129044,
            8.7393743
          ],
          [
            76.7128427,
            8.7392007
          ],
          [
            76.7127596,
            8.7389662
          ],
          [
            76.7127106,
            8.7384174
          ],
          [
            76.7126722,
            8.7381863
          ]
        ]
      }
    },
    {
      "type": "Feature",
      "properties": {
        "id": "osm-way-38576829",
        "name": "Unnamed Road",
        "highway": "residential",
        "lanes": null,
        "width": 5.5,
        "type": "road"
      },
      "geometry": {
        "type": "LineString",
        "coordinates": [
          [
            76.7100563,
            8.735033
          ],
          [
            76.7101233,
            8.735059
          ],
          [
            76.7113167,
            8.7351978
          ]
        ]
      }
    },
    {
      "type": "Feature",
      "properties": {
        "id": "osm-way-38576886",
        "name": "Mundayil Road",
        "highway": "secondary",
        "lanes": null,
        "width": 8.0,
        "type": "road"
      },
      "geometry": {
        "type": "LineString",
        "coordinates": [
          [
            76.7106059,
            8.7332801
          ],
          [
            76.7123751,
            8.7338757
          ],
          [
            76.712535,
            8.7339609
          ],
          [
            76.7125457,
            8.7339688
          ],
          [
            76.7127889,
            8.7341497
          ],
          [
            76.7139833,
            8.7347736
          ],
          [
            76.7142469,
            8.7350341
          ],
          [
            76.7154644,
            8.736255
          ],
          [
            76.7155962,
            8.7363561
          ],
          [
            76.7157204,
            8.7364482
          ],
          [
            76.7159128,
            8.7365612
          ],
          [
            76.716766,
            8.7370519
          ],
          [
            76.716893,
            8.7371914
          ],
          [
            76.7170228,
            8.7372562
          ],
          [
            76.7173399,
            8.7374507
          ],
          [
            76.7175123,
            8.737514
          ],
          [
            76.7176762,
            8.7375096
          ],
          [
            76.7178304,
            8.7375796
          ],
          [
            76.7180188,
            8.7377047
          ],
          [
            76.7181073,
            8.7377856
          ],
          [
            76.7185492,
            8.7382063
          ],
          [
            76.7192494,
            8.7383491
          ],
          [
            76.7197322,
            8.738419
          ]
        ]
      }
    },
    {
      "type": "Feature",
      "properties": {
        "id": "osm-way-38576919",
        "name": "Unnamed Road",
        "highway": "residential",
        "lanes": null,
        "width": 5.5,
        "type": "road"
      },
      "geometry": {
        "type": "LineString",
        "coordinates": [
          [
            76.7126722,
            8.7381863
          ],
          [
            76.7126678,
            8.7377092
          ],
          [
            76.7126937,
            8.7375491
          ],
          [
            76.7127428,
            8.7372464
          ],
          [
            76.7128152,
            8.7366936
          ],
          [
            76.712836,
            8.7364948
          ],
          [
            76.7128751,
            8.7361213
          ],
          [
            76.7128988,
            8.7358943
          ],
          [
            76.7128758,
            8.7354671
          ],
          [
            76.7128748,
            8.7354495
          ],
          [
            76.712859,
            8.7351022
          ],
          [
            76.7128743,
            8.7350687
          ],
          [
            76.7128536,
            8.7350014
          ],
          [
            76.7128072,
            8.7348506
          ],
          [
            76.7127903,
            8.7347643
          ],
          [
            76.7127775,
            8.7347307
          ],
          [
            76.7127548,
            8.7347167
          ],
          [
            76.7126542,
            8.7346606
          ],
          [
            76.7126258,
            8.7346536
          ],
          [
            76.7126074,
            8.7346466
          ]
        ]
      }
    },
    {
      "type": "Feature",
      "properties": {
        "id": "osm-way-38577023",
        "name": "Unnamed Road",
        "highway": "residential",
        "lanes": null,
        "width": 5.5,
        "type": "road"
      },
      "geometry": {
        "type": "LineString",
        "coordinates": [
          [
            76.7101233,
            8.735059
          ],
          [
            76.7102795,
            8.7349496
          ],
          [
            76.7104187,
            8.7348307
          ],
          [
            76.7105351,
            8.7347099
          ],
          [
            76.7106288,
            8.7345666
          ],
          [
            76.710611,
            8.7340648
          ],
          [
            76.7105348,
            8.7337221
          ]
        ]
      }
    },
    {
      "type": "Feature",
      "properties": {
        "id": "osm-way-39577870",
        "name": "Unnamed Road",
        "highway": "residential",
        "lanes": null,
        "width": 5.5,
        "type": "road"
      },
      "geometry": {
        "type": "LineString",
        "coordinates": [
          [
            76.7121474,
            8.7309322
          ],
          [
            76.712288,
            8.7299756
          ],
          [
            76.7122891,
            8.729968
          ],
          [
            76.7123379,
            8.7295026
          ],
          [
            76.712388,
            8.7290241
          ],
          [
            76.712399,
            8.7287546
          ],
          [
            76.7124617,
            8.7286344
          ],
          [
            76.7125781,
            8.7284641
          ],
          [
            76.7127825,
            8.7282301
          ],
          [
            76.7127875,
            8.7282217
          ],
          [
            76.7128108,
            8.7281806
          ],
          [
            76.7129375,
            8.7279575
          ],
          [
            76.7130236,
            8.7277993
          ],
          [
            76.7130628,
            8.7277152
          ],
          [
            76.7132346,
            8.7271346
          ],
          [
            76.7135029,
            8.7263403
          ],
          [
            76.7135453,
            8.7262146
          ],
          [
            76.713665,
            8.7259825
          ],
          [
            76.7141756,
            8.7251821
          ],
          [
            76.7144453,
            8.7247719
          ]
        ]
      }
    },
    {
      "type": "Feature",
      "properties": {
        "id": "osm-way-39578462",
        "name": "Unnamed Road",
        "highway": "unclassified",
        "lanes": null,
        "width": 5.5,
        "type": "road"
      },
      "geometry": {
        "type": "LineString",
        "coordinates": [
          [
            76.7160304,
            8.7313475
          ],
          [
            76.7160585,
            8.7311512
          ],
          [
            76.7160754,
            8.7310709
          ],
          [
            76.7162271,
            8.7303502
          ],
          [
            76.7163853,
            8.7294537
          ]
        ]
      }
    },
    {
      "type": "Feature",
      "properties": {
        "id": "osm-way-39579060",
        "name": "Unnamed Road",
        "highway": "residential",
        "lanes": null,
        "width": 5.5,
        "type": "road"
      },
      "geometry": {
        "type": "LineString",
        "coordinates": [
          [
            76.7239502,
            8.7157581
          ],
          [
            76.7234272,
            8.7161824
          ],
          [
            76.7228098,
            8.7165474
          ],
          [
            76.7226074,
            8.7166493
          ],
          [
            76.7220412,
            8.7169504
          ],
          [
            76.7218456,
            8.7170248
          ],
          [
            76.7217852,
            8.7170082
          ],
          [
            76.7217564,
            8.7169405
          ],
          [
            76.7214584,
            8.7170852
          ],
          [
            76.7209547,
            8.7173385
          ],
          [
            76.7206696,
            8.7175
          ],
          [
            76.7204439,
            8.7175456
          ],
          [
            76.7203281,
            8.7176267
          ],
          [
            76.720321,
            8.717729
          ],
          [
            76.720302,
            8.7178182
          ],
          [
            76.7202359,
            8.7178561
          ],
          [
            76.7201176,
            8.7178545
          ],
          [
            76.7200194,
            8.717812
          ],
          [
            76.7195862,
            8.7179548
          ],
          [
            76.7192146,
            8.7178909
          ],
          [
            76.7190582,
            8.7179499
          ],
          [
            76.7186504,
            8.7182254
          ],
          [
            76.7180418,
            8.7186489
          ],
          [
            76.7177037,
            8.7191425
          ],
          [
            76.7175013,
            8.7196056
          ],
          [
            76.7174931,
            8.7196509
          ],
          [
            76.7173968,
            8.720181
          ],
          [
            76.7174954,
            8.7208266
          ],
          [
            76.7174679,
            8.7211344
          ],
          [
            76.7174923,
            8.7218217
          ],
          [
            76.7176849,
            8.7228546
          ],
          [
            76.7180631,
            8.7257063
          ],
          [
            76.7180877,
            8.7258326
          ],
          [
            76.7180969,
            8.7258509
          ],
          [
            76.7181061,
            8.7258617
          ],
          [
            76.7181208,
            8.7258749
          ],
          [
            76.7181355,
            8.72588
          ],
          [
            76.7181159,
            8.725899
          ],
          [
            76.7181032,
            8.7259269
          ],
          [
            76.7181069,
            8.726021
          ],
          [
            76.7181559,
            8.7263683
          ],
          [
            76.7181613,
            8.7263871
          ],
          [
            76.7182513,
            8.7267025
          ],
          [
            76.7185583,
            8.7273715
          ],
          [
            76.7190384,
            8.7278396
          ],
          [
            76.7191845,
            8.7279844
          ],
          [
            76.7193291,
            8.7281828
          ],
          [
            76.7193831,
            8.7282386
          ],
          [
            76.7194315,
            8.7282765
          ],
          [
            76.7194482,
            8.728288
          ],
          [
            76.719465,
            8.7282967
          ],
          [
            76.7194814,
            8.7282974
          ],
          [
            76.719495,
            8.7282926
          ],
          [
            76.719532,
            8.7282692
          ],
          [
            76.7195495,
            8.7282669
          ],
          [
            76.7195904,
            8.7282685
          ],
          [
            76.7196306,
            8.7282735
          ],
          [
            76.7197217,
            8.7282912
          ],
          [
            76.7198556,
            8.7283184
          ],
          [
            76.7201949,
            8.7284034
          ],
          [
            76.7204056,
            8.7284431
          ],
          [
            76.7205166,
            8.7284531
          ],
          [
            76.7206184,
            8.7284474
          ],
          [
            76.7206698,
            8.7284486
          ],
          [
            76.7208815,
            8.7284538
          ],
          [
            76.7211031,
            8.7284697
          ],
          [
            76.7213378,
            8.7284819
          ],
          [
            76.7215729,
            8.7284818
          ],
          [
            76.7218222,
            8.7284831
          ],
          [
            76.7218832,
            8.7284817
          ],
          [
            76.7218992,
            8.7284687
          ],
          [
            76.7219149,
            8.7284193
          ],
          [
            76.7219349,
            8.728372
          ],
          [
            76.7219463,
            8.7283484
          ],
          [
            76.7219619,
            8.7283255
          ],
          [
            76.721988,
            8.728304
          ],
          [
            76.7220127,
            8.7282908
          ],
          [
            76.7226624,
            8.7282284
          ],
          [
            76.7233545,
            8.7282208
          ],
          [
            76.7236538,
            8.7282489
          ],
          [
            76.7238042,
            8.7282766
          ],
          [
            76.7239678,
            8.7283173
          ],
          [
            76.7241132,
            8.7283743
          ],
          [
            76.7242456,
            8.7284475
          ],
          [
            76.7243845,
            8.7285497
          ],
          [
            76.7244539,
            8.7286024
          ],
          [
            76.7245136,
            8.7286713
          ],
          [
            76.7247443,
            8.7288898
          ],
          [
            76.7248776,
            8.7290345
          ],
          [
            76.7249506,
            8.7292713
          ],
          [
            76.7250245,
            8.7293692
          ],
          [
            76.7250697,
            8.7294181
          ],
          [
            76.7252308,
            8.7295736
          ],
          [
            76.7254653,
            8.7298743
          ],
          [
            76.725611,
            8.7300451
          ],
          [
            76.7257045,
            8.730161
          ],
          [
            76.725822,
            8.7303425
          ],
          [
            76.7258963,
            8.7304156
          ],
          [
            76.7259739,
            8.7304853
          ],
          [
            76.7261301,
            8.7307155
          ],
          [
            76.7262099,
            8.730829
          ],
          [
            76.7262979,
            8.7309634
          ],
          [
            76.7265461,
            8.731315
          ],
          [
            76.7266621,
            8.7314633
          ],
          [
            76.7267944,
            8.731631
          ],
          [
            76.7269251,
            8.7317464
          ],
          [
            76.7270345,
            8.7317754
          ],
          [
            76.7271456,
            8.7317769
          ],
          [
            76.7272705,
            8.731776
          ],
          [
            76.7273888,
            8.7317671
          ]
        ]
      }
    },
    {
      "type": "Feature",
      "properties": {
        "id": "osm-way-39579063",
        "name": "Unnamed Road",
        "highway": "residential",
        "lanes": null,
        "width": 5.5,
        "type": "road"
      },
      "geometry": {
        "type": "LineString",
        "coordinates": [
          [
            76.7115961,
            8.7308222
          ],
          [
            76.7116977,
            8.7294957
          ],
          [
            76.7116932,
            8.7289888
          ],
          [
            76.7116992,
            8.7289545
          ],
          [
            76.71171,
            8.7289217
          ],
          [
            76.7116686,
            8.7288714
          ],
          [
            76.7115049,
            8.7287908
          ],
          [
            76.7110006,
            8.7288168
          ],
          [
            76.7106366,
            8.728853
          ],
          [
            76.7105555,
            8.7289009
          ]
        ]
      }
    },
    {
      "type": "Feature",
      "properties": {
        "id": "osm-way-39579064",
        "name": "Unnamed Road",
        "highway": "residential",
        "lanes": null,
        "width": 5.5,
        "type": "road"
      },
      "geometry": {
        "type": "LineString",
        "coordinates": [
          [
            76.7108382,
            8.7315581
          ],
          [
            76.7107757,
            8.7316974
          ],
          [
            76.7107517,
            8.7318811
          ],
          [
            76.7119599,
            8.7319059
          ],
          [
            76.7119763,
            8.7319068
          ],
          [
            76.7122768,
            8.7319315
          ],
          [
            76.7122881,
            8.7319324
          ],
          [
            76.7123778,
            8.7319398
          ],
          [
            76.7125809,
            8.731946
          ],
          [
            76.7127944,
            8.7319519
          ],
          [
            76.7129288,
            8.7319696
          ],
          [
            76.7129917,
            8.7319784
          ],
          [
            76.7130632,
            8.7320013
          ],
          [
            76.7131081,
            8.7320454
          ],
          [
            76.7131403,
            8.7321946
          ],
          [
            76.7131738,
            8.7322293
          ],
          [
            76.7132798,
            8.7322887
          ],
          [
            76.7133859,
            8.7323368
          ],
          [
            76.7135051,
            8.732396
          ],
          [
            76.7135732,
            8.7324234
          ],
          [
            76.7136413,
            8.73243
          ]
        ]
      }
    },
    {
      "type": "Feature",
      "properties": {
        "id": "osm-way-39624123",
        "name": "Unnamed Road",
        "highway": "unclassified",
        "lanes": null,
        "width": 5.5,
        "type": "road"
      },
      "geometry": {
        "type": "LineString",
        "coordinates": [
          [
            76.724676,
            8.7326736
          ],
          [
            76.7246706,
            8.733074
          ],
          [
            76.7246734,
            8.7332588
          ],
          [
            76.7246525,
            8.733447
          ],
          [
            76.7246109,
            8.7338053
          ],
          [
            76.7246057,
            8.7338436
          ]
        ]
      }
    },
    {
      "type": "Feature",
      "properties": {
        "id": "osm-way-40623230",
        "name": "Varkala - Parippally - Madathara Road",
        "highway": "primary",
        "lanes": 2,
        "width": 7.0,
        "type": "road"
      },
      "geometry": {
        "type": "LineString",
        "coordinates": [
          [
            76.7190772,
            8.7524542
          ],
          [
            76.7190991,
            8.7519323
          ],
          [
            76.7191199,
            8.7517545
          ],
          [
            76.7191411,
            8.751573
          ],
          [
            76.7192076,
            8.7512393
          ],
          [
            76.7193141,
            8.750943
          ],
          [
            76.7195155,
            8.7504097
          ],
          [
            76.7195418,
            8.75034
          ],
          [
            76.7196492,
            8.7499963
          ],
          [
            76.7196753,
            8.7497731
          ],
          [
            76.7196935,
            8.7495481
          ],
          [
            76.7196835,
            8.7493285
          ],
          [
            76.7196353,
            8.7489288
          ],
          [
            76.7195896,
            8.7485499
          ],
          [
            76.7195635,
            8.7483332
          ],
          [
            76.7194902,
            8.7477248
          ],
          [
            76.7195205,
            8.7474391
          ],
          [
            76.719554,
            8.747292
          ],
          [
            76.7196258,
            8.7470948
          ],
          [
            76.7197316,
            8.7467242
          ],
          [
            76.7198206,
            8.7464892
          ],
          [
            76.7198466,
            8.7464204
          ],
          [
            76.7199403,
            8.7461113
          ],
          [
            76.7199564,
            8.7460684
          ],
          [
            76.7200456,
            8.7458311
          ],
          [
            76.7200764,
            8.7457084
          ],
          [
            76.7201111,
            8.7455695
          ],
          [
            76.7202216,
            8.7450673
          ],
          [
            76.7202705,
            8.7448452
          ],
          [
            76.7204086,
            8.7445433
          ],
          [
            76.720486,
            8.744438
          ],
          [
            76.7205982,
            8.7442853
          ],
          [
            76.720966,
            8.7438398
          ],
          [
            76.7214559,
            8.7433493
          ],
          [
            76.7217753,
            8.7430294
          ]
        ]
      }
    },
    {
      "type": "Feature",
      "properties": {
        "id": "osm-way-107727915",
        "name": "Varkala - Parippally - Madathara Road",
        "highway": "primary",
        "lanes": null,
        "width": 10.5,
        "type": "road"
      },
      "geometry": {
        "type": "LineString",
        "coordinates": [
          [
            76.7214918,
            8.7427395
          ],
          [
            76.7216368,
            8.742898
          ],
          [
            76.7217753,
            8.7430294
          ]
        ]
      }
    },
    {
      "type": "Feature",
      "properties": {
        "id": "osm-way-134274618",
        "name": "Mangala Hospital - Nadakkamukku Road",
        "highway": "secondary",
        "lanes": null,
        "width": 8.0,
        "type": "road"
      },
      "geometry": {
        "type": "LineString",
        "coordinates": [
          [
            76.7195399,
            8.7362664
          ],
          [
            76.7194484,
            8.7358325
          ],
          [
            76.71906,
            8.7357564
          ],
          [
            76.7187173,
            8.7355772
          ],
          [
            76.7186736,
            8.7354489
          ],
          [
            76.7187157,
            8.735322
          ],
          [
            76.718789,
            8.7351005
          ],
          [
            76.7189751,
            8.7346163
          ],
          [
            76.7189944,
            8.734503
          ],
          [
            76.7190157,
            8.7343784
          ],
          [
            76.7190555,
            8.7342225
          ],
          [
            76.7187018,
            8.7340478
          ],
          [
            76.7184572,
            8.7338788
          ],
          [
            76.7182064,
            8.7334228
          ],
          [
            76.718234,
            8.7333405
          ],
          [
            76.7183376,
            8.7331344
          ],
          [
            76.7184038,
            8.7329666
          ],
          [
            76.7184074,
            8.7324979
          ],
          [
            76.7184098,
            8.7321823
          ],
          [
            76.7184129,
            8.7320658
          ]
        ]
      }
    },
    {
      "type": "Feature",
      "properties": {
        "id": "osm-way-135174617",
        "name": "Varkala - Kallambalam Road",
        "highway": "secondary",
        "lanes": 2,
        "width": 7.0,
        "type": "road"
      },
      "geometry": {
        "type": "LineString",
        "coordinates": [
          [
            76.7250123,
            8.7339292
          ],
          [
            76.724921,
            8.7339102
          ],
          [
            76.7248799,
            8.7338999
          ],
          [
            76.7246057,
            8.7338436
          ],
          [
            76.7242403,
            8.7337917
          ],
          [
            76.7237853,
            8.7337132
          ],
          [
            76.723607,
            8.7336721
          ],
          [
            76.7233836,
            8.7336206
          ],
          [
            76.7229418,
            8.7335165
          ],
          [
            76.7221763,
            8.7333883
          ],
          [
            76.7221245,
            8.7333796
          ],
          [
            76.7214035,
            8.7332505
          ],
          [
            76.7212857,
            8.7331988
          ],
          [
            76.7205382,
            8.7328709
          ],
          [
            76.7203391,
            8.7327718
          ],
          [
            76.7195056,
            8.7323567
          ],
          [
            76.7192955,
            8.7322845
          ],
          [
            76.7184309,
            8.7320703
          ],
          [
            76.7184129,
            8.7320658
          ],
          [
            76.718338,
            8.7320448
          ],
          [
            76.7178151,
            8.7318986
          ],
          [
            76.7174466,
            8.7318094
          ],
          [
            76.7167332,
            8.7316946
          ],
          [
            76.7162587,
            8.7314653
          ],
          [
            76.7161326,
            8.7313975
          ],
          [
            76.7160304,
            8.7313475
          ],
          [
            76.7158053,
            8.7313207
          ],
          [
            76.715734,
            8.7313112
          ],
          [
            76.7156141,
            8.7312953
          ],
          [
            76.71556,
            8.7312925
          ],
          [
            76.7151255,
            8.7312701
          ],
          [
            76.7150237,
            8.7312703
          ],
          [
            76.7143381,
            8.7312521
          ],
          [
            76.7142484,
            8.7312533
          ],
          [
            76.7141108,
            8.7312552
          ],
          [
            76.7139946,
            8.7312727
          ],
          [
            76.7138962,
            8.7313167
          ]
        ]
      }
    },
    {
      "type": "Feature",
      "properties": {
        "id": "osm-way-135174621",
        "name": "Punnamoodu Janardhanapuram Road",
        "highway": "secondary",
        "lanes": null,
        "width": 8.0,
        "type": "road"
      },
      "geometry": {
        "type": "LineString",
        "coordinates": [
          [
            76.7126722,
            8.7381863
          ],
          [
            76.7120987,
            8.7382736
          ],
          [
            76.7120438,
            8.7382343
          ],
          [
            76.711955,
            8.7379774
          ],
          [
            76.7118806,
            8.7379881
          ],
          [
            76.7110947,
            8.7379798
          ],
          [
            76.7110614,
            8.7379798
          ],
          [
            76.7110679,
            8.7373903
          ],
          [
            76.7110243,
            8.7371022
          ],
          [
            76.7109766,
            8.7367867
          ],
          [
            76.7104869,
            8.7366324
          ],
          [
            76.7100799,
            8.7365041
          ],
          [
            76.7093583,
            8.7362767
          ]
        ]
      }
    },
    {
      "type": "Feature",
      "properties": {
        "id": "osm-way-135174622",
        "name": "Varkala Kallambalam Road",
        "highway": "tertiary",
        "lanes": null,
        "width": 6.5,
        "type": "road"
      },
      "geometry": {
        "type": "LineString",
        "coordinates": [
          [
            76.7255452,
            8.7347844
          ],
          [
            76.7267681,
            8.7341721
          ],
          [
            76.7268203,
            8.7341016
          ],
          [
            76.7268139,
            8.7340376
          ],
          [
            76.7267489,
            8.7339679
          ],
          [
            76.726631,
            8.7339449
          ],
          [
            76.7261159,
            8.7339736
          ],
          [
            76.7257503,
            8.7339732
          ]
        ]
      }
    },
    {
      "type": "Feature",
      "properties": {
        "id": "osm-way-205231175",
        "name": "Unnamed Road",
        "highway": "residential",
        "lanes": null,
        "width": 5.5,
        "type": "road"
      },
      "geometry": {
        "type": "LineString",
        "coordinates": [
          [
            76.7101568,
            8.731608
          ],
          [
            76.7101434,
            8.7314803
          ],
          [
            76.7101135,
            8.7312922
          ],
          [
            76.7099918,
            8.7307776
          ]
        ]
      }
    },
    {
      "type": "Feature",
      "properties": {
        "id": "osm-way-236125267",
        "name": "Papanasam Beach - Varkala Road",
        "highway": "tertiary",
        "lanes": null,
        "width": 6.5,
        "type": "road"
      },
      "geometry": {
        "type": "LineString",
        "coordinates": [
          [
            76.7061416,
            8.7328852
          ],
          [
            76.7062555,
            8.7329186
          ],
          [
            76.7065352,
            8.7330359
          ],
          [
            76.7068592,
            8.7330973
          ],
          [
            76.7070315,
            8.7330946
          ],
          [
            76.7083275,
            8.7329695
          ],
          [
            76.709024,
            8.7329023
          ],
          [
            76.7091391,
            8.7328495
          ],
          [
            76.7093883,
            8.732695
          ],
          [
            76.7094505,
            8.7325847
          ],
          [
            76.7094619,
            8.7325505
          ],
          [
            76.7096852,
            8.7324797
          ],
          [
            76.7101214,
            8.7325208
          ],
          [
            76.7102261,
            8.7325433
          ],
          [
            76.7103166,
            8.7325658
          ],
          [
            76.7103458,
            8.7325792
          ],
          [
            76.7106653,
            8.7326189
          ],
          [
            76.7107502,
            8.732646
          ]
        ]
      }
    },
    {
      "type": "Feature",
      "properties": {
        "id": "osm-way-239443913",
        "name": "Varkala Taluk Hospital - Aliyirakkam Road",
        "highway": "secondary",
        "lanes": null,
        "width": 8.0,
        "type": "road"
      },
      "geometry": {
        "type": "LineString",
        "coordinates": [
          [
            76.7164442,
            8.7290273
          ],
          [
            76.7164219,
            8.7289944
          ],
          [
            76.7163997,
            8.7289763
          ],
          [
            76.7163767,
            8.7289654
          ],
          [
            76.716337,
            8.7289161
          ],
          [
            76.7162021,
            8.7285587
          ],
          [
            76.7160898,
            8.7283182
          ],
          [
            76.7160109,
            8.7281389
          ],
          [
            76.7158742,
            8.7279515
          ],
          [
            76.7158292,
            8.7278627
          ],
          [
            76.7155565,
            8.7270953
          ],
          [
            76.7155246,
            8.7270229
          ],
          [
            76.7154527,
            8.7268599
          ],
          [
            76.7153538,
            8.7266005
          ],
          [
            76.7153429,
            8.7265684
          ],
          [
            76.7152828,
            8.726384
          ],
          [
            76.7151809,
            8.7260794
          ],
          [
            76.7151477,
            8.7259448
          ],
          [
            76.7151038,
            8.7258298
          ],
          [
            76.7150973,
            8.7258213
          ],
          [
            76.7150627,
            8.7257764
          ],
          [
            76.7150145,
            8.725727
          ],
          [
            76.7149558,
            8.7256272
          ],
          [
            76.7148266,
            8.7253736
          ],
          [
            76.7146306,
            8.7250655
          ],
          [
            76.7144453,
            8.7247719
          ]
        ]
      }
    },
    {
      "type": "Feature",
      "properties": {
        "id": "osm-way-239450216",
        "name": "Unnamed Road",
        "highway": "residential",
        "lanes": null,
        "width": 5.5,
        "type": "road"
      },
      "geometry": {
        "type": "LineString",
        "coordinates": [
          [
            76.7197144,
            8.7389905
          ],
          [
            76.7185283,
            8.7393442
          ],
          [
            76.7183855,
            8.7393235
          ],
          [
            76.7182623,
            8.7393056
          ],
          [
            76.7179659,
            8.7392645
          ],
          [
            76.7178064,
            8.7391581
          ],
          [
            76.7176469,
            8.7389916
          ],
          [
            76.7171835,
            8.7385951
          ],
          [
            76.7171412,
            8.7385924
          ],
          [
            76.7171186,
            8.7385362
          ],
          [
            76.7170973,
            8.7384349
          ],
          [
            76.7170703,
            8.7383806
          ],
          [
            76.7170077,
            8.7383396
          ],
          [
            76.7168001,
            8.738186
          ],
          [
            76.716775,
            8.7381705
          ],
          [
            76.716751,
            8.7381378
          ],
          [
            76.7167641,
            8.7380791
          ],
          [
            76.7168131,
            8.7379814
          ],
          [
            76.7167443,
            8.7379405
          ],
          [
            76.7166284,
            8.7378718
          ],
          [
            76.7165593,
            8.7378477
          ],
          [
            76.7165159,
            8.7378031
          ],
          [
            76.7164839,
            8.737794
          ],
          [
            76.7164675,
            8.7377699
          ],
          [
            76.7164415,
            8.7377332
          ],
          [
            76.7165108,
            8.7376503
          ],
          [
            76.7156874,
            8.7371865
          ],
          [
            76.7156807,
            8.7371837
          ],
          [
            76.7151957,
            8.7369784
          ],
          [
            76.7147765,
            8.7368204
          ],
          [
            76.7147199,
            8.736717
          ],
          [
            76.7143854,
            8.7364602
          ],
          [
            76.7141261,
            8.7363264
          ],
          [
            76.7137513,
            8.7362069
          ],
          [
            76.7136754,
            8.7352202
          ],
          [
            76.7136493,
            8.7351898
          ],
          [
            76.7132606,
            8.7351009
          ],
          [
            76.7129086,
            8.7350425
          ],
          [
            76.7128743,
            8.7350687
          ]
        ]
      }
    },
    {
      "type": "Feature",
      "properties": {
        "id": "osm-way-239450226",
        "name": "Mangala Hospital - Nadakkamukku Road",
        "highway": "secondary",
        "lanes": null,
        "width": 8.0,
        "type": "road"
      },
      "geometry": {
        "type": "LineString",
        "coordinates": [
          [
            76.7195399,
            8.7362664
          ],
          [
            76.7195913,
            8.7364549
          ],
          [
            76.7197048,
            8.7367636
          ],
          [
            76.7197245,
            8.7368353
          ],
          [
            76.7197361,
            8.7369118
          ],
          [
            76.7197564,
            8.737242
          ],
          [
            76.7197607,
            8.7374286
          ],
          [
            76.7197671,
            8.7377014
          ],
          [
            76.7197332,
            8.7379806
          ],
          [
            76.7197322,
            8.738419
          ],
          [
            76.7197254,
            8.7388309
          ],
          [
            76.7197144,
            8.7389905
          ],
          [
            76.7197436,
            8.7407176
          ],
          [
            76.7197588,
            8.7412383
          ],
          [
            76.7198186,
            8.7417482
          ],
          [
            76.7198366,
            8.7420254
          ],
          [
            76.7198392,
            8.7421477
          ],
          [
            76.7198738,
            8.7428636
          ],
          [
            76.719888,
            8.743509
          ],
          [
            76.7199664,
            8.7441063
          ],
          [
            76.7199911,
            8.7441655
          ],
          [
            76.7200037,
            8.7441956
          ]
        ]
      }
    },
    {
      "type": "Feature",
      "properties": {
        "id": "osm-way-240940373",
        "name": "Unnamed Road",
        "highway": "unclassified",
        "lanes": null,
        "width": 5.5,
        "type": "road"
      },
      "geometry": {
        "type": "LineString",
        "coordinates": [
          [
            76.7122309,
            8.7309453
          ],
          [
            76.7121932,
            8.7311758
          ],
          [
            76.7121767,
            8.7312444
          ],
          [
            76.7121649,
            8.7312665
          ],
          [
            76.7121443,
            8.7313049
          ],
          [
            76.7121303,
            8.7313443
          ],
          [
            76.7121155,
            8.7313773
          ],
          [
            76.7121062,
            8.7313948
          ],
          [
            76.7120367,
            8.7314855
          ],
          [
            76.7120255,
            8.7315048
          ],
          [
            76.7120135,
            8.7315314
          ],
          [
            76.7119963,
            8.7315893
          ],
          [
            76.7119877,
            8.7316339
          ],
          [
            76.7119808,
            8.7316561
          ],
          [
            76.7119666,
            8.7316888
          ],
          [
            76.7119615,
            8.7317044
          ],
          [
            76.7119587,
            8.7317211
          ],
          [
            76.7119532,
            8.731761
          ],
          [
            76.7119522,
            8.7318022
          ],
          [
            76.7119599,
            8.7319059
          ]
        ]
      }
    },
    {
      "type": "Feature",
      "properties": {
        "id": "osm-way-240940385",
        "name": "Fedaral Bank - Vallakadavu Road",
        "highway": "secondary",
        "lanes": null,
        "width": 8.0,
        "type": "road"
      },
      "geometry": {
        "type": "LineString",
        "coordinates": [
          [
            76.7170685,
            8.7299606
          ],
          [
            76.7173771,
            8.73059
          ],
          [
            76.7174383,
            8.7307146
          ],
          [
            76.7174622,
            8.7307938
          ],
          [
            76.7174899,
            8.7308857
          ],
          [
            76.7174952,
            8.7309035
          ],
          [
            76.7175292,
            8.73101
          ],
          [
            76.7175779,
            8.7311407
          ],
          [
            76.7176301,
            8.7312811
          ],
          [
            76.7177406,
            8.7315778
          ],
          [
            76.717783,
            8.7317217
          ],
          [
            76.7178151,
            8.7318986
          ]
        ]
      }
    },
    {
      "type": "Feature",
      "properties": {
        "id": "osm-way-240940387",
        "name": "Unnamed Road",
        "highway": "residential",
        "lanes": null,
        "width": 5.5,
        "type": "road"
      },
      "geometry": {
        "type": "LineString",
        "coordinates": [
          [
            76.7246586,
            8.7375636
          ],
          [
            76.7246253,
            8.7375431
          ],
          [
            76.7245217,
            8.7374794
          ],
          [
            76.7240016,
            8.7373731
          ],
          [
            76.7231031,
            8.7373822
          ],
          [
            76.7226554,
            8.7373868
          ],
          [
            76.7224588,
            8.7372988
          ],
          [
            76.7222054,
            8.7371775
          ],
          [
            76.7219185,
            8.7370401
          ],
          [
            76.7215035,
            8.7368357
          ],
          [
            76.7212066,
            8.7366633
          ],
          [
            76.7211335,
            8.7366484
          ]
        ]
      }
    },
    {
      "type": "Feature",
      "properties": {
        "id": "osm-way-375214446",
        "name": "Punnamood-Gurunagar Road",
        "highway": "unclassified",
        "lanes": null,
        "width": 5.5,
        "type": "road"
      },
      "geometry": {
        "type": "LineString",
        "coordinates": [
          [
            76.7164817,
            8.7482482
          ],
          [
            76.7158615,
            8.7488327
          ],
          [
            76.7156849,
            8.7489767
          ],
          [
            76.715474,
            8.7491488
          ],
          [
            76.7154325,
            8.7493113
          ],
          [
            76.7153955,
            8.7495641
          ],
          [
            76.7153985,
            8.7498016
          ],
          [
            76.715399,
            8.7498422
          ],
          [
            76.7154114,
            8.7502833
          ],
          [
            76.715413,
            8.7503414
          ],
          [
            76.7154044,
            8.7505118
          ],
          [
            76.7153688,
            8.7512102
          ],
          [
            76.715358,
            8.7513132
          ],
          [
            76.7153338,
            8.7513506
          ],
          [
            76.7152921,
            8.7513749
          ],
          [
            76.7149046,
            8.7513101
          ],
          [
            76.7147956,
            8.7512727
          ],
          [
            76.7146736,
            8.7512524
          ],
          [
            76.7145991,
            8.7512709
          ],
          [
            76.7145463,
            8.7512847
          ],
          [
            76.7144552,
            8.7513225
          ],
          [
            76.7145229,
            8.7515186
          ],
          [
            76.714618,
            8.7517636
          ],
          [
            76.7146477,
            8.7518677
          ],
          [
            76.7147255,
            8.7519128
          ],
          [
            76.7147899,
            8.7521209
          ],
          [
            76.7148263,
            8.7522565
          ],
          [
            76.7148272,
            8.7523539
          ],
          [
            76.7148245,
            8.7524801
          ],
          [
            76.7147754,
            8.7528943
          ],
          [
            76.7147403,
            8.7533793
          ]
        ]
      }
    },
    {
      "type": "Feature",
      "properties": {
        "id": "osm-way-378516688",
        "name": "Venkulam - Guest House Road",
        "highway": "secondary",
        "lanes": 2,
        "width": 7.0,
        "type": "road"
      },
      "geometry": {
        "type": "LineString",
        "coordinates": [
          [
            76.7062877,
            8.7395058
          ],
          [
            76.7063286,
            8.7393766
          ],
          [
            76.7065929,
            8.7385424
          ],
          [
            76.7066293,
            8.7384166
          ],
          [
            76.7066588,
            8.7383535
          ],
          [
            76.7067151,
            8.7382999
          ]
        ]
      }
    },
    {
      "type": "Feature",
      "properties": {
        "id": "osm-way-378516689",
        "name": "Varkala - Kallambalam Road",
        "highway": "secondary",
        "lanes": 2,
        "width": 7.0,
        "type": "road"
      },
      "geometry": {
        "type": "LineString",
        "coordinates": [
          [
            76.7138962,
            8.7313167
          ],
          [
            76.7138457,
            8.7314213
          ],
          [
            76.713803,
            8.7315681
          ],
          [
            76.7137282,
            8.7318301
          ],
          [
            76.7136413,
            8.73243
          ],
          [
            76.7136411,
            8.7325657
          ],
          [
            76.7136404,
            8.7329898
          ],
          [
            76.7136281,
            8.7330492
          ],
          [
            76.7135993,
            8.7331113
          ],
          [
            76.7135739,
            8.7331513
          ],
          [
            76.7135429,
            8.7331905
          ],
          [
            76.7134955,
            8.733241
          ],
          [
            76.7134585,
            8.7332666
          ],
          [
            76.7134189,
            8.7332866
          ],
          [
            76.7133768,
            8.7332858
          ],
          [
            76.7133045,
            8.7332843
          ],
          [
            76.7131901,
            8.7332422
          ],
          [
            76.7130993,
            8.7331864
          ],
          [
            76.7120041,
            8.7325204
          ],
          [
            76.7119211,
            8.7324699
          ],
          [
            76.7117196,
            8.7323825
          ],
          [
            76.7115434,
            8.7323401
          ],
          [
            76.7113952,
            8.7323314
          ],
          [
            76.7112361,
            8.7323542
          ],
          [
            76.7110852,
            8.7324082
          ],
          [
            76.7109117,
            8.7325178
          ],
          [
            76.7107502,
            8.732646
          ]
        ]
      }
    },
    {
      "type": "Feature",
      "properties": {
        "id": "osm-way-389902385",
        "name": "Thiruvambadi Beach Road",
        "highway": "unclassified",
        "lanes": null,
        "width": 5.5,
        "type": "road"
      },
      "geometry": {
        "type": "LineString",
        "coordinates": [
          [
            76.6982517,
            8.7439553
          ],
          [
            76.6986068,
            8.7439917
          ],
          [
            76.6988068,
            8.7439542
          ],
          [
            76.6990086,
            8.743889
          ],
          [
            76.6991698,
            8.7437406
          ],
          [
            76.6991925,
            8.7437047
          ],
          [
            76.6992022,
            8.7436933
          ],
          [
            76.6992687,
            8.7435865
          ],
          [
            76.6993172,
            8.7435086
          ],
          [
            76.6994092,
            8.7432963
          ],
          [
            76.699463,
            8.7431783
          ],
          [
            76.6995372,
            8.7430608
          ],
          [
            76.699791,
            8.7427558
          ],
          [
            76.6998377,
            8.7427145
          ],
          [
            76.7000493,
            8.7425272
          ],
          [
            76.7003426,
            8.742348
          ],
          [
            76.7008942,
            8.7419845
          ],
          [
            76.7010449,
            8.7418422
          ],
          [
            76.7014978,
            8.7413879
          ],
          [
            76.7017193,
            8.7411919
          ],
          [
            76.7021275,
            8.7409876
          ],
          [
            76.7022464,
            8.7409461
          ],
          [
            76.70239,
            8.7408959
          ],
          [
            76.7026551,
            8.7408137
          ],
          [
            76.7032063,
            8.7406139
          ],
          [
            76.7034819,
            8.7405253
          ],
          [
            76.7037346,
            8.7403915
          ],
          [
            76.7037989,
            8.7402295
          ],
          [
            76.7046246,
            8.7398599
          ],
          [
            76.7047658,
            8.7398308
          ],
          [
            76.7051452,
            8.7397931
          ],
          [
            76.7055938,
            8.7397936
          ],
          [
            76.7057304,
            8.7397824
          ],
          [
            76.7057595,
            8.7397767
          ],
          [
            76.7058617,
            8.7397567
          ],
          [
            76.7060855,
            8.7396689
          ],
          [
            76.7062877,
            8.7395058
          ]
        ]
      }
    },
    {
      "type": "Feature",
      "properties": {
        "id": "osm-way-389908003",
        "name": "Unnamed Road",
        "highway": "unclassified",
        "lanes": null,
        "width": 5.5,
        "type": "road"
      },
      "geometry": {
        "type": "LineString",
        "coordinates": [
          [
            76.7108166,
            8.7442885
          ],
          [
            76.7105876,
            8.7444089
          ],
          [
            76.7106502,
            8.7446696
          ],
          [
            76.7106685,
            8.7447456
          ],
          [
            76.7106934,
            8.7450464
          ],
          [
            76.7107101,
            8.7452482
          ],
          [
            76.71075,
            8.7455567
          ],
          [
            76.7107712,
            8.7456676
          ],
          [
            76.7108008,
            8.745774
          ],
          [
            76.7108111,
            8.7457774
          ],
          [
            76.7108726,
            8.7457977
          ],
          [
            76.7109129,
            8.7458416
          ],
          [
            76.7110531,
            8.7460993
          ],
          [
            76.711198,
            8.746398
          ],
          [
            76.7112254,
            8.746533
          ],
          [
            76.7112402,
            8.7465754
          ],
          [
            76.7113116,
            8.7466493
          ],
          [
            76.7118659,
            8.74723
          ],
          [
            76.711926,
            8.7472531
          ],
          [
            76.7119829,
            8.7472375
          ],
          [
            76.7120826,
            8.747288
          ],
          [
            76.712484,
            8.7474914
          ],
          [
            76.7125516,
            8.747507
          ],
          [
            76.7127251,
            8.7475285
          ],
          [
            76.7130673,
            8.7475589
          ],
          [
            76.7130329,
            8.7476931
          ],
          [
            76.7130722,
            8.748274
          ],
          [
            76.7130569,
            8.7483169
          ],
          [
            76.7130912,
            8.7488177
          ],
          [
            76.7130858,
            8.7490034
          ],
          [
            76.7130826,
            8.7491121
          ],
          [
            76.713074,
            8.7494101
          ],
          [
            76.7131203,
            8.749822
          ],
          [
            76.713148,
            8.7501321
          ],
          [
            76.713167,
            8.7502255
          ],
          [
            76.7131834,
            8.7502766
          ]
        ]
      }
    },
    {
      "type": "Feature",
      "properties": {
        "id": "osm-way-389908005",
        "name": "Punnamoodu - Kurakanni Road",
        "highway": "secondary",
        "lanes": null,
        "width": 8.0,
        "type": "road"
      },
      "geometry": {
        "type": "LineString",
        "coordinates": [
          [
            76.7108166,
            8.7442885
          ],
          [
            76.7108755,
            8.7442731
          ],
          [
            76.7109159,
            8.744267
          ],
          [
            76.7109468,
            8.7442651
          ],
          [
            76.7109929,
            8.7442674
          ],
          [
            76.7110274,
            8.7442719
          ],
          [
            76.7111683,
            8.7443271
          ],
          [
            76.7113093,
            8.7443906
          ],
          [
            76.711358,
            8.7444192
          ],
          [
            76.7113846,
            8.7444405
          ],
          [
            76.7114477,
            8.7444917
          ],
          [
            76.7115087,
            8.744545
          ],
          [
            76.7115708,
            8.7446007
          ],
          [
            76.7124385,
            8.7453392
          ],
          [
            76.7129705,
            8.7457886
          ],
          [
            76.7132308,
            8.7459914
          ],
          [
            76.7132914,
            8.7460343
          ],
          [
            76.7133164,
            8.7460585
          ],
          [
            76.7133404,
            8.7460884
          ],
          [
            76.7133836,
            8.7461591
          ],
          [
            76.713403,
            8.7461994
          ],
          [
            76.7134764,
            8.7463831
          ],
          [
            76.7134977,
            8.7464264
          ],
          [
            76.7135242,
            8.7464722
          ],
          [
            76.713538,
            8.746503
          ],
          [
            76.7135445,
            8.7465292
          ],
          [
            76.7135462,
            8.7465723
          ],
          [
            76.7135364,
            8.7466282
          ],
          [
            76.7134945,
            8.7468841
          ],
          [
            76.7134928,
            8.7469005
          ],
          [
            76.7134942,
            8.746916
          ],
          [
            76.7134986,
            8.7469316
          ],
          [
            76.7135051,
            8.746946
          ],
          [
            76.7135124,
            8.7469567
          ],
          [
            76.7135145,
            8.7469598
          ],
          [
            76.7135251,
            8.7469703
          ],
          [
            76.7135383,
            8.7469797
          ],
          [
            76.7135529,
            8.7469869
          ],
          [
            76.7135626,
            8.7469901
          ],
          [
            76.7136337,
            8.7470071
          ],
          [
            76.7137027,
            8.7470198
          ],
          [
            76.7138396,
            8.7470412
          ],
          [
            76.7141068,
            8.7470791
          ],
          [
            76.7144903,
            8.7471159
          ],
          [
            76.714658,
            8.74714
          ],
          [
            76.7151163,
            8.747222
          ],
          [
            76.7155665,
            8.7473067
          ],
          [
            76.7157299,
            8.7473369
          ],
          [
            76.7159537,
            8.7473424
          ],
          [
            76.7161707,
            8.7473312
          ],
          [
            76.7171194,
            8.7471814
          ]
        ]
      }
    },
    {
      "type": "Feature",
      "properties": {
        "id": "osm-way-389910847",
        "name": "Temple Road",
        "highway": "unclassified",
        "lanes": null,
        "width": 5.5,
        "type": "road"
      },
      "geometry": {
        "type": "LineString",
        "coordinates": [
          [
            76.7138962,
            8.7313167
          ],
          [
            76.7137448,
            8.7312496
          ],
          [
            76.7132063,
            8.7311317
          ],
          [
            76.713129,
            8.731112
          ],
          [
            76.7130587,
            8.7310969
          ],
          [
            76.712762,
            8.7310367
          ],
          [
            76.7122309,
            8.7309453
          ],
          [
            76.7121474,
            8.7309322
          ],
          [
            76.7115961,
            8.7308222
          ],
          [
            76.7112997,
            8.7307923
          ],
          [
            76.7109319,
            8.730741
          ],
          [
            76.7106398,
            8.7307524
          ],
          [
            76.7099918,
            8.7307776
          ],
          [
            76.7094822,
            8.7308405
          ],
          [
            76.7092335,
            8.730862
          ],
          [
            76.7085039,
            8.7308946
          ],
          [
            76.70826,
            8.7309068
          ],
          [
            76.7081902,
            8.7309282
          ],
          [
            76.7081416,
            8.7309592
          ],
          [
            76.7080831,
            8.7310099
          ],
          [
            76.7080477,
            8.7310855
          ],
          [
            76.7080213,
            8.7311932
          ],
          [
            76.7080244,
            8.7316376
          ],
          [
            76.7080487,
            8.7317278
          ],
          [
            76.707933,
            8.7317646
          ],
          [
            76.7072457,
            8.7317979
          ],
          [
            76.7072196,
            8.7318253
          ],
          [
            76.707032,
            8.7323534
          ],
          [
            76.7069559,
            8.7324316
          ],
          [
            76.7068367,
            8.732499
          ],
          [
            76.7066594,
            8.7325847
          ]
        ]
      }
    },
    {
      "type": "Feature",
      "properties": {
        "id": "osm-way-389910848",
        "name": "Unnamed Road",
        "highway": "residential",
        "lanes": null,
        "width": 5.5,
        "type": "road"
      },
      "geometry": {
        "type": "LineString",
        "coordinates": [
          [
            76.7099918,
            8.7307776
          ],
          [
            76.7098729,
            8.7301989
          ],
          [
            76.7098081,
            8.7298834
          ],
          [
            76.7105328,
            8.7297701
          ]
        ]
      }
    },
    {
      "type": "Feature",
      "properties": {
        "id": "osm-way-389911949",
        "name": "Varkala Taluk Hospital - Aliyirakkam Road",
        "highway": "secondary",
        "lanes": null,
        "width": 8.0,
        "type": "road"
      },
      "geometry": {
        "type": "LineString",
        "coordinates": [
          [
            76.7163853,
            8.7294537
          ],
          [
            76.7166205,
            8.7294327
          ],
          [
            76.7168672,
            8.7298118
          ],
          [
            76.7170685,
            8.7299606
          ],
          [
            76.7171832,
            8.7299932
          ],
          [
            76.7176716,
            8.7301318
          ],
          [
            76.7180524,
            8.7303787
          ],
          [
            76.7187156,
            8.7309262
          ],
          [
            76.7189731,
            8.7310483
          ],
          [
            76.7191852,
            8.7311394
          ],
          [
            76.7193968,
            8.7313087
          ],
          [
            76.7198832,
            8.7318816
          ],
          [
            76.7198984,
            8.7318995
          ],
          [
            76.7204639,
            8.7327018
          ],
          [
            76.7205382,
            8.7328709
          ]
        ]
      }
    },
    {
      "type": "Feature",
      "properties": {
        "id": "osm-way-389913460",
        "name": "Unnamed Road",
        "highway": "residential",
        "lanes": null,
        "width": 5.5,
        "type": "road"
      },
      "geometry": {
        "type": "LineString",
        "coordinates": [
          [
            76.7273888,
            8.7317671
          ],
          [
            76.7273824,
            8.731607
          ],
          [
            76.7273892,
            8.7314534
          ],
          [
            76.7273565,
            8.7313199
          ],
          [
            76.7273039,
            8.7312551
          ],
          [
            76.7269017,
            8.7307222
          ],
          [
            76.7267092,
            8.7304671
          ],
          [
            76.7264151,
            8.7300764
          ],
          [
            76.7260879,
            8.7296628
          ],
          [
            76.725747,
            8.7292387
          ],
          [
            76.7254369,
            8.728841
          ],
          [
            76.7251229,
            8.7284741
          ],
          [
            76.7249367,
            8.7282791
          ],
          [
            76.7247506,
            8.7281418
          ],
          [
            76.7244086,
            8.7278976
          ],
          [
            76.7242194,
            8.7278166
          ],
          [
            76.7241127,
            8.7277754
          ],
          [
            76.7239933,
            8.7277369
          ],
          [
            76.7236319,
            8.7276727
          ],
          [
            76.7235115,
            8.7276826
          ],
          [
            76.72317,
            8.7277089
          ],
          [
            76.7228199,
            8.7277351
          ],
          [
            76.7225475,
            8.7277469
          ],
          [
            76.7222694,
            8.7277811
          ],
          [
            76.72198,
            8.7278153
          ],
          [
            76.7218495,
            8.7278198
          ],
          [
            76.7217162,
            8.7278256
          ],
          [
            76.7213299,
            8.7278307
          ],
          [
            76.7211623,
            8.7278038
          ],
          [
            76.7210486,
            8.7278035
          ],
          [
            76.7206198,
            8.7278135
          ],
          [
            76.7202009,
            8.7278249
          ],
          [
            76.7201306,
            8.7278234
          ],
          [
            76.7200603,
            8.7278135
          ],
          [
            76.7199471,
            8.7277861
          ],
          [
            76.7198368,
            8.7277363
          ],
          [
            76.7197322,
            8.7276921
          ],
          [
            76.7195751,
            8.7276157
          ],
          [
            76.7193855,
            8.7274958
          ],
          [
            76.7192167,
            8.7273592
          ],
          [
            76.719048,
            8.727203
          ],
          [
            76.7189494,
            8.727106
          ],
          [
            76.7188665,
            8.7269936
          ],
          [
            76.7187998,
            8.7269239
          ],
          [
            76.7187374,
            8.7268444
          ],
          [
            76.7186662,
            8.726733
          ],
          [
            76.7186094,
            8.7266423
          ],
          [
            76.7185568,
            8.7265207
          ],
          [
            76.7185033,
            8.7262244
          ],
          [
            76.7185105,
            8.7260832
          ],
          [
            76.7184366,
            8.7258295
          ],
          [
            76.7184499,
            8.7257429
          ],
          [
            76.718448,
            8.7256619
          ],
          [
            76.7184423,
            8.7255639
          ],
          [
            76.7183862,
            8.7249849
          ],
          [
            76.7183507,
            8.7246807
          ],
          [
            76.7183371,
            8.7245106
          ],
          [
            76.7183433,
            8.7244176
          ],
          [
            76.7184162,
            8.7243701
          ],
          [
            76.7187453,
            8.7243063
          ],
          [
            76.7189206,
            8.7242498
          ],
          [
            76.7190314,
            8.724215
          ],
          [
            76.7191853,
            8.7241802
          ],
          [
            76.7194389,
            8.7241299
          ],
          [
            76.7196304,
            8.7240634
          ],
          [
            76.7197755,
            8.7240132
          ]
        ]
      }
    },
    {
      "type": "Feature",
      "properties": {
        "id": "osm-way-389918613",
        "name": "Unnamed Road",
        "highway": "residential",
        "lanes": null,
        "width": 5.5,
        "type": "road"
      },
      "geometry": {
        "type": "LineString",
        "coordinates": [
          [
            76.71171,
            8.7289217
          ],
          [
            76.7117671,
            8.7289437
          ],
          [
            76.7118733,
            8.7289633
          ],
          [
            76.7119589,
            8.7289766
          ],
          [
            76.7120446,
            8.7289844
          ],
          [
            76.712388,
            8.7290241
          ],
          [
            76.712727,
            8.7290347
          ],
          [
            76.7127411,
            8.7290405
          ],
          [
            76.7127557,
            8.7290588
          ],
          [
            76.7127598,
            8.7290748
          ],
          [
            76.712766,
            8.729173
          ],
          [
            76.7127921,
            8.7293925
          ],
          [
            76.7128003,
            8.7294056
          ],
          [
            76.7128215,
            8.7294106
          ],
          [
            76.712852,
            8.7294087
          ],
          [
            76.7131898,
            8.7294024
          ],
          [
            76.7133521,
            8.7293996
          ],
          [
            76.7135491,
            8.7293809
          ],
          [
            76.7138197,
            8.729362
          ],
          [
            76.7141158,
            8.7293463
          ]
        ]
      }
    },
    {
      "type": "Feature",
      "properties": {
        "id": "osm-way-389918811",
        "name": "Unnamed Road",
        "highway": "residential",
        "lanes": null,
        "width": 5.5,
        "type": "road"
      },
      "geometry": {
        "type": "LineString",
        "coordinates": [
          [
            76.7109319,
            8.730741
          ],
          [
            76.7109233,
            8.7297755
          ],
          [
            76.7108735,
            8.7297255
          ],
          [
            76.7105328,
            8.7297701
          ],
          [
            76.7105201,
            8.7296087
          ],
          [
            76.7105569,
            8.7292359
          ],
          [
            76.7105558,
            8.7289839
          ],
          [
            76.7105555,
            8.7289009
          ],
          [
            76.7105571,
            8.7288554
          ],
          [
            76.7105759,
            8.7287423
          ],
          [
            76.7106162,
            8.7286678
          ],
          [
            76.7106221,
            8.728644
          ],
          [
            76.7106236,
            8.7286276
          ],
          [
            76.7105507,
            8.7279357
          ],
          [
            76.7105558,
            8.7278718
          ],
          [
            76.7105875,
            8.7278035
          ],
          [
            76.710786,
            8.7276348
          ],
          [
            76.7110142,
            8.7274266
          ],
          [
            76.7114821,
            8.7270143
          ],
          [
            76.7119408,
            8.7265817
          ],
          [
            76.7126494,
            8.7259136
          ],
          [
            76.7133472,
            8.7254804
          ],
          [
            76.7136024,
            8.725285
          ],
          [
            76.7142166,
            8.7248663
          ],
          [
            76.7144453,
            8.7247719
          ]
        ]
      }
    },
    {
      "type": "Feature",
      "properties": {
        "id": "osm-way-397203664",
        "name": "Good Shed Road",
        "highway": "tertiary",
        "lanes": null,
        "width": 6.5,
        "type": "road"
      },
      "geometry": {
        "type": "LineString",
        "coordinates": [
          [
            76.7217753,
            8.7430294
          ],
          [
            76.7220499,
            8.7428676
          ],
          [
            76.7228366,
            8.7418987
          ],
          [
            76.7229895,
            8.7416701
          ],
          [
            76.7235558,
            8.7408236
          ],
          [
            76.723674,
            8.7406129
          ],
          [
            76.7244025,
            8.7393145
          ],
          [
            76.7244366,
            8.7392555
          ],
          [
            76.7246906,
            8.7388162
          ],
          [
            76.7247997,
            8.738561
          ],
          [
            76.7248103,
            8.7383139
          ],
          [
            76.7249547,
            8.737873
          ],
          [
            76.7250815,
            8.7375645
          ],
          [
            76.725369,
            8.7369507
          ],
          [
            76.7256145,
            8.7364267
          ],
          [
            76.7259954,
            8.7357597
          ],
          [
            76.7260979,
            8.7355802
          ],
          [
            76.7269121,
            8.734572
          ],
          [
            76.7275001,
            8.7341637
          ],
          [
            76.7276751,
            8.733993
          ]
        ]
      }
    },
    {
      "type": "Feature",
      "properties": {
        "id": "osm-way-397203665",
        "name": "Varkala - Parippally - Madathara Road",
        "highway": "primary",
        "lanes": 2,
        "width": 7.0,
        "type": "road"
      },
      "geometry": {
        "type": "LineString",
        "coordinates": [
          [
            76.7214918,
            8.7427395
          ],
          [
            76.7217023,
            8.7424824
          ],
          [
            76.7220712,
            8.7419327
          ],
          [
            76.7223266,
            8.7415522
          ],
          [
            76.7225367,
            8.7412396
          ],
          [
            76.7226503,
            8.7410498
          ],
          [
            76.7229349,
            8.7406081
          ],
          [
            76.7230509,
            8.7404092
          ],
          [
            76.7233896,
            8.739876
          ],
          [
            76.7235389,
            8.7396476
          ],
          [
            76.7235636,
            8.7396021
          ],
          [
            76.7241761,
            8.7385843
          ],
          [
            76.7242192,
            8.7385126
          ],
          [
            76.7243182,
            8.7382986
          ]
        ]
      }
    },
    {
      "type": "Feature",
      "properties": {
        "id": "osm-way-397203666",
        "name": "Varkala-Paripally Road",
        "highway": "secondary",
        "lanes": 2,
        "width": 7.0,
        "type": "road"
      },
      "geometry": {
        "type": "LineString",
        "coordinates": [
          [
            76.7190772,
            8.7524542
          ],
          [
            76.7189725,
            8.7521384
          ],
          [
            76.7186001,
            8.7510149
          ],
          [
            76.7185318,
            8.7508856
          ],
          [
            76.7181899,
            8.7502384
          ],
          [
            76.7180153,
            8.7498137
          ],
          [
            76.7176266,
            8.7499275
          ],
          [
            76.716926,
            8.7490399
          ],
          [
            76.7164817,
            8.7482482
          ],
          [
            76.716417,
            8.7481613
          ],
          [
            76.7163795,
            8.7481154
          ],
          [
            76.7163244,
            8.7479913
          ]
        ]
      }
    },
    {
      "type": "Feature",
      "properties": {
        "id": "osm-way-397203667",
        "name": "Varkala - Kallambalam Road",
        "highway": "secondary",
        "lanes": 2,
        "width": 7.0,
        "type": "road"
      },
      "geometry": {
        "type": "LineString",
        "coordinates": [
          [
            76.7253571,
            8.7339863
          ],
          [
            76.7253195,
            8.7339572
          ],
          [
            76.7252724,
            8.7339501
          ],
          [
            76.7252516,
            8.7339527
          ],
          [
            76.7252277,
            8.7339666
          ],
          [
            76.7252027,
            8.7340074
          ],
          [
            76.7251879,
            8.7340482
          ],
          [
            76.7252023,
            8.7340924
          ],
          [
            76.7252364,
            8.7341243
          ],
          [
            76.7252819,
            8.7341359
          ],
          [
            76.7253274,
            8.7341245
          ],
          [
            76.7253577,
            8.7340984
          ],
          [
            76.7253743,
            8.7340621
          ],
          [
            76.7253741,
            8.7340224
          ],
          [
            76.7253571,
            8.7339863
          ]
        ]
      }
    },
    {
      "type": "Feature",
      "properties": {
        "id": "osm-way-397203668",
        "name": "Varkala - Kallambalam Road",
        "highway": "secondary",
        "lanes": 2,
        "width": 7.0,
        "type": "road"
      },
      "geometry": {
        "type": "LineString",
        "coordinates": [
          [
            76.7257503,
            8.7339732
          ],
          [
            76.7253571,
            8.7339863
          ]
        ]
      }
    },
    {
      "type": "Feature",
      "properties": {
        "id": "osm-way-397203669",
        "name": "Paravur - Varkala Road",
        "highway": "secondary",
        "lanes": 2,
        "width": 7.0,
        "type": "road"
      },
      "geometry": {
        "type": "LineString",
        "coordinates": [
          [
            76.7163244,
            8.7479913
          ],
          [
            76.7171194,
            8.7471814
          ],
          [
            76.7175566,
            8.746731
          ],
          [
            76.717639,
            8.7466059
          ],
          [
            76.7177612,
            8.7464894
          ],
          [
            76.718138,
            8.745972
          ],
          [
            76.7182515,
            8.7458565
          ],
          [
            76.7184532,
            8.7456514
          ],
          [
            76.718866,
            8.7452584
          ],
          [
            76.7197015,
            8.7445295
          ],
          [
            76.7200037,
            8.7441956
          ],
          [
            76.7214918,
            8.7427395
          ]
        ]
      }
    },
    {
      "type": "Feature",
      "properties": {
        "id": "osm-way-427595508",
        "name": "Unnamed Road",
        "highway": "residential",
        "lanes": null,
        "width": 5.5,
        "type": "road"
      },
      "geometry": {
        "type": "LineString",
        "coordinates": [
          [
            76.724921,
            8.7339102
          ],
          [
            76.7248904,
            8.733971
          ],
          [
            76.7248753,
            8.7339999
          ],
          [
            76.7246246,
            8.7344796
          ],
          [
            76.7241986,
            8.7353759
          ],
          [
            76.7240853,
            8.7356282
          ],
          [
            76.7239724,
            8.7358185
          ],
          [
            76.723924,
            8.7358298
          ],
          [
            76.7238595,
            8.7358448
          ],
          [
            76.7233236,
            8.7356682
          ],
          [
            76.7232219,
            8.7356347
          ],
          [
            76.7228673,
            8.7355338
          ],
          [
            76.7227838,
            8.7355101
          ]
        ]
      }
    },
    {
      "type": "Feature",
      "properties": {
        "id": "osm-way-434716085",
        "name": "Unnamed Road",
        "highway": "residential",
        "lanes": null,
        "width": 5.5,
        "type": "road"
      },
      "geometry": {
        "type": "LineString",
        "coordinates": [
          [
            76.7156141,
            8.7312953
          ],
          [
            76.7156263,
            8.7316045
          ],
          [
            76.7156418,
            8.731826
          ],
          [
            76.7155654,
            8.7320172
          ],
          [
            76.7154298,
            8.7322662
          ],
          [
            76.7152364,
            8.7325096
          ],
          [
            76.7151111,
            8.7327288
          ],
          [
            76.7150924,
            8.7327543
          ],
          [
            76.7150137,
            8.7328617
          ],
          [
            76.7149626,
            8.7330055
          ],
          [
            76.7149685,
            8.7330666
          ],
          [
            76.7150173,
            8.7331265
          ],
          [
            76.7150672,
            8.7331673
          ],
          [
            76.7151859,
            8.7332529
          ],
          [
            76.7153069,
            8.733323
          ],
          [
            76.715586,
            8.7334197
          ],
          [
            76.7156298,
            8.7334298
          ],
          [
            76.7156736,
            8.733449
          ],
          [
            76.7157378,
            8.7335068
          ],
          [
            76.7157982,
            8.7335829
          ],
          [
            76.7158652,
            8.7336458
          ],
          [
            76.7160286,
            8.7337413
          ],
          [
            76.7161398,
            8.7337759
          ],
          [
            76.7162254,
            8.7338026
          ],
          [
            76.7170271,
            8.7340522
          ],
          [
            76.7168756,
            8.7342492
          ],
          [
            76.7167222,
            8.7344063
          ],
          [
            76.7165796,
            8.7345526
          ],
          [
            76.7164868,
            8.7346664
          ],
          [
            76.7165095,
            8.7350227
          ],
          [
            76.7165038,
            8.7354247
          ],
          [
            76.7161793,
            8.7357197
          ]
        ]
      }
    },
    {
      "type": "Feature",
      "properties": {
        "id": "osm-way-473233082",
        "name": "Venkulam - Guest House Road",
        "highway": "secondary",
        "lanes": 2,
        "width": 7.0,
        "type": "road"
      },
      "geometry": {
        "type": "LineString",
        "coordinates": [
          [
            76.7067151,
            8.7382999
          ],
          [
            76.7067795,
            8.7382538
          ],
          [
            76.7070612,
            8.7380993
          ],
          [
            76.7079241,
            8.7376349
          ],
          [
            76.7081513,
            8.7375218
          ],
          [
            76.708366,
            8.737415
          ],
          [
            76.7084503,
            8.7373682
          ],
          [
            76.7086168,
            8.7372758
          ],
          [
            76.7088026,
            8.7371519
          ],
          [
            76.7088526,
            8.7371145
          ],
          [
            76.7089424,
            8.7370475
          ],
          [
            76.7089766,
            8.7370219
          ],
          [
            76.7090424,
            8.7369448
          ],
          [
            76.7091116,
            8.736792
          ],
          [
            76.7091746,
            8.7366484
          ],
          [
            76.7092243,
            8.7365282
          ],
          [
            76.7093583,
            8.7362767
          ],
          [
            76.7097216,
            8.7356999
          ],
          [
            76.7098723,
            8.7354486
          ],
          [
            76.7100563,
            8.735033
          ],
          [
            76.7100807,
            8.7349864
          ],
          [
            76.7101483,
            8.734816
          ],
          [
            76.7102123,
            8.7345982
          ],
          [
            76.7102181,
            8.7345419
          ],
          [
            76.7102186,
            8.7344738
          ],
          [
            76.7102075,
            8.7344248
          ],
          [
            76.7101555,
            8.7343503
          ],
          [
            76.7101126,
            8.7343161
          ],
          [
            76.7100556,
            8.7342667
          ],
          [
            76.7099841,
            8.7342455
          ],
          [
            76.7098779,
            8.7342301
          ],
          [
            76.7094363,
            8.7342196
          ],
          [
            76.7090388,
            8.7342448
          ],
          [
            76.7089489,
            8.7342366
          ],
          [
            76.7089125,
            8.7342322
          ],
          [
            76.708884,
            8.7342153
          ]
        ]
      }
    },
    {
      "type": "Feature",
      "properties": {
        "id": "osm-way-536056462",
        "name": "Unnamed Road",
        "highway": "unclassified",
        "lanes": null,
        "width": 5.5,
        "type": "road"
      },
      "geometry": {
        "type": "LineString",
        "coordinates": [
          [
            76.7246706,
            8.733074
          ],
          [
            76.7249761,
            8.7330933
          ],
          [
            76.7252071,
            8.7329654
          ],
          [
            76.7255029,
            8.732801
          ],
          [
            76.725771,
            8.7326
          ],
          [
            76.7259466,
            8.7326913
          ],
          [
            76.7259065,
            8.7329319
          ]
        ]
      }
    },
    {
      "type": "Feature",
      "properties": {
        "id": "osm-way-547839932",
        "name": "Unnamed Road",
        "highway": "residential",
        "lanes": null,
        "width": 5.5,
        "type": "road"
      },
      "geometry": {
        "type": "LineString",
        "coordinates": [
          [
            76.7102663,
            8.7425471
          ],
          [
            76.710312,
            8.742257
          ],
          [
            76.7103163,
            8.7420725
          ]
        ]
      }
    },
    {
      "type": "Feature",
      "properties": {
        "id": "osm-way-547839933",
        "name": "Unnamed Road",
        "highway": "residential",
        "lanes": null,
        "width": 5.5,
        "type": "road"
      },
      "geometry": {
        "type": "LineString",
        "coordinates": [
          [
            76.7161283,
            8.7394616
          ],
          [
            76.7161466,
            8.7394363
          ],
          [
            76.7161648,
            8.7394273
          ],
          [
            76.7161821,
            8.7394218
          ],
          [
            76.7162638,
            8.7394322
          ],
          [
            76.7165637,
            8.7395037
          ],
          [
            76.7172691,
            8.739773
          ],
          [
            76.7173347,
            8.7397503
          ],
          [
            76.7173661,
            8.7396882
          ],
          [
            76.717179,
            8.7390063
          ],
          [
            76.7170955,
            8.7386754
          ],
          [
            76.7171412,
            8.7385924
          ]
        ]
      }
    },
    {
      "type": "Feature",
      "properties": {
        "id": "osm-way-547839934",
        "name": "Unnamed Road",
        "highway": "residential",
        "lanes": null,
        "width": 5.5,
        "type": "road"
      },
      "geometry": {
        "type": "LineString",
        "coordinates": [
          [
            76.7147612,
            8.73944
          ],
          [
            76.7146511,
            8.7394518
          ],
          [
            76.7136545,
            8.7395537
          ],
          [
            76.7130201,
            8.7396499
          ]
        ]
      }
    },
    {
      "type": "Feature",
      "properties": {
        "id": "osm-way-547839935",
        "name": "Unnamed Road",
        "highway": "residential",
        "lanes": null,
        "width": 5.5,
        "type": "road"
      },
      "geometry": {
        "type": "LineString",
        "coordinates": [
          [
            76.7150401,
            8.7429458
          ],
          [
            76.714936,
            8.7424998
          ],
          [
            76.7149634,
            8.7422222
          ],
          [
            76.7149695,
            8.7421597
          ],
          [
            76.7149642,
            8.7417514
          ],
          [
            76.7149671,
            8.7417275
          ],
          [
            76.7150354,
            8.7411617
          ],
          [
            76.7150231,
            8.7410999
          ],
          [
            76.715045,
            8.7407684
          ],
          [
            76.7148819,
            8.7406935
          ],
          [
            76.7148808,
            8.7405202
          ],
          [
            76.7148796,
            8.7404638
          ],
          [
            76.714876,
            8.740301
          ],
          [
            76.714931,
            8.7402195
          ],
          [
            76.7149276,
            8.7400778
          ],
          [
            76.7149236,
            8.7399151
          ],
          [
            76.714902,
            8.7398917
          ],
          [
            76.71476,
            8.7398555
          ],
          [
            76.7147612,
            8.73944
          ]
        ]
      }
    },
    {
      "type": "Feature",
      "properties": {
        "id": "osm-way-547839939",
        "name": "Unnamed Road",
        "highway": "residential",
        "lanes": null,
        "width": 5.5,
        "type": "road"
      },
      "geometry": {
        "type": "LineString",
        "coordinates": [
          [
            76.7164995,
            8.7432517
          ],
          [
            76.7170143,
            8.742388
          ],
          [
            76.7173898,
            8.7415079
          ]
        ]
      }
    },
    {
      "type": "Feature",
      "properties": {
        "id": "osm-way-547839940",
        "name": "Unnamed Road",
        "highway": "residential",
        "lanes": null,
        "width": 5.5,
        "type": "road"
      },
      "geometry": {
        "type": "LineString",
        "coordinates": [
          [
            76.7160403,
            8.7431836
          ],
          [
            76.7161467,
            8.7424442
          ],
          [
            76.7162093,
            8.742032
          ],
          [
            76.7162164,
            8.7419852
          ],
          [
            76.7162773,
            8.741519
          ],
          [
            76.7162827,
            8.7414776
          ],
          [
            76.7164667,
            8.7408805
          ],
          [
            76.7164806,
            8.7407981
          ],
          [
            76.7164767,
            8.7407747
          ],
          [
            76.7164516,
            8.7407615
          ],
          [
            76.7160735,
            8.7406726
          ],
          [
            76.7160508,
            8.7406587
          ],
          [
            76.7160478,
            8.7406522
          ],
          [
            76.7160361,
            8.7406275
          ],
          [
            76.71609,
            8.7401951
          ],
          [
            76.7160973,
            8.7400942
          ],
          [
            76.7161045,
            8.7397709
          ],
          [
            76.7161283,
            8.7394616
          ]
        ]
      }
    },
    {
      "type": "Feature",
      "properties": {
        "id": "osm-way-547839941",
        "name": "Unnamed Road",
        "highway": "residential",
        "lanes": null,
        "width": 5.5,
        "type": "road"
      },
      "geometry": {
        "type": "LineString",
        "coordinates": [
          [
            76.7151707,
            8.7432932
          ],
          [
            76.7157577,
            8.7432325
          ],
          [
            76.7160403,
            8.7431836
          ],
          [
            76.7164995,
            8.7432517
          ],
          [
            76.7168692,
            8.7436517
          ],
          [
            76.7172667,
            8.7433818
          ],
          [
            76.7173633,
            8.7433162
          ],
          [
            76.7174036,
            8.743257
          ],
          [
            76.7174703,
            8.7429711
          ],
          [
            76.7177009,
            8.7425789
          ],
          [
            76.7180933,
            8.7426343
          ],
          [
            76.7184114,
            8.7426792
          ],
          [
            76.7190138,
            8.7427642
          ],
          [
            76.7198738,
            8.7428636
          ]
        ]
      }
    },
    {
      "type": "Feature",
      "properties": {
        "id": "osm-way-547839942",
        "name": "Unnamed Road",
        "highway": "residential",
        "lanes": null,
        "width": 5.5,
        "type": "road"
      },
      "geometry": {
        "type": "LineString",
        "coordinates": [
          [
            76.7197671,
            8.7377014
          ],
          [
            76.7194279,
            8.7376649
          ],
          [
            76.7192154,
            8.7375796
          ],
          [
            76.719018,
            8.7374499
          ],
          [
            76.7186406,
            8.7371415
          ]
        ]
      }
    },
    {
      "type": "Feature",
      "properties": {
        "id": "osm-way-547839945",
        "name": "Unnamed Road",
        "highway": "residential",
        "lanes": null,
        "width": 5.5,
        "type": "road"
      },
      "geometry": {
        "type": "LineString",
        "coordinates": [
          [
            76.7197254,
            8.7388309
          ],
          [
            76.7200471,
            8.7388502
          ],
          [
            76.7203687,
            8.7388267
          ],
          [
            76.7204707,
            8.738817
          ],
          [
            76.7204819,
            8.7388178
          ],
          [
            76.720492,
            8.7388207
          ],
          [
            76.720501,
            8.7388249
          ],
          [
            76.7205147,
            8.7388369
          ],
          [
            76.7205245,
            8.7388531
          ],
          [
            76.7205528,
            8.738915
          ],
          [
            76.7205874,
            8.7389994
          ],
          [
            76.7206348,
            8.7391176
          ],
          [
            76.720707,
            8.7392728
          ],
          [
            76.7207196,
            8.7392879
          ],
          [
            76.7207337,
            8.7393028
          ],
          [
            76.7207473,
            8.7393118
          ],
          [
            76.7207617,
            8.7393217
          ],
          [
            76.7207823,
            8.7393297
          ],
          [
            76.7208555,
            8.7393438
          ],
          [
            76.7209909,
            8.7393736
          ],
          [
            76.7211332,
            8.7393858
          ],
          [
            76.7212137,
            8.7393749
          ],
          [
            76.721362,
            8.7393468
          ],
          [
            76.7216223,
            8.7392465
          ],
          [
            76.7217719,
            8.7391907
          ],
          [
            76.7218264,
            8.7391648
          ],
          [
            76.7219412,
            8.7391066
          ],
          [
            76.7220135,
            8.7390699
          ],
          [
            76.7220241,
            8.7390671
          ],
          [
            76.7220313,
            8.7390668
          ],
          [
            76.7220374,
            8.7390674
          ],
          [
            76.7220433,
            8.7390688
          ],
          [
            76.7220488,
            8.7390713
          ],
          [
            76.7220542,
            8.7390751
          ],
          [
            76.7220587,
            8.7390797
          ],
          [
            76.7220614,
            8.7390835
          ],
          [
            76.7220647,
            8.7390901
          ],
          [
            76.7220804,
            8.7391529
          ],
          [
            76.7220843,
            8.7391748
          ],
          [
            76.722108,
            8.7393095
          ],
          [
            76.7221147,
            8.7393475
          ],
          [
            76.7221283,
            8.7394338
          ],
          [
            76.7221776,
            8.7397476
          ],
          [
            76.7221795,
            8.7397718
          ],
          [
            76.7221963,
            8.739984
          ],
          [
            76.7222151,
            8.7400074
          ],
          [
            76.7223472,
            8.7400054
          ],
          [
            76.7225037,
            8.7399695
          ],
          [
            76.7226851,
            8.73993
          ],
          [
            76.7230108,
            8.739924
          ],
          [
            76.7231148,
            8.7399276
          ],
          [
            76.7231806,
            8.7398722
          ],
          [
            76.7231924,
            8.7398627
          ],
          [
            76.723205,
            8.7398552
          ],
          [
            76.7232314,
            8.7398477
          ],
          [
            76.723257,
            8.7398462
          ],
          [
            76.7232911,
            8.7398475
          ],
          [
            76.7233218,
            8.7398525
          ],
          [
            76.7233335,
            8.7398548
          ],
          [
            76.7233896,
            8.739876
          ]
        ]
      }
    },
    {
      "type": "Feature",
      "properties": {
        "id": "osm-way-547839946",
        "name": "MUNICIPAL ROAD",
        "highway": "residential",
        "lanes": null,
        "width": 5.5,
        "type": "road"
      },
      "geometry": {
        "type": "LineString",
        "coordinates": [
          [
            76.720848,
            8.7365941
          ],
          [
            76.7206489,
            8.7370109
          ],
          [
            76.7205772,
            8.7372083
          ],
          [
            76.7205204,
            8.7374535
          ],
          [
            76.7204653,
            8.7375634
          ],
          [
            76.7204598,
            8.7376956
          ],
          [
            76.7204971,
            8.7378604
          ],
          [
            76.7206373,
            8.7384797
          ],
          [
            76.720501,
            8.7388249
          ]
        ]
      }
    },
    {
      "type": "Feature",
      "properties": {
        "id": "osm-way-547959198",
        "name": "Cliff 2nd street",
        "highway": "residential",
        "lanes": null,
        "width": 5.5,
        "type": "road"
      },
      "geometry": {
        "type": "LineString",
        "coordinates": [
          [
            76.7057481,
            8.7377331
          ],
          [
            76.7056958,
            8.7380117
          ],
          [
            76.7055476,
            8.7381037
          ],
          [
            76.7052082,
            8.7382253
          ],
          [
            76.7047043,
            8.7383101
          ]
        ]
      }
    },
    {
      "type": "Feature",
      "properties": {
        "id": "osm-way-549282097",
        "name": "Unnamed Road",
        "highway": "residential",
        "lanes": null,
        "width": 5.5,
        "type": "road"
      },
      "geometry": {
        "type": "LineString",
        "coordinates": [
          [
            76.7063024,
            8.7408886
          ],
          [
            76.7066378,
            8.7408005
          ],
          [
            76.70676,
            8.7408078
          ],
          [
            76.7069212,
            8.7408451
          ],
          [
            76.707412,
            8.7409273
          ],
          [
            76.7082435,
            8.7409883
          ],
          [
            76.7083213,
            8.7403467
          ]
        ]
      }
    },
    {
      "type": "Feature",
      "properties": {
        "id": "osm-way-549282098",
        "name": "Unnamed Road",
        "highway": "residential",
        "lanes": null,
        "width": 5.5,
        "type": "road"
      },
      "geometry": {
        "type": "LineString",
        "coordinates": [
          [
            76.7114455,
            8.7423473
          ],
          [
            76.711442,
            8.7421335
          ]
        ]
      }
    },
    {
      "type": "Feature",
      "properties": {
        "id": "osm-way-549282099",
        "name": "Unnamed Road",
        "highway": "residential",
        "lanes": null,
        "width": 5.5,
        "type": "road"
      },
      "geometry": {
        "type": "LineString",
        "coordinates": [
          [
            76.7157577,
            8.7432325
          ],
          [
            76.716184,
            8.7436456
          ]
        ]
      }
    },
    {
      "type": "Feature",
      "properties": {
        "id": "osm-way-549848298",
        "name": "Unnamed Road",
        "highway": "residential",
        "lanes": null,
        "width": 5.5,
        "type": "road"
      },
      "geometry": {
        "type": "LineString",
        "coordinates": [
          [
            76.7147677,
            8.738856
          ],
          [
            76.7143039,
            8.7388602
          ],
          [
            76.7141155,
            8.7388669
          ],
          [
            76.7136842,
            8.7388997
          ]
        ]
      }
    },
    {
      "type": "Feature",
      "properties": {
        "id": "osm-way-549848299",
        "name": "Unnamed Road",
        "highway": "residential",
        "lanes": null,
        "width": 5.5,
        "type": "road"
      },
      "geometry": {
        "type": "LineString",
        "coordinates": [
          [
            76.7146511,
            8.7394518
          ],
          [
            76.7147483,
            8.7389521
          ],
          [
            76.7147677,
            8.738856
          ],
          [
            76.7148043,
            8.7387266
          ],
          [
            76.7148447,
            8.738597
          ],
          [
            76.7149679,
            8.7381229
          ],
          [
            76.7150073,
            8.7379972
          ],
          [
            76.7154167,
            8.7380728
          ],
          [
            76.7154299,
            8.738074
          ],
          [
            76.7154405,
            8.7380705
          ],
          [
            76.7154523,
            8.7380665
          ],
          [
            76.7154616,
            8.7380598
          ],
          [
            76.7154714,
            8.73804
          ],
          [
            76.7155272,
            8.7378525
          ],
          [
            76.7156049,
            8.7375382
          ],
          [
            76.7156791,
            8.737222
          ],
          [
            76.7156874,
            8.7371865
          ]
        ]
      }
    },
    {
      "type": "Feature",
      "properties": {
        "id": "osm-way-549848300",
        "name": "Unnamed Road",
        "highway": "residential",
        "lanes": null,
        "width": 5.5,
        "type": "road"
      },
      "geometry": {
        "type": "LineString",
        "coordinates": [
          [
            76.7132691,
            8.7426005
          ],
          [
            76.7132485,
            8.7429845
          ],
          [
            76.7132262,
            8.7434734
          ],
          [
            76.7132155,
            8.7437064
          ]
        ]
      }
    },
    {
      "type": "Feature",
      "properties": {
        "id": "osm-way-666077199",
        "name": "Kannamba - Chaluvila Road",
        "highway": "secondary",
        "lanes": null,
        "width": 8.0,
        "type": "road"
      },
      "geometry": {
        "type": "LineString",
        "coordinates": [
          [
            76.719554,
            8.747292
          ],
          [
            76.7205656,
            8.7471599
          ],
          [
            76.7212254,
            8.7470671
          ],
          [
            76.7212643,
            8.7471071
          ],
          [
            76.7213556,
            8.7473743
          ],
          [
            76.7214954,
            8.747834
          ],
          [
            76.7215414,
            8.7478425
          ],
          [
            76.7218959,
            8.7477484
          ],
          [
            76.722191,
            8.7477351
          ],
          [
            76.7225114,
            8.7477503
          ],
          [
            76.7228052,
            8.7477643
          ],
          [
            76.7229317,
            8.7477784
          ],
          [
            76.7233738,
            8.7478279
          ],
          [
            76.7235655,
            8.7478743
          ],
          [
            76.7237467,
            8.7479181
          ],
          [
            76.72398,
            8.7479949
          ],
          [
            76.7240551,
            8.7476132
          ],
          [
            76.7241403,
            8.7476149
          ],
          [
            76.7245755,
            8.7476238
          ]
        ]
      }
    },
    {
      "type": "Feature",
      "properties": {
        "id": "osm-way-666078659",
        "name": "Unnamed Road",
        "highway": "residential",
        "lanes": null,
        "width": 5.5,
        "type": "road"
      },
      "geometry": {
        "type": "LineString",
        "coordinates": [
          [
            76.7233836,
            8.7336206
          ],
          [
            76.7234326,
            8.7334031
          ],
          [
            76.7234472,
            8.7333076
          ],
          [
            76.7234521,
            8.7332661
          ],
          [
            76.7234533,
            8.733218
          ],
          [
            76.7234526,
            8.7331741
          ],
          [
            76.7234507,
            8.7331451
          ],
          [
            76.7234421,
            8.7331177
          ],
          [
            76.7233919,
            8.733021
          ],
          [
            76.723375,
            8.7329822
          ],
          [
            76.7233654,
            8.7329435
          ],
          [
            76.7233637,
            8.7328731
          ],
          [
            76.7233601,
            8.7327884
          ],
          [
            76.7233507,
            8.7326593
          ],
          [
            76.7233478,
            8.7325898
          ],
          [
            76.7233441,
            8.7324987
          ],
          [
            76.7233403,
            8.7321651
          ],
          [
            76.7233494,
            8.7318122
          ],
          [
            76.7233285,
            8.7316515
          ],
          [
            76.7235233,
            8.7316385
          ],
          [
            76.7236098,
            8.7316134
          ],
          [
            76.7236129,
            8.7313552
          ],
          [
            76.7236045,
            8.7311624
          ],
          [
            76.7236073,
            8.7310898
          ],
          [
            76.7236089,
            8.731049
          ],
          [
            76.7236111,
            8.730836
          ],
          [
            76.7236112,
            8.7308275
          ],
          [
            76.7236064,
            8.730791
          ],
          [
            76.7235935,
            8.730759
          ],
          [
            76.7235714,
            8.7307312
          ],
          [
            76.7235479,
            8.7307146
          ],
          [
            76.7234327,
            8.7306659
          ],
          [
            76.7234053,
            8.730651
          ],
          [
            76.7233962,
            8.7306364
          ],
          [
            76.7233875,
            8.7306155
          ],
          [
            76.7233969,
            8.7305616
          ],
          [
            76.7234145,
            8.7304771
          ],
          [
            76.7234513,
            8.7303527
          ],
          [
            76.723466,
            8.7302395
          ],
          [
            76.7234754,
            8.7300894
          ],
          [
            76.7234967,
            8.7299171
          ],
          [
            76.7235546,
            8.7294487
          ],
          [
            76.7235573,
            8.7294268
          ],
          [
            76.7236027,
            8.7291412
          ],
          [
            76.7237213,
            8.7285439
          ],
          [
            76.723759,
            8.7283068
          ]
        ]
      }
    },
    {
      "type": "Feature",
      "properties": {
        "id": "osm-way-803399877",
        "name": "Unnamed Road",
        "highway": "unclassified",
        "lanes": null,
        "width": 5.5,
        "type": "road"
      },
      "geometry": {
        "type": "LineString",
        "coordinates": [
          [
            76.7118373,
            8.7344951
          ],
          [
            76.7119961,
            8.7345973
          ],
          [
            76.7120075,
            8.7345982
          ],
          [
            76.7120212,
            8.7345915
          ],
          [
            76.7120453,
            8.7345246
          ],
          [
            76.7120788,
            8.7344482
          ],
          [
            76.7121255,
            8.7343293
          ],
          [
            76.7121791,
            8.7341922
          ],
          [
            76.7121753,
            8.734174
          ],
          [
            76.7120869,
            8.7341492
          ],
          [
            76.7118155,
            8.7340665
          ],
          [
            76.7114951,
            8.7340018
          ],
          [
            76.7112321,
            8.7338994
          ],
          [
            76.7109809,
            8.7338582
          ],
          [
            76.7108061,
            8.7338622
          ],
          [
            76.7107516,
            8.7338521
          ],
          [
            76.7107102,
            8.7337735
          ],
          [
            76.7106476,
            8.7337109
          ]
        ]
      }
    },
    {
      "type": "Feature",
      "properties": {
        "id": "osm-way-803399895",
        "name": "Unnamed Road",
        "highway": "unclassified",
        "lanes": null,
        "width": 5.5,
        "type": "road"
      },
      "geometry": {
        "type": "LineString",
        "coordinates": [
          [
            76.7229895,
            8.7416701
          ],
          [
            76.7232017,
            8.7417931
          ],
          [
            76.7233295,
            8.7418614
          ],
          [
            76.723448,
            8.7417641
          ],
          [
            76.7237659,
            8.7418913
          ],
          [
            76.7239865,
            8.7420587
          ],
          [
            76.7240156,
            8.7420808
          ],
          [
            76.724099,
            8.7421521
          ],
          [
            76.7241468,
            8.742193
          ],
          [
            76.7241805,
            8.7422122
          ],
          [
            76.7243612,
            8.7423151
          ],
          [
            76.7243931,
            8.7423271
          ],
          [
            76.724621,
            8.7424124
          ],
          [
            76.7247636,
            8.7424798
          ],
          [
            76.7247993,
            8.742509
          ],
          [
            76.7248185,
            8.742548
          ],
          [
            76.7248485,
            8.7426088
          ],
          [
            76.7250639,
            8.7426655
          ],
          [
            76.7252782,
            8.7426912
          ],
          [
            76.7253072,
            8.7427109
          ],
          [
            76.7253318,
            8.7427277
          ],
          [
            76.725342,
            8.7427739
          ],
          [
            76.7252484,
            8.742992
          ],
          [
            76.7252534,
            8.743038
          ],
          [
            76.7254605,
            8.7431532
          ],
          [
            76.7254882,
            8.7431991
          ],
          [
            76.7254757,
            8.743401
          ],
          [
            76.7254531,
            8.7434774
          ],
          [
            76.7254198,
            8.7435456
          ],
          [
            76.7253687,
            8.7436637
          ],
          [
            76.7253331,
            8.7437459
          ],
          [
            76.7253403,
            8.7438057
          ],
          [
            76.7254566,
            8.7438807
          ],
          [
            76.7256221,
            8.7439534
          ],
          [
            76.7257013,
            8.7440135
          ],
          [
            76.7257348,
            8.7444281
          ],
          [
            76.7257655,
            8.7445636
          ],
          [
            76.7257699,
            8.7445831
          ],
          [
            76.7257593,
            8.7447029
          ],
          [
            76.7257583,
            8.7447583
          ],
          [
            76.7257852,
            8.7447956
          ],
          [
            76.7258142,
            8.744805
          ],
          [
            76.7261004,
            8.7448769
          ],
          [
            76.7262877,
            8.7449093
          ],
          [
            76.7264751,
            8.7449051
          ],
          [
            76.7265571,
            8.7448579
          ],
          [
            76.7266231,
            8.7447694
          ],
          [
            76.726608,
            8.7444698
          ],
          [
            76.726624,
            8.7442421
          ],
          [
            76.7266397,
            8.7440157
          ],
          [
            76.72666,
            8.7438547
          ],
          [
            76.72668,
            8.7436045
          ],
          [
            76.7267069,
            8.7434145
          ],
          [
            76.7267422,
            8.7431624
          ],
          [
            76.7267492,
            8.7428587
          ],
          [
            76.7268338,
            8.7424694
          ],
          [
            76.7268841,
            8.7422906
          ],
          [
            76.726968,
            8.7422147
          ]
        ]
      }
    },
    {
      "type": "Feature",
      "properties": {
        "id": "osm-way-803399906",
        "name": "Unnamed Road",
        "highway": "unclassified",
        "lanes": null,
        "width": 5.5,
        "type": "road"
      },
      "geometry": {
        "type": "LineString",
        "coordinates": [
          [
            76.726968,
            8.7422147
          ],
          [
            76.7271418,
            8.7419802
          ],
          [
            76.7273119,
            8.7417255
          ],
          [
            76.7274415,
            8.7415133
          ],
          [
            76.7274511,
            8.741411
          ],
          [
            76.7273518,
            8.7411109
          ],
          [
            76.7273257,
            8.740708
          ],
          [
            76.7273557,
            8.7403052
          ],
          [
            76.7273461,
            8.7401569
          ],
          [
            76.727311,
            8.7400003
          ],
          [
            76.7271376,
            8.7397656
          ],
          [
            76.7269007,
            8.7395444
          ],
          [
            76.7267622,
            8.7394577
          ],
          [
            76.7266754,
            8.7394342
          ],
          [
            76.7264935,
            8.7394904
          ],
          [
            76.7261222,
            8.7396689
          ],
          [
            76.7259466,
            8.7397754
          ],
          [
            76.725821,
            8.7398438
          ],
          [
            76.7256631,
            8.7399793
          ],
          [
            76.7254719,
            8.7400688
          ],
          [
            76.7254363,
            8.7400722
          ],
          [
            76.7253379,
            8.7400816
          ],
          [
            76.725162,
            8.7400599
          ],
          [
            76.7250136,
            8.7400026
          ],
          [
            76.7249247,
            8.7399608
          ],
          [
            76.7247774,
            8.7398686
          ],
          [
            76.7247155,
            8.7398173
          ],
          [
            76.7246754,
            8.739784
          ],
          [
            76.7245926,
            8.7396951
          ],
          [
            76.7244844,
            8.7395472
          ],
          [
            76.7244366,
            8.7392555
          ]
        ]
      }
    },
    {
      "type": "Feature",
      "properties": {
        "id": "osm-way-803399922",
        "name": "Unnamed Road",
        "highway": "unclassified",
        "lanes": null,
        "width": 5.5,
        "type": "road"
      },
      "geometry": {
        "type": "LineString",
        "coordinates": [
          [
            76.7267622,
            8.7394577
          ],
          [
            76.7267539,
            8.739249
          ],
          [
            76.7267883,
            8.7391985
          ],
          [
            76.7268919,
            8.7391693
          ],
          [
            76.7270843,
            8.7391233
          ],
          [
            76.7271587,
            8.739053
          ],
          [
            76.727207,
            8.7389333
          ],
          [
            76.7272358,
            8.7388408
          ],
          [
            76.7273033,
            8.7386678
          ],
          [
            76.7273865,
            8.7384679
          ],
          [
            76.7274867,
            8.7382412
          ]
        ]
      }
    },
    {
      "type": "Feature",
      "properties": {
        "id": "osm-way-803399930",
        "name": "Unnamed Road",
        "highway": "unclassified",
        "lanes": null,
        "width": 5.5,
        "type": "road"
      },
      "geometry": {
        "type": "LineString",
        "coordinates": [
          [
            76.7276331,
            8.7368194
          ],
          [
            76.7274859,
            8.7367945
          ],
          [
            76.727338,
            8.736772
          ],
          [
            76.727176,
            8.7368198
          ],
          [
            76.7270594,
            8.7368872
          ],
          [
            76.7269486,
            8.7369912
          ],
          [
            76.7269002,
            8.7371008
          ],
          [
            76.7268348,
            8.7373031
          ],
          [
            76.7267731,
            8.7375092
          ],
          [
            76.7266785,
            8.7377977
          ],
          [
            76.7266785,
            8.7378342
          ],
          [
            76.727035,
            8.7380288
          ],
          [
            76.7270594,
            8.7380421
          ],
          [
            76.7274867,
            8.7382412
          ],
          [
            76.7277508,
            8.7383734
          ],
          [
            76.7278364,
            8.7384199
          ],
          [
            76.7279781,
            8.7385244
          ],
          [
            76.7279989,
            8.7385398
          ],
          [
            76.728212,
            8.7387414
          ],
          [
            76.7284675,
            8.7389791
          ],
          [
            76.7286258,
            8.7390776
          ],
          [
            76.7288013,
            8.7391198
          ],
          [
            76.7288959,
            8.7391302
          ],
          [
            76.728946,
            8.7391346
          ],
          [
            76.7290157,
            8.7391508
          ],
          [
            76.7291494,
            8.7392631
          ],
          [
            76.7292505,
            8.7393479
          ],
          [
            76.7293858,
            8.7394311
          ]
        ]
      }
    },
    {
      "type": "Feature",
      "properties": {
        "id": "osm-way-804394657",
        "name": "Unnamed Road",
        "highway": "residential",
        "lanes": null,
        "width": 5.5,
        "type": "road"
      },
      "geometry": {
        "type": "LineString",
        "coordinates": [
          [
            76.7158742,
            8.7279515
          ],
          [
            76.71542,
            8.727985
          ],
          [
            76.715225,
            8.7280136
          ],
          [
            76.7150434,
            8.7280675
          ],
          [
            76.7149326,
            8.7281509
          ],
          [
            76.7147456,
            8.7282334
          ],
          [
            76.7144744,
            8.7283247
          ],
          [
            76.714041,
            8.7284438
          ]
        ]
      }
    },
    {
      "type": "Feature",
      "properties": {
        "id": "osm-way-804394660",
        "name": "Unnamed Road",
        "highway": "unclassified",
        "lanes": null,
        "width": 5.5,
        "type": "road"
      },
      "geometry": {
        "type": "LineString",
        "coordinates": [
          [
            76.714041,
            8.7284438
          ],
          [
            76.7140377,
            8.7284452
          ],
          [
            76.714033,
            8.7284278
          ],
          [
            76.7140325,
            8.7284137
          ],
          [
            76.7140345,
            8.7284004
          ],
          [
            76.7140535,
            8.7283502
          ],
          [
            76.7140736,
            8.7283051
          ],
          [
            76.7141001,
            8.7282313
          ]
        ]
      }
    },
    {
      "type": "Feature",
      "properties": {
        "id": "osm-way-804394661",
        "name": "Unnamed Road",
        "highway": "unclassified",
        "lanes": null,
        "width": 5.5,
        "type": "road"
      },
      "geometry": {
        "type": "LineString",
        "coordinates": [
          [
            76.7141001,
            8.7282313
          ],
          [
            76.7141017,
            8.7281862
          ],
          [
            76.7140798,
            8.7280183
          ],
          [
            76.7140671,
            8.7279769
          ],
          [
            76.7139727,
            8.7277373
          ],
          [
            76.7139478,
            8.727639
          ],
          [
            76.7139339,
            8.7275661
          ],
          [
            76.713919,
            8.72747
          ],
          [
            76.7139212,
            8.727452
          ],
          [
            76.7139268,
            8.7274406
          ],
          [
            76.7139391,
            8.7274316
          ],
          [
            76.7140927,
            8.7273999
          ]
        ]
      }
    },
    {
      "type": "Feature",
      "properties": {
        "id": "osm-way-836834739",
        "name": "Unnamed Road",
        "highway": "residential",
        "lanes": null,
        "width": 5.5,
        "type": "road"
      },
      "geometry": {
        "type": "LineString",
        "coordinates": [
          [
            76.7164241,
            8.7291248
          ],
          [
            76.7153272,
            8.7294541
          ],
          [
            76.7152673,
            8.7291659
          ],
          [
            76.7152595,
            8.7290902
          ],
          [
            76.7152216,
            8.7290544
          ],
          [
            76.7151919,
            8.7290556
          ],
          [
            76.715142,
            8.7290716
          ],
          [
            76.7148178,
            8.7292058
          ],
          [
            76.7147561,
            8.7292376
          ],
          [
            76.714677,
            8.7292687
          ],
          [
            76.7141158,
            8.7293463
          ],
          [
            76.7140765,
            8.7292961
          ],
          [
            76.7139907,
            8.7291248
          ],
          [
            76.7139232,
            8.7289557
          ],
          [
            76.7138969,
            8.728859
          ],
          [
            76.71388,
            8.7287958
          ],
          [
            76.7138837,
            8.7287661
          ],
          [
            76.7138988,
            8.728714
          ],
          [
            76.7139362,
            8.7286109
          ],
          [
            76.7140031,
            8.7284773
          ],
          [
            76.714041,
            8.7284438
          ]
        ]
      }
    },
    {
      "type": "Feature",
      "properties": {
        "id": "osm-way-836834740",
        "name": "Unnamed Road",
        "highway": "residential",
        "lanes": null,
        "width": 5.5,
        "type": "road"
      },
      "geometry": {
        "type": "LineString",
        "coordinates": [
          [
            76.7141158,
            8.7293463
          ],
          [
            76.7141363,
            8.7294852
          ],
          [
            76.7141705,
            8.7296493
          ],
          [
            76.7141822,
            8.7298245
          ],
          [
            76.7143057,
            8.7302575
          ],
          [
            76.7143536,
            8.7304018
          ],
          [
            76.7143731,
            8.7306074
          ],
          [
            76.7143791,
            8.7307687
          ],
          [
            76.7143381,
            8.7312521
          ]
        ]
      }
    },
    {
      "type": "Feature",
      "properties": {
        "id": "osm-way-837013906",
        "name": "Unnamed Road",
        "highway": "unclassified",
        "lanes": null,
        "width": 5.5,
        "type": "road"
      },
      "geometry": {
        "type": "LineString",
        "coordinates": [
          [
            76.720486,
            8.744438
          ],
          [
            76.720575,
            8.7445107
          ],
          [
            76.7207074,
            8.7445732
          ],
          [
            76.7209301,
            8.744594
          ],
          [
            76.7209693,
            8.7446386
          ],
          [
            76.7217065,
            8.744823
          ],
          [
            76.7218705,
            8.7448255
          ],
          [
            76.7220399,
            8.7448556
          ],
          [
            76.7221616,
            8.7449329
          ],
          [
            76.722318,
            8.7450188
          ],
          [
            76.7224136,
            8.7451133
          ],
          [
            76.722544,
            8.7451777
          ],
          [
            76.7226135,
            8.7452206
          ],
          [
            76.7226743,
            8.7452593
          ],
          [
            76.7227656,
            8.7453366
          ],
          [
            76.7229307,
            8.7454182
          ],
          [
            76.7229915,
            8.7454526
          ],
          [
            76.7230713,
            8.7454758
          ],
          [
            76.7231871,
            8.7455213
          ],
          [
            76.7235738,
            8.7455728
          ],
          [
            76.7237184,
            8.7455935
          ],
          [
            76.7238258,
            8.7456372
          ],
          [
            76.7239822,
            8.7456673
          ],
          [
            76.7240561,
            8.7457016
          ],
          [
            76.7240778,
            8.7457832
          ],
          [
            76.7240865,
            8.7458305
          ],
          [
            76.7241256,
            8.7458863
          ],
          [
            76.7240865,
            8.7461655
          ],
          [
            76.7240822,
            8.7462127
          ],
          [
            76.72413,
            8.7462471
          ],
          [
            76.7242473,
            8.74629
          ],
          [
            76.7242682,
            8.7463362
          ],
          [
            76.7242597,
            8.7464402
          ],
          [
            76.7242284,
            8.7465948
          ],
          [
            76.7242108,
            8.7467864
          ],
          [
            76.7241667,
            8.7469867
          ],
          [
            76.7241491,
            8.7472218
          ],
          [
            76.7241315,
            8.7474134
          ],
          [
            76.7241403,
            8.7476149
          ]
        ]
      }
    },
    {
      "type": "Feature",
      "properties": {
        "id": "osm-way-837293265",
        "name": "Residential Road",
        "highway": "unclassified",
        "lanes": null,
        "width": 5.5,
        "type": "road"
      },
      "geometry": {
        "type": "LineString",
        "coordinates": [
          [
            76.7213556,
            8.7473743
          ],
          [
            76.7214289,
            8.7473535
          ],
          [
            76.7221586,
            8.7473222
          ]
        ]
      }
    },
    {
      "type": "Feature",
      "properties": {
        "id": "osm-way-837371597",
        "name": "Unnamed Road",
        "highway": "residential",
        "lanes": null,
        "width": 5.5,
        "type": "road"
      },
      "geometry": {
        "type": "LineString",
        "coordinates": [
          [
            76.7086413,
            8.7426068
          ],
          [
            76.7082779,
            8.7425602
          ]
        ]
      }
    },
    {
      "type": "Feature",
      "properties": {
        "id": "osm-way-837382403",
        "name": "Unnamed Road",
        "highway": "unclassified",
        "lanes": null,
        "width": 5.5,
        "type": "road"
      },
      "geometry": {
        "type": "LineString",
        "coordinates": [
          [
            76.7195635,
            8.7483332
          ],
          [
            76.7193347,
            8.7483582
          ],
          [
            76.71876,
            8.7484062
          ],
          [
            76.7185854,
            8.7484128
          ],
          [
            76.7185722,
            8.7483931
          ],
          [
            76.7185611,
            8.7483254
          ],
          [
            76.7185037,
            8.7479868
          ],
          [
            76.7184715,
            8.7479726
          ],
          [
            76.7182354,
            8.7479726
          ],
          [
            76.7182127,
            8.7479599
          ],
          [
            76.7181942,
            8.7479332
          ],
          [
            76.7181714,
            8.7479135
          ],
          [
            76.7180561,
            8.747913
          ],
          [
            76.7177922,
            8.7479121
          ]
        ]
      }
    },
    {
      "type": "Feature",
      "properties": {
        "id": "osm-way-953751451",
        "name": "Unnamed Road",
        "highway": "unclassified",
        "lanes": null,
        "width": 5.5,
        "type": "road"
      },
      "geometry": {
        "type": "LineString",
        "coordinates": [
          [
            76.725369,
            8.7369507
          ],
          [
            76.7255027,
            8.7369806
          ],
          [
            76.7256718,
            8.7370371
          ],
          [
            76.7258278,
            8.7370849
          ],
          [
            76.725986,
            8.7371305
          ],
          [
            76.7263221,
            8.7372238
          ],
          [
            76.7263832,
            8.7372506
          ],
          [
            76.7263856,
            8.7373311
          ],
          [
            76.7263955,
            8.7373604
          ],
          [
            76.7267731,
            8.7375092
          ]
        ]
      }
    },
    {
      "type": "Feature",
      "properties": {
        "id": "osm-way-957097514",
        "name": "Unnamed Road",
        "highway": "residential",
        "lanes": null,
        "width": 5.5,
        "type": "road"
      },
      "geometry": {
        "type": "LineString",
        "coordinates": [
          [
            76.7247155,
            8.7398173
          ],
          [
            76.7243119,
            8.7401977
          ],
          [
            76.7241508,
            8.7403105
          ]
        ]
      }
    },
    {
      "type": "Feature",
      "properties": {
        "id": "osm-way-960772290",
        "name": "Unnamed Road",
        "highway": "residential",
        "lanes": null,
        "width": 5.5,
        "type": "road"
      },
      "geometry": {
        "type": "LineString",
        "coordinates": [
          [
            76.7220712,
            8.7419327
          ],
          [
            76.7222118,
            8.7420403
          ],
          [
            76.7223853,
            8.7418444
          ],
          [
            76.7225794,
            8.7415383
          ],
          [
            76.7226909,
            8.7413873
          ],
          [
            76.7227652,
            8.7412689
          ]
        ]
      }
    },
    {
      "type": "Feature",
      "properties": {
        "id": "osm-way-985988492",
        "name": "Unnamed Road",
        "highway": "unclassified",
        "lanes": null,
        "width": 5.5,
        "type": "road"
      },
      "geometry": {
        "type": "LineString",
        "coordinates": [
          [
            76.7177922,
            8.7479121
          ],
          [
            76.7178363,
            8.7481989
          ],
          [
            76.7178428,
            8.7483371
          ],
          [
            76.7178825,
            8.7483727
          ],
          [
            76.7185722,
            8.7483931
          ]
        ]
      }
    },
    {
      "type": "Feature",
      "properties": {
        "id": "osm-way-985988989",
        "name": "Unnamed Road",
        "highway": "unclassified",
        "lanes": null,
        "width": 5.5,
        "type": "road"
      },
      "geometry": {
        "type": "LineString",
        "coordinates": [
          [
            76.7177922,
            8.7479121
          ],
          [
            76.7177176,
            8.7479251
          ],
          [
            76.7176077,
            8.7479153
          ],
          [
            76.7174977,
            8.747858
          ],
          [
            76.7173135,
            8.7479056
          ],
          [
            76.7171727,
            8.7479145
          ],
          [
            76.7170302,
            8.7479377
          ],
          [
            76.7165917,
            8.7479877
          ]
        ]
      }
    },
    {
      "type": "Feature",
      "properties": {
        "id": "osm-way-985989083",
        "name": "Unnamed Road",
        "highway": "unclassified",
        "lanes": null,
        "width": 5.5,
        "type": "road"
      },
      "geometry": {
        "type": "LineString",
        "coordinates": [
          [
            76.7180561,
            8.747913
          ],
          [
            76.7180433,
            8.7475519
          ],
          [
            76.7180531,
            8.7473791
          ],
          [
            76.7180283,
            8.7473038
          ],
          [
            76.718009,
            8.7470875
          ],
          [
            76.7179939,
            8.7469921
          ],
          [
            76.7179103,
            8.7467885
          ],
          [
            76.7178725,
            8.7467214
          ]
        ]
      }
    },
    {
      "type": "Feature",
      "properties": {
        "id": "osm-way-985989533",
        "name": "Unnamed Road",
        "highway": "unclassified",
        "lanes": null,
        "width": 5.5,
        "type": "road"
      },
      "geometry": {
        "type": "LineString",
        "coordinates": [
          [
            76.7180531,
            8.7473791
          ],
          [
            76.7183351,
            8.747359
          ],
          [
            76.7184574,
            8.7473483
          ],
          [
            76.7184574,
            8.7472359
          ],
          [
            76.7184574,
            8.747096
          ],
          [
            76.7184682,
            8.7470514
          ],
          [
            76.7184939,
            8.7470323
          ],
          [
            76.7196258,
            8.7470948
          ]
        ]
      }
    },
    {
      "type": "Feature",
      "properties": {
        "id": "osm-way-985989984",
        "name": "Unnamed Road",
        "highway": "unclassified",
        "lanes": null,
        "width": 5.5,
        "type": "road"
      },
      "geometry": {
        "type": "LineString",
        "coordinates": [
          [
            76.7175566,
            8.746731
          ],
          [
            76.7172551,
            8.7466516
          ],
          [
            76.717028,
            8.7466264
          ],
          [
            76.7169158,
            8.7466137
          ],
          [
            76.7168622,
            8.746586
          ],
          [
            76.7168443,
            8.7465053
          ],
          [
            76.7167754,
            8.7462581
          ],
          [
            76.7167678,
            8.7461926
          ],
          [
            76.7167473,
            8.7461724
          ],
          [
            76.7166555,
            8.746185
          ],
          [
            76.7165279,
            8.7462152
          ],
          [
            76.716459,
            8.7462228
          ],
          [
            76.7164233,
            8.7461951
          ],
          [
            76.7161324,
            8.7455141
          ]
        ]
      }
    },
    {
      "type": "Feature",
      "properties": {
        "id": "osm-way-985990651",
        "name": "Unnamed Road",
        "highway": "unclassified",
        "lanes": null,
        "width": 5.5,
        "type": "road"
      },
      "geometry": {
        "type": "LineString",
        "coordinates": [
          [
            76.7177612,
            8.7464894
          ],
          [
            76.7175639,
            8.7459984
          ],
          [
            76.7174236,
            8.7456024
          ],
          [
            76.7174083,
            8.7455772
          ],
          [
            76.7172807,
            8.7456352
          ],
          [
            76.7170127,
            8.7457007
          ]
        ]
      }
    },
    {
      "type": "Feature",
      "properties": {
        "id": "osm-way-985990949",
        "name": "Unnamed Road",
        "highway": "unclassified",
        "lanes": null,
        "width": 5.5,
        "type": "road"
      },
      "geometry": {
        "type": "LineString",
        "coordinates": [
          [
            76.7152681,
            8.7440468
          ],
          [
            76.7155557,
            8.7440538
          ],
          [
            76.7156399,
            8.7440689
          ],
          [
            76.7156986,
            8.7441345
          ],
          [
            76.7158313,
            8.744243
          ],
          [
            76.7163969,
            8.7447191
          ]
        ]
      }
    },
    {
      "type": "Feature",
      "properties": {
        "id": "osm-way-985991047",
        "name": "Unnamed Road",
        "highway": "unclassified",
        "lanes": null,
        "width": 5.5,
        "type": "road"
      },
      "geometry": {
        "type": "LineString",
        "coordinates": [
          [
            76.716184,
            8.7436456
          ],
          [
            76.7162176,
            8.7436935
          ],
          [
            76.7163832,
            8.7438854
          ],
          [
            76.7172534,
            8.7447429
          ]
        ]
      }
    },
    {
      "type": "Feature",
      "properties": {
        "id": "osm-way-985991362",
        "name": "Unnamed Road",
        "highway": "unclassified",
        "lanes": null,
        "width": 5.5,
        "type": "road"
      },
      "geometry": {
        "type": "LineString",
        "coordinates": [
          [
            76.7173633,
            8.7433162
          ],
          [
            76.7174808,
            8.7433792
          ],
          [
            76.7177185,
            8.7434847
          ],
          [
            76.7182629,
            8.7437209
          ]
        ]
      }
    },
    {
      "type": "Feature",
      "properties": {
        "id": "osm-way-985991571",
        "name": "Unnamed Road",
        "highway": "unclassified",
        "lanes": null,
        "width": 5.5,
        "type": "road"
      },
      "geometry": {
        "type": "LineString",
        "coordinates": [
          [
            76.7174703,
            8.7429711
          ],
          [
            76.7181618,
            8.7431818
          ],
          [
            76.7186823,
            8.7432423
          ],
          [
            76.7189813,
            8.7433216
          ],
          [
            76.7190018,
            8.7431238
          ],
          [
            76.7190095,
            8.743014
          ],
          [
            76.7190138,
            8.7427642
          ]
        ]
      }
    },
    {
      "type": "Feature",
      "properties": {
        "id": "osm-way-985991987",
        "name": "Unnamed Road",
        "highway": "unclassified",
        "lanes": null,
        "width": 5.5,
        "type": "road"
      },
      "geometry": {
        "type": "LineString",
        "coordinates": [
          [
            76.7198366,
            8.7420254
          ],
          [
            76.719186,
            8.7420123
          ],
          [
            76.7187525,
            8.7419826
          ],
          [
            76.7187633,
            8.7418787
          ],
          [
            76.7187483,
            8.7416984
          ],
          [
            76.7182685,
            8.7416518
          ],
          [
            76.7177975,
            8.7415927
          ]
        ]
      }
    },
    {
      "type": "Feature",
      "properties": {
        "id": "osm-way-985992307",
        "name": "Unnamed Road",
        "highway": "unclassified",
        "lanes": null,
        "width": 5.5,
        "type": "road"
      },
      "geometry": {
        "type": "LineString",
        "coordinates": [
          [
            76.7187525,
            8.7419826
          ],
          [
            76.7187075,
            8.7420611
          ],
          [
            76.7185315,
            8.7421523
          ],
          [
            76.718274,
            8.7422011
          ],
          [
            76.7181799,
            8.7421883
          ],
          [
            76.7175337,
            8.7421183
          ]
        ]
      }
    },
    {
      "type": "Feature",
      "properties": {
        "id": "osm-way-985992385",
        "name": "Unnamed Road",
        "highway": "unclassified",
        "lanes": null,
        "width": 5.5,
        "type": "road"
      },
      "geometry": {
        "type": "LineString",
        "coordinates": [
          [
            76.7181799,
            8.7421883
          ],
          [
            76.7182685,
            8.7416518
          ]
        ]
      }
    },
    {
      "type": "Feature",
      "properties": {
        "id": "osm-way-985992420",
        "name": "Unnamed Road",
        "highway": "unclassified",
        "lanes": null,
        "width": 5.5,
        "type": "road"
      },
      "geometry": {
        "type": "LineString",
        "coordinates": [
          [
            76.7198186,
            8.7417482
          ],
          [
            76.7187483,
            8.7416984
          ]
        ]
      }
    },
    {
      "type": "Feature",
      "properties": {
        "id": "osm-way-985992999",
        "name": "Unnamed Road",
        "highway": "unclassified",
        "lanes": null,
        "width": 5.5,
        "type": "road"
      },
      "geometry": {
        "type": "LineString",
        "coordinates": [
          [
            76.7197436,
            8.7407176
          ],
          [
            76.7192118,
            8.7407024
          ],
          [
            76.7186989,
            8.7406721
          ],
          [
            76.7183774,
            8.7406519
          ],
          [
            76.7180533,
            8.7406166
          ],
          [
            76.7179283,
            8.740599
          ],
          [
            76.7178364,
            8.7406015
          ],
          [
            76.7177548,
            8.7406494
          ]
        ]
      }
    },
    {
      "type": "Feature",
      "properties": {
        "id": "osm-way-985993287",
        "name": "Unnamed Road",
        "highway": "unclassified",
        "lanes": null,
        "width": 5.5,
        "type": "road"
      },
      "geometry": {
        "type": "LineString",
        "coordinates": [
          [
            76.7164767,
            8.7407747
          ],
          [
            76.7164991,
            8.7407452
          ],
          [
            76.716545,
            8.7405931
          ],
          [
            76.7165785,
            8.7405286
          ],
          [
            76.7170054,
            8.7406241
          ]
        ]
      }
    },
    {
      "type": "Feature",
      "properties": {
        "id": "osm-way-985993590",
        "name": "Unnamed Road",
        "highway": "residential",
        "lanes": null,
        "width": 5.5,
        "type": "road"
      },
      "geometry": {
        "type": "LineString",
        "coordinates": [
          [
            76.7161045,
            8.7397709
          ],
          [
            76.7157261,
            8.7397389
          ],
          [
            76.7151749,
            8.7396734
          ]
        ]
      }
    },
    {
      "type": "Feature",
      "properties": {
        "id": "osm-way-985994033",
        "name": "Unnamed Road",
        "highway": "unclassified",
        "lanes": null,
        "width": 5.5,
        "type": "road"
      },
      "geometry": {
        "type": "LineString",
        "coordinates": [
          [
            76.7147612,
            8.73944
          ],
          [
            76.7148432,
            8.739401
          ],
          [
            76.7150499,
            8.7393909
          ],
          [
            76.7151749,
            8.7393934
          ],
          [
            76.7152693,
            8.7394413
          ],
          [
            76.7153535,
            8.7394388
          ],
          [
            76.715522,
            8.7393934
          ],
          [
            76.715647,
            8.7392824
          ],
          [
            76.7158154,
            8.7391513
          ],
          [
            76.7159813,
            8.739068
          ],
          [
            76.7162543,
            8.7389999
          ]
        ]
      }
    },
    {
      "type": "Feature",
      "properties": {
        "id": "osm-way-985994768",
        "name": "Unnamed Road",
        "highway": "residential",
        "lanes": null,
        "width": 5.5,
        "type": "road"
      },
      "geometry": {
        "type": "LineString",
        "coordinates": [
          [
            76.7156874,
            8.7371865
          ],
          [
            76.7154244,
            8.7372854
          ],
          [
            76.7152463,
            8.7373257
          ],
          [
            76.7150876,
            8.7373299
          ],
          [
            76.7148773,
            8.7372621
          ],
          [
            76.7146571,
            8.7371077
          ],
          [
            76.7144267,
            8.7369461
          ],
          [
            76.7143728,
            8.7369943
          ],
          [
            76.7142996,
            8.7373005
          ],
          [
            76.7141958,
            8.7375765
          ]
        ]
      }
    },
    {
      "type": "Feature",
      "properties": {
        "id": "osm-way-985995429",
        "name": "Unnamed Road",
        "highway": "unclassified",
        "lanes": null,
        "width": 5.5,
        "type": "road"
      },
      "geometry": {
        "type": "LineString",
        "coordinates": [
          [
            76.7161793,
            8.7357197
          ],
          [
            76.7162698,
            8.7358794
          ],
          [
            76.716383,
            8.7360156
          ],
          [
            76.7167076,
            8.7362844
          ],
          [
            76.7170949,
            8.7365531
          ],
          [
            76.7173182,
            8.7367424
          ],
          [
            76.7174129,
            8.7368039
          ],
          [
            76.7174733,
            8.7367766
          ],
          [
            76.7176227,
            8.7366175
          ],
          [
            76.7177646,
            8.7364659
          ],
          [
            76.7178194,
            8.7364022
          ],
          [
            76.7178439,
            8.736346
          ],
          [
            76.717875,
            8.7363031
          ],
          [
            76.7179365,
            8.736181
          ],
          [
            76.7179905,
            8.7361214
          ],
          [
            76.7181321,
            8.7359917
          ],
          [
            76.7182446,
            8.7358522
          ],
          [
            76.7184137,
            8.7356796
          ],
          [
            76.7185646,
            8.7355056
          ],
          [
            76.7186736,
            8.7354489
          ]
        ]
      }
    },
    {
      "type": "Feature",
      "properties": {
        "id": "osm-way-985996594",
        "name": "Unnamed Road",
        "highway": "unclassified",
        "lanes": null,
        "width": 5.5,
        "type": "road"
      },
      "geometry": {
        "type": "LineString",
        "coordinates": [
          [
            76.7221763,
            8.7333883
          ],
          [
            76.7222259,
            8.7330157
          ],
          [
            76.7221441,
            8.7327824
          ],
          [
            76.7220591,
            8.7325687
          ],
          [
            76.7219444,
            8.73233
          ],
          [
            76.7219082,
            8.7322843
          ],
          [
            76.7217318,
            8.7320619
          ],
          [
            76.7216766,
            8.731971
          ],
          [
            76.721577,
            8.7317029
          ],
          [
            76.7215282,
            8.7315666
          ],
          [
            76.721431,
            8.7313312
          ]
        ]
      }
    },
    {
      "type": "Feature",
      "properties": {
        "id": "osm-way-985997123",
        "name": "Unnamed Road",
        "highway": "unclassified",
        "lanes": null,
        "width": 5.5,
        "type": "road"
      },
      "geometry": {
        "type": "LineString",
        "coordinates": [
          [
            76.7208815,
            8.7284538
          ],
          [
            76.7209009,
            8.7286214
          ],
          [
            76.7209538,
            8.7289903
          ],
          [
            76.7209717,
            8.729152
          ],
          [
            76.7209789,
            8.7293064
          ],
          [
            76.7209688,
            8.7293972
          ],
          [
            76.7209171,
            8.729605
          ],
          [
            76.7209162,
            8.7296707
          ],
          [
            76.7209287,
            8.7298382
          ],
          [
            76.720969,
            8.7301268
          ],
          [
            76.7210424,
            8.730409
          ],
          [
            76.7210493,
            8.7304288
          ],
          [
            76.7211268,
            8.7306512
          ],
          [
            76.7211552,
            8.7307299
          ],
          [
            76.7211813,
            8.730774
          ],
          [
            76.7212518,
            8.7308929
          ],
          [
            76.721431,
            8.7313312
          ]
        ]
      }
    },
    {
      "type": "Feature",
      "properties": {
        "id": "osm-way-1163857945",
        "name": "PUBLIC ROAD",
        "highway": "unclassified",
        "lanes": null,
        "width": 5.5,
        "type": "road"
      },
      "geometry": {
        "type": "LineString",
        "coordinates": [
          [
            76.7121569,
            8.7422893
          ],
          [
            76.7121399,
            8.7423771
          ],
          [
            76.7121173,
            8.742525
          ],
          [
            76.7121001,
            8.7426692
          ],
          [
            76.7120905,
            8.7427569
          ],
          [
            76.7120737,
            8.7428735
          ],
          [
            76.712062,
            8.7429671
          ],
          [
            76.7120525,
            8.7430476
          ],
          [
            76.712042,
            8.7431467
          ],
          [
            76.7120356,
            8.7432593
          ],
          [
            76.7120344,
            8.7434975
          ],
          [
            76.7120305,
            8.7436168
          ],
          [
            76.7120197,
            8.743795
          ],
          [
            76.7120154,
            8.7438876
          ],
          [
            76.7120136,
            8.7439353
          ],
          [
            76.7120126,
            8.7439439
          ],
          [
            76.7120105,
            8.743952
          ],
          [
            76.7120067,
            8.7439601
          ],
          [
            76.7120023,
            8.7439671
          ],
          [
            76.711996,
            8.7439742
          ],
          [
            76.7119895,
            8.7439795
          ],
          [
            76.7119789,
            8.7439842
          ],
          [
            76.7119679,
            8.7439868
          ],
          [
            76.7119577,
            8.7439877
          ],
          [
            76.711947,
            8.743987
          ],
          [
            76.7119363,
            8.7439846
          ],
          [
            76.7119261,
            8.7439803
          ],
          [
            76.7119019,
            8.7439726
          ],
          [
            76.7117573,
            8.7439242
          ],
          [
            76.7117441,
            8.7439229
          ],
          [
            76.7117314,
            8.7439239
          ],
          [
            76.7117194,
            8.7439267
          ],
          [
            76.7117074,
            8.7439316
          ],
          [
            76.7117,
            8.743936
          ],
          [
            76.7116927,
            8.743942
          ],
          [
            76.7116868,
            8.7439489
          ],
          [
            76.7116822,
            8.7439561
          ],
          [
            76.7116788,
            8.7439644
          ],
          [
            76.7116766,
            8.7439727
          ],
          [
            76.7116734,
            8.7440108
          ],
          [
            76.7116738,
            8.7440393
          ],
          [
            76.7116724,
            8.7440891
          ],
          [
            76.7116655,
            8.7441389
          ],
          [
            76.7116493,
            8.7442335
          ],
          [
            76.711642,
            8.7442881
          ],
          [
            76.7116353,
            8.7443417
          ],
          [
            76.7116332,
            8.7443628
          ],
          [
            76.7116323,
            8.7443673
          ],
          [
            76.7116276,
            8.7443969
          ],
          [
            76.7116112,
            8.744464
          ],
          [
            76.7116024,
            8.7444991
          ],
          [
            76.7115708,
            8.7446007
          ]
        ]
      }
    },
    {
      "type": "Feature",
      "properties": {
        "id": "osm-way-1164074733",
        "name": "PUBLIC ROAD",
        "highway": "unclassified",
        "lanes": null,
        "width": 5.5,
        "type": "road"
      },
      "geometry": {
        "type": "LineString",
        "coordinates": [
          [
            76.7236111,
            8.730836
          ],
          [
            76.7236704,
            8.7308355
          ],
          [
            76.7237328,
            8.7308397
          ],
          [
            76.7237692,
            8.7308446
          ],
          [
            76.7238047,
            8.730854
          ],
          [
            76.7238358,
            8.7308666
          ],
          [
            76.7238793,
            8.7308862
          ],
          [
            76.7239467,
            8.7309234
          ],
          [
            76.7240275,
            8.730968
          ],
          [
            76.7240575,
            8.7309847
          ],
          [
            76.7241127,
            8.7310108
          ],
          [
            76.7242474,
            8.7310848
          ],
          [
            76.7242942,
            8.7311086
          ],
          [
            76.7243354,
            8.7311291
          ],
          [
            76.7243938,
            8.7311575
          ],
          [
            76.7244125,
            8.7311666
          ],
          [
            76.7244866,
            8.7311997
          ],
          [
            76.7244986,
            8.7312051
          ],
          [
            76.7245053,
            8.7312074
          ],
          [
            76.7245116,
            8.7312083
          ],
          [
            76.7245179,
            8.7312084
          ],
          [
            76.7245239,
            8.7312077
          ],
          [
            76.724528,
            8.7312062
          ],
          [
            76.7245325,
            8.731204
          ],
          [
            76.7245359,
            8.7312016
          ],
          [
            76.7245387,
            8.7311987
          ],
          [
            76.7245451,
            8.7311901
          ],
          [
            76.7245494,
            8.7311823
          ],
          [
            76.7245572,
            8.7311661
          ],
          [
            76.7245728,
            8.7311334
          ],
          [
            76.7245826,
            8.7311129
          ],
          [
            76.7246099,
            8.7310418
          ],
          [
            76.724624,
            8.7310038
          ],
          [
            76.7246333,
            8.7309792
          ],
          [
            76.7246644,
            8.7309135
          ],
          [
            76.7246777,
            8.7308856
          ],
          [
            76.7246959,
            8.7308471
          ],
          [
            76.7247242,
            8.7307941
          ],
          [
            76.7247581,
            8.7307418
          ],
          [
            76.7247673,
            8.7307341
          ],
          [
            76.724778,
            8.7307295
          ],
          [
            76.7247853,
            8.7307278
          ],
          [
            76.7247939,
            8.7307272
          ],
          [
            76.7248007,
            8.7307282
          ],
          [
            76.7248078,
            8.7307297
          ],
          [
            76.7248153,
            8.7307327
          ],
          [
            76.7248203,
            8.7307356
          ],
          [
            76.724826,
            8.7307386
          ],
          [
            76.7248978,
            8.7307783
          ],
          [
            76.7249414,
            8.7308002
          ],
          [
            76.724964,
            8.7308118
          ],
          [
            76.7249954,
            8.7308278
          ],
          [
            76.7250322,
            8.7308468
          ],
          [
            76.7250539,
            8.7308583
          ],
          [
            76.7251347,
            8.7308935
          ],
          [
            76.7252142,
            8.7309223
          ],
          [
            76.7252321,
            8.7309253
          ],
          [
            76.7252698,
            8.7309271
          ],
          [
            76.7252864,
            8.73093
          ],
          [
            76.725303,
            8.7309354
          ],
          [
            76.7253571,
            8.7309608
          ],
          [
            76.7253687,
            8.7309657
          ],
          [
            76.7253789,
            8.7309669
          ],
          [
            76.725388,
            8.7309672
          ],
          [
            76.7254017,
            8.7309662
          ],
          [
            76.7254166,
            8.7309603
          ],
          [
            76.7254282,
            8.7309531
          ],
          [
            76.7254646,
            8.7309236
          ],
          [
            76.725469,
            8.7309197
          ],
          [
            76.7254755,
            8.7309153
          ],
          [
            76.7254812,
            8.7309128
          ],
          [
            76.7254898,
            8.7309105
          ],
          [
            76.7254953,
            8.7309105
          ],
          [
            76.7255031,
            8.7309107
          ],
          [
            76.7255098,
            8.7309125
          ],
          [
            76.7255184,
            8.7309164
          ],
          [
            76.7255251,
            8.7309207
          ],
          [
            76.7255657,
            8.7309539
          ],
          [
            76.7255844,
            8.7309695
          ],
          [
            76.7256161,
            8.7309978
          ],
          [
            76.7256509,
            8.7310309
          ],
          [
            76.7256685,
            8.7310483
          ],
          [
            76.7256797,
            8.7310563
          ],
          [
            76.7256906,
            8.7310635
          ],
          [
            76.7257052,
            8.7310712
          ],
          [
            76.7257213,
            8.7310768
          ],
          [
            76.725739,
            8.7310804
          ],
          [
            76.7257569,
            8.7310848
          ],
          [
            76.725779,
            8.7310971
          ],
          [
            76.7257878,
            8.7311043
          ],
          [
            76.7258036,
            8.731121
          ],
          [
            76.7258086,
            8.7311279
          ],
          [
            76.7258275,
            8.7311529
          ],
          [
            76.7259447,
            8.7313167
          ],
          [
            76.7259761,
            8.7313614
          ],
          [
            76.7259977,
            8.7313924
          ],
          [
            76.7260185,
            8.7314212
          ],
          [
            76.7260393,
            8.7314476
          ],
          [
            76.7260489,
            8.7314564
          ],
          [
            76.7260606,
            8.731463
          ],
          [
            76.726072,
            8.7314682
          ],
          [
            76.7260837,
            8.7314715
          ],
          [
            76.7260954,
            8.7314728
          ],
          [
            76.7261092,
            8.7314723
          ],
          [
            76.7261216,
            8.73147
          ],
          [
            76.7261323,
            8.7314654
          ],
          [
            76.7261629,
            8.7314528
          ],
          [
            76.7261764,
            8.7314474
          ],
          [
            76.7261829,
            8.7314448
          ],
          [
            76.7261918,
            8.7314443
          ],
          [
            76.7261996,
            8.7314458
          ],
          [
            76.7262074,
            8.7314515
          ],
          [
            76.726211,
            8.7314559
          ],
          [
            76.7262268,
            8.731481
          ],
          [
            76.7263149,
            8.731614
          ],
          [
            76.7263586,
            8.7316779
          ],
          [
            76.7263625,
            8.7316867
          ],
          [
            76.7263652,
            8.731696
          ],
          [
            76.7263669,
            8.7317058
          ],
          [
            76.7263673,
            8.7317124
          ],
          [
            76.726367,
            8.7317198
          ],
          [
            76.7263657,
            8.7317281
          ],
          [
            76.726359,
            8.7317471
          ],
          [
            76.7263573,
            8.7317575
          ],
          [
            76.726357,
            8.7317689
          ],
          [
            76.7263585,
            8.7317791
          ],
          [
            76.7263616,
            8.7317894
          ],
          [
            76.7263665,
            8.731799
          ],
          [
            76.7263926,
            8.7318409
          ],
          [
            76.726399,
            8.731851
          ],
          [
            76.7264074,
            8.7318626
          ],
          [
            76.7264177,
            8.7318733
          ],
          [
            76.7264299,
            8.7318825
          ],
          [
            76.7264797,
            8.7319077
          ],
          [
            76.7265611,
            8.7319475
          ],
          [
            76.7265917,
            8.7319626
          ],
          [
            76.7266512,
            8.7319903
          ],
          [
            76.7267066,
            8.7320162
          ],
          [
            76.726726,
            8.7320245
          ],
          [
            76.7267588,
            8.7320385
          ],
          [
            76.7268097,
            8.7320602
          ],
          [
            76.7268432,
            8.7320745
          ],
          [
            76.7268979,
            8.7320892
          ],
          [
            76.7269563,
            8.7321011
          ],
          [
            76.7271233,
            8.7321167
          ],
          [
            76.7272021,
            8.732125
          ],
          [
            76.72728,
            8.7321378
          ],
          [
            76.7272943,
            8.7321398
          ],
          [
            76.7273412,
            8.7321391
          ],
          [
            76.727385,
            8.7321326
          ],
          [
            76.7274381,
            8.732119
          ],
          [
            76.7275649,
            8.7320927
          ]
        ]
      }
    },
    {
      "type": "Feature",
      "properties": {
        "id": "osm-way-1166035257",
        "name": "Unnamed Road",
        "highway": "unclassified",
        "lanes": null,
        "width": 5.5,
        "type": "road"
      },
      "geometry": {
        "type": "LineString",
        "coordinates": [
          [
            76.7223851,
            8.7410743
          ],
          [
            76.7223829,
            8.7410707
          ],
          [
            76.7223727,
            8.7410592
          ],
          [
            76.7223621,
            8.7410504
          ],
          [
            76.7223488,
            8.7410426
          ],
          [
            76.7223342,
            8.7410373
          ],
          [
            76.7221983,
            8.7410103
          ],
          [
            76.7221436,
            8.740999
          ],
          [
            76.7220886,
            8.7409871
          ],
          [
            76.7220318,
            8.740975
          ],
          [
            76.7219775,
            8.7409643
          ],
          [
            76.7219623,
            8.7409615
          ],
          [
            76.721926,
            8.7409559
          ],
          [
            76.7219136,
            8.740954
          ],
          [
            76.7218596,
            8.7409488
          ],
          [
            76.7218238,
            8.7409431
          ],
          [
            76.7218078,
            8.7409405
          ],
          [
            76.7217356,
            8.740925
          ],
          [
            76.7217076,
            8.7409192
          ],
          [
            76.721656,
            8.740909
          ],
          [
            76.721616,
            8.7409023
          ],
          [
            76.7215708,
            8.7408952
          ],
          [
            76.721539,
            8.74089
          ],
          [
            76.7215386,
            8.7408899
          ],
          [
            76.7215009,
            8.7408847
          ],
          [
            76.7214581,
            8.7408787
          ],
          [
            76.7214082,
            8.7408732
          ],
          [
            76.7213684,
            8.7408687
          ],
          [
            76.7213134,
            8.7408606
          ],
          [
            76.7212805,
            8.7408565
          ],
          [
            76.721208,
            8.7408484
          ],
          [
            76.7211481,
            8.7408417
          ],
          [
            76.7210857,
            8.7408346
          ],
          [
            76.7210602,
            8.7408318
          ],
          [
            76.7210489,
            8.7408296
          ],
          [
            76.7210383,
            8.7408255
          ],
          [
            76.7210285,
            8.7408199
          ],
          [
            76.7210196,
            8.7408125
          ],
          [
            76.7210124,
            8.7408041
          ],
          [
            76.7210064,
            8.7407942
          ],
          [
            76.7210021,
            8.740784
          ],
          [
            76.7209996,
            8.7407432
          ],
          [
            76.7209991,
            8.7407031
          ],
          [
            76.7209979,
            8.7406835
          ],
          [
            76.720995,
            8.7406407
          ],
          [
            76.7209919,
            8.7405913
          ],
          [
            76.7209815,
            8.7404926
          ],
          [
            76.720976,
            8.7404387
          ],
          [
            76.7209695,
            8.740388
          ],
          [
            76.7209501,
            8.7402262
          ],
          [
            76.7209493,
            8.7401993
          ],
          [
            76.7209514,
            8.7401739
          ],
          [
            76.7209624,
            8.7401152
          ],
          [
            76.7209659,
            8.7401039
          ],
          [
            76.7209715,
            8.7400923
          ],
          [
            76.7209792,
            8.7400821
          ],
          [
            76.7209884,
            8.7400721
          ],
          [
            76.7209982,
            8.7400649
          ],
          [
            76.7210092,
            8.7400586
          ],
          [
            76.721022,
            8.7400541
          ],
          [
            76.7210763,
            8.7400431
          ],
          [
            76.7211843,
            8.7400299
          ],
          [
            76.7212811,
            8.7400189
          ],
          [
            76.7213634,
            8.7400095
          ],
          [
            76.7214371,
            8.7399962
          ],
          [
            76.7215197,
            8.7399795
          ],
          [
            76.7215971,
            8.7399637
          ],
          [
            76.7216618,
            8.7399499
          ],
          [
            76.7217662,
            8.7399282
          ],
          [
            76.7218051,
            8.7399198
          ]
        ]
      }
    },
    {
      "type": "Feature",
      "properties": {
        "id": "osm-way-1166035882",
        "name": "Unnamed Road",
        "highway": "unclassified",
        "lanes": null,
        "width": 5.5,
        "type": "road"
      },
      "geometry": {
        "type": "LineString",
        "coordinates": [
          [
            76.7235095,
            8.7395728
          ],
          [
            76.7234563,
            8.7395871
          ],
          [
            76.7234022,
            8.7395963
          ],
          [
            76.7233321,
            8.7396025
          ],
          [
            76.7233182,
            8.7396062
          ],
          [
            76.7233044,
            8.7396125
          ],
          [
            76.723292,
            8.739621
          ],
          [
            76.7232814,
            8.7396317
          ],
          [
            76.7232727,
            8.7396435
          ],
          [
            76.7232372,
            8.7397129
          ],
          [
            76.723216,
            8.7397509
          ],
          [
            76.723194,
            8.7397905
          ],
          [
            76.7231818,
            8.7398124
          ],
          [
            76.7231621,
            8.7398473
          ],
          [
            76.7231148,
            8.7399276
          ],
          [
            76.7230852,
            8.7399778
          ],
          [
            76.7230325,
            8.7400829
          ],
          [
            76.723015,
            8.740117
          ],
          [
            76.7229375,
            8.740252
          ],
          [
            76.7228956,
            8.7403239
          ]
        ]
      }
    },
    {
      "type": "Feature",
      "properties": {
        "id": "osm-way-1166036928",
        "name": "Unnamed Road",
        "highway": "unclassified",
        "lanes": null,
        "width": 5.5,
        "type": "road"
      },
      "geometry": {
        "type": "LineString",
        "coordinates": [
          [
            76.721539,
            8.74089
          ],
          [
            76.7215257,
            8.7409359
          ],
          [
            76.7215145,
            8.7409754
          ],
          [
            76.7215082,
            8.7409986
          ],
          [
            76.7215,
            8.7410336
          ],
          [
            76.7214971,
            8.7410464
          ],
          [
            76.7214874,
            8.7410947
          ],
          [
            76.7214784,
            8.7411378
          ],
          [
            76.7214704,
            8.7411741
          ],
          [
            76.7214639,
            8.7412045
          ],
          [
            76.7214547,
            8.7412406
          ],
          [
            76.7214442,
            8.741283
          ],
          [
            76.72143,
            8.7413391
          ]
        ]
      }
    },
    {
      "type": "Feature",
      "properties": {
        "id": "osm-way-1166037092",
        "name": "Unnamed Road",
        "highway": "unclassified",
        "lanes": null,
        "width": 5.5,
        "type": "road"
      },
      "geometry": {
        "type": "LineString",
        "coordinates": [
          [
            76.7218238,
            8.7409431
          ],
          [
            76.7218341,
            8.7408988
          ],
          [
            76.7218381,
            8.7408579
          ],
          [
            76.7218435,
            8.7407883
          ],
          [
            76.7218444,
            8.7407862
          ],
          [
            76.7218458,
            8.740784
          ],
          [
            76.7218476,
            8.7407818
          ],
          [
            76.7218498,
            8.7407804
          ],
          [
            76.7218517,
            8.7407793
          ],
          [
            76.7218536,
            8.7407785
          ],
          [
            76.7218562,
            8.7407775
          ],
          [
            76.7218956,
            8.7407786
          ],
          [
            76.7219298,
            8.7407798
          ]
        ]
      }
    },
    {
      "type": "Feature",
      "properties": {
        "id": "osm-way-1166037572",
        "name": "Unnamed Road",
        "highway": "unclassified",
        "lanes": null,
        "width": 5.5,
        "type": "road"
      },
      "geometry": {
        "type": "LineString",
        "coordinates": [
          [
            76.7228956,
            8.7403239
          ],
          [
            76.7228599,
            8.7403752
          ],
          [
            76.7228451,
            8.7403976
          ],
          [
            76.7228391,
            8.7404068
          ],
          [
            76.7228256,
            8.7404272
          ],
          [
            76.7228158,
            8.7404419
          ],
          [
            76.722804,
            8.7404598
          ],
          [
            76.7227929,
            8.7404766
          ],
          [
            76.7227798,
            8.7404965
          ],
          [
            76.7227587,
            8.7405286
          ],
          [
            76.7227355,
            8.7405637
          ],
          [
            76.7227229,
            8.7405829
          ],
          [
            76.7227098,
            8.7406029
          ],
          [
            76.722692,
            8.74063
          ],
          [
            76.7226775,
            8.7406518
          ],
          [
            76.722652,
            8.7406921
          ],
          [
            76.7226384,
            8.7407135
          ],
          [
            76.7226236,
            8.7407367
          ],
          [
            76.7226092,
            8.740759
          ],
          [
            76.7225957,
            8.7407801
          ],
          [
            76.7225615,
            8.7408349
          ],
          [
            76.7225408,
            8.7408659
          ],
          [
            76.7224634,
            8.7409703
          ],
          [
            76.7223851,
            8.7410743
          ]
        ]
      }
    },
    {
      "type": "Feature",
      "properties": {
        "id": "osm-way-1166038093",
        "name": "Unnamed Road",
        "highway": "unclassified",
        "lanes": null,
        "width": 5.5,
        "type": "road"
      },
      "geometry": {
        "type": "LineString",
        "coordinates": [
          [
            76.7225367,
            8.7412396
          ],
          [
            76.7224912,
            8.7412086
          ],
          [
            76.7224571,
            8.7411775
          ],
          [
            76.7224241,
            8.7411387
          ],
          [
            76.7223851,
            8.7410743
          ]
        ]
      }
    },
    {
      "type": "Feature",
      "properties": {
        "id": "osm-way-1166038867",
        "name": "Unnamed Road",
        "highway": "unclassified",
        "lanes": null,
        "width": 5.5,
        "type": "road"
      },
      "geometry": {
        "type": "LineString",
        "coordinates": [
          [
            76.7235636,
            8.7396021
          ],
          [
            76.7235095,
            8.7395728
          ],
          [
            76.7234922,
            8.7395634
          ],
          [
            76.723418,
            8.7395295
          ],
          [
            76.7233256,
            8.7394974
          ],
          [
            76.7232629,
            8.7394757
          ],
          [
            76.7232539,
            8.7394707
          ],
          [
            76.7232462,
            8.7394649
          ],
          [
            76.7232391,
            8.7394574
          ],
          [
            76.7232334,
            8.7394489
          ],
          [
            76.7232293,
            8.7394404
          ],
          [
            76.7231542,
            8.7392479
          ],
          [
            76.7231333,
            8.7391935
          ],
          [
            76.7231222,
            8.7391648
          ],
          [
            76.7231123,
            8.7391394
          ],
          [
            76.7230998,
            8.7391069
          ],
          [
            76.7230795,
            8.7390518
          ],
          [
            76.7230622,
            8.7390053
          ],
          [
            76.7230501,
            8.7389748
          ],
          [
            76.7230437,
            8.7389595
          ],
          [
            76.7230324,
            8.738933
          ],
          [
            76.7230169,
            8.7388973
          ],
          [
            76.7230042,
            8.7388673
          ],
          [
            76.7229786,
            8.7388055
          ],
          [
            76.7229703,
            8.7387858
          ],
          [
            76.7229481,
            8.7387253
          ],
          [
            76.7229351,
            8.7386901
          ],
          [
            76.7229226,
            8.7386519
          ],
          [
            76.722911,
            8.7386169
          ],
          [
            76.7228962,
            8.7385751
          ],
          [
            76.722876,
            8.7385273
          ],
          [
            76.7228633,
            8.738499
          ],
          [
            76.7228439,
            8.738454
          ],
          [
            76.7228364,
            8.7384365
          ],
          [
            76.7228146,
            8.7383793
          ],
          [
            76.7228119,
            8.7383746
          ],
          [
            76.7228083,
            8.7383705
          ],
          [
            76.7228048,
            8.7383673
          ],
          [
            76.7228021,
            8.7383655
          ],
          [
            76.7228001,
            8.7383642
          ],
          [
            76.7227947,
            8.7383621
          ],
          [
            76.7227895,
            8.738361
          ],
          [
            76.7227844,
            8.7383605
          ],
          [
            76.7227791,
            8.7383609
          ],
          [
            76.7227331,
            8.7383844
          ],
          [
            76.7226923,
            8.738406
          ],
          [
            76.7226637,
            8.738422
          ],
          [
            76.7226139,
            8.7384505
          ],
          [
            76.7226003,
            8.7384581
          ],
          [
            76.7225529,
            8.7384881
          ],
          [
            76.7225236,
            8.7385095
          ],
          [
            76.7225038,
            8.7385206
          ],
          [
            76.7224719,
            8.7385357
          ],
          [
            76.7224367,
            8.7385485
          ],
          [
            76.722419,
            8.7385529
          ],
          [
            76.7223946,
            8.7385601
          ],
          [
            76.7223709,
            8.7385708
          ],
          [
            76.7222938,
            8.7386094
          ],
          [
            76.722236,
            8.7386382
          ],
          [
            76.7222023,
            8.738655
          ],
          [
            76.7221714,
            8.7386703
          ]
        ]
      }
    },
    {
      "type": "Feature",
      "properties": {
        "id": "osm-way-1166054984",
        "name": "Unnamed Road",
        "highway": "unclassified",
        "lanes": null,
        "width": 5.5,
        "type": "road"
      },
      "geometry": {
        "type": "LineString",
        "coordinates": [
          [
            76.7223709,
            8.7385708
          ],
          [
            76.7223688,
            8.7385663
          ],
          [
            76.7223477,
            8.7385136
          ],
          [
            76.7223278,
            8.7384633
          ],
          [
            76.7223185,
            8.7384389
          ],
          [
            76.7222995,
            8.7383884
          ],
          [
            76.7222873,
            8.7383557
          ],
          [
            76.7222672,
            8.7383024
          ],
          [
            76.7222317,
            8.7382139
          ],
          [
            76.7222241,
            8.7382039
          ],
          [
            76.7222151,
            8.7381957
          ],
          [
            76.7222041,
            8.7381889
          ],
          [
            76.7221935,
            8.7381843
          ],
          [
            76.7221811,
            8.7381807
          ],
          [
            76.7221619,
            8.7381741
          ],
          [
            76.7221441,
            8.7381643
          ],
          [
            76.7221281,
            8.7381519
          ]
        ]
      }
    },
    {
      "type": "Feature",
      "properties": {
        "id": "osm-way-1166066672",
        "name": "Unnamed Road",
        "highway": "unclassified",
        "lanes": null,
        "width": 5.5,
        "type": "road"
      },
      "geometry": {
        "type": "LineString",
        "coordinates": [
          [
            76.7219412,
            8.7391066
          ],
          [
            76.7219243,
            8.7390571
          ],
          [
            76.7218871,
            8.7389432
          ],
          [
            76.7218805,
            8.7389227
          ],
          [
            76.7218653,
            8.7388767
          ],
          [
            76.7218453,
            8.7388149
          ],
          [
            76.7218227,
            8.7387457
          ],
          [
            76.7217658,
            8.7385716
          ]
        ]
      }
    },
    {
      "type": "Feature",
      "properties": {
        "id": "osm-way-1166067446",
        "name": "Unnamed Road",
        "highway": "unclassified",
        "lanes": null,
        "width": 5.5,
        "type": "road"
      },
      "geometry": {
        "type": "LineString",
        "coordinates": [
          [
            76.7220843,
            8.7391748
          ],
          [
            76.7222521,
            8.7391264
          ]
        ]
      }
    },
    {
      "type": "Feature",
      "properties": {
        "id": "osm-way-1166067606",
        "name": "Unnamed Road",
        "highway": "unclassified",
        "lanes": null,
        "width": 5.5,
        "type": "road"
      },
      "geometry": {
        "type": "LineString",
        "coordinates": [
          [
            76.722108,
            8.7393095
          ],
          [
            76.7223215,
            8.7392625
          ]
        ]
      }
    },
    {
      "type": "Feature",
      "properties": {
        "id": "osm-way-1166086667",
        "name": "Unnamed Road",
        "highway": "unclassified",
        "lanes": null,
        "width": 5.5,
        "type": "road"
      },
      "geometry": {
        "type": "LineString",
        "coordinates": [
          [
            76.7221283,
            8.7394338
          ],
          [
            76.7220142,
            8.7394733
          ],
          [
            76.7218145,
            8.7395576
          ],
          [
            76.7217483,
            8.7395879
          ]
        ]
      }
    },
    {
      "type": "Feature",
      "properties": {
        "id": "osm-way-1166086740",
        "name": "Unnamed Road",
        "highway": "unclassified",
        "lanes": null,
        "width": 5.5,
        "type": "road"
      },
      "geometry": {
        "type": "LineString",
        "coordinates": [
          [
            76.7221795,
            8.7397718
          ],
          [
            76.7224057,
            8.7397118
          ],
          [
            76.7225591,
            8.7396651
          ]
        ]
      }
    },
    {
      "type": "Feature",
      "properties": {
        "id": "osm-way-1166087883",
        "name": "Unnamed Road",
        "highway": "unclassified",
        "lanes": null,
        "width": 5.5,
        "type": "road"
      },
      "geometry": {
        "type": "LineString",
        "coordinates": [
          [
            76.7243182,
            8.7382986
          ],
          [
            76.7242416,
            8.738257
          ],
          [
            76.7241839,
            8.7382261
          ],
          [
            76.7241375,
            8.738206
          ],
          [
            76.7240872,
            8.7381895
          ],
          [
            76.7240525,
            8.7381824
          ],
          [
            76.7239244,
            8.7381717
          ],
          [
            76.7239115,
            8.7381686
          ],
          [
            76.7239,
            8.7381659
          ],
          [
            76.7238718,
            8.7381563
          ],
          [
            76.7238466,
            8.7381451
          ],
          [
            76.7238289,
            8.7381344
          ],
          [
            76.7238113,
            8.7381213
          ],
          [
            76.7237475,
            8.7380653
          ],
          [
            76.7237293,
            8.7380518
          ],
          [
            76.7237087,
            8.7380412
          ],
          [
            76.7236883,
            8.7380341
          ],
          [
            76.7236675,
            8.7380291
          ],
          [
            76.7236538,
            8.7380238
          ],
          [
            76.7236412,
            8.738016
          ],
          [
            76.7236304,
            8.7380065
          ],
          [
            76.7236214,
            8.7379952
          ]
        ]
      }
    },
    {
      "type": "Feature",
      "properties": {
        "id": "osm-way-1166089516",
        "name": "Unnamed Road",
        "highway": "unclassified",
        "lanes": null,
        "width": 5.5,
        "type": "road"
      },
      "geometry": {
        "type": "LineString",
        "coordinates": [
          [
            76.7239115,
            8.7381686
          ],
          [
            76.723818,
            8.7381897
          ],
          [
            76.7237216,
            8.7382039
          ],
          [
            76.7236762,
            8.7382087
          ],
          [
            76.7236235,
            8.7382142
          ],
          [
            76.7235812,
            8.7382185
          ],
          [
            76.7235283,
            8.738224
          ],
          [
            76.7234757,
            8.7382295
          ],
          [
            76.72342,
            8.7382344
          ],
          [
            76.723364,
            8.7382393
          ],
          [
            76.7233358,
            8.738242
          ]
        ]
      }
    },
    {
      "type": "Feature",
      "properties": {
        "id": "osm-way-1166092546",
        "name": "Unnamed Road",
        "highway": "unclassified",
        "lanes": null,
        "width": 5.5,
        "type": "road"
      },
      "geometry": {
        "type": "LineString",
        "coordinates": [
          [
            76.7241761,
            8.7385843
          ],
          [
            76.7240947,
            8.7385345
          ],
          [
            76.7240911,
            8.7385325
          ],
          [
            76.7240079,
            8.738489
          ],
          [
            76.7239697,
            8.7384719
          ],
          [
            76.72392,
            8.7384572
          ],
          [
            76.7239106,
            8.7384564
          ],
          [
            76.7239014,
            8.7384572
          ],
          [
            76.7238923,
            8.7384597
          ],
          [
            76.7238846,
            8.7384634
          ],
          [
            76.7238763,
            8.7384688
          ],
          [
            76.7238696,
            8.7384757
          ],
          [
            76.7238455,
            8.7385126
          ],
          [
            76.7238322,
            8.738533
          ],
          [
            76.7238039,
            8.7385856
          ],
          [
            76.7237406,
            8.7387276
          ],
          [
            76.7236954,
            8.7388139
          ]
        ]
      }
    },
    {
      "type": "Feature",
      "properties": {
        "id": "osm-way-1166093156",
        "name": "Unnamed Road",
        "highway": "unclassified",
        "lanes": null,
        "width": 5.5,
        "type": "road"
      },
      "geometry": {
        "type": "LineString",
        "coordinates": [
          [
            76.7228021,
            8.7383655
          ],
          [
            76.7228077,
            8.738356
          ],
          [
            76.7228151,
            8.7383473
          ],
          [
            76.7228238,
            8.7383399
          ],
          [
            76.7228324,
            8.7383348
          ],
          [
            76.722897,
            8.738303
          ],
          [
            76.7229233,
            8.73829
          ]
        ]
      }
    },
    {
      "type": "Feature",
      "properties": {
        "id": "osm-way-1167891317",
        "name": "Venkulam - Guest House Road",
        "highway": "secondary",
        "lanes": 2,
        "width": 7.0,
        "type": "road"
      },
      "geometry": {
        "type": "LineString",
        "coordinates": [
          [
            76.7062295,
            8.7421604
          ],
          [
            76.7063072,
            8.7414608
          ],
          [
            76.7063107,
            8.7410712
          ],
          [
            76.7063024,
            8.7408886
          ],
          [
            76.7062745,
            8.7404334
          ],
          [
            76.7062312,
            8.7398895
          ],
          [
            76.7062518,
            8.739661
          ],
          [
            76.7062877,
            8.7395058
          ]
        ]
      }
    },
    {
      "type": "Feature",
      "properties": {
        "id": "osm-way-1167891318",
        "name": "Unnamed Road",
        "highway": "unclassified",
        "lanes": null,
        "width": 5.5,
        "type": "road"
      },
      "geometry": {
        "type": "LineString",
        "coordinates": [
          [
            76.7055938,
            8.7397936
          ],
          [
            76.7056994,
            8.7405745
          ],
          [
            76.7057047,
            8.7407109
          ],
          [
            76.705707,
            8.740956
          ],
          [
            76.7057073,
            8.740959
          ],
          [
            76.7057085,
            8.7409636
          ],
          [
            76.70571,
            8.7409666
          ],
          [
            76.7057126,
            8.7409696
          ],
          [
            76.705715,
            8.7409721
          ],
          [
            76.7057189,
            8.740975
          ],
          [
            76.7057221,
            8.7409766
          ],
          [
            76.7057264,
            8.7409778
          ],
          [
            76.7057792,
            8.7409814
          ],
          [
            76.7058309,
            8.7409877
          ],
          [
            76.7059067,
            8.7410023
          ],
          [
            76.7059797,
            8.7410221
          ],
          [
            76.7061078,
            8.7410505
          ],
          [
            76.7061729,
            8.7410628
          ],
          [
            76.7062265,
            8.7410692
          ],
          [
            76.7063107,
            8.7410712
          ]
        ]
      }
    },
    {
      "type": "Feature",
      "properties": {
        "id": "osm-way-1167895032",
        "name": "Unnamed Road",
        "highway": "unclassified",
        "lanes": null,
        "width": 5.5,
        "type": "road"
      },
      "geometry": {
        "type": "LineString",
        "coordinates": [
          [
            76.7057595,
            8.7397767
          ],
          [
            76.7057494,
            8.7397313
          ],
          [
            76.7057315,
            8.739653
          ],
          [
            76.7057037,
            8.739533
          ],
          [
            76.7056722,
            8.7394172
          ],
          [
            76.70564,
            8.7392954
          ],
          [
            76.7056286,
            8.7392456
          ],
          [
            76.7056266,
            8.7392395
          ],
          [
            76.7056236,
            8.7392334
          ],
          [
            76.70562,
            8.7392282
          ],
          [
            76.7056176,
            8.7392259
          ],
          [
            76.7056154,
            8.7392237
          ],
          [
            76.7056101,
            8.7392199
          ],
          [
            76.705604,
            8.7392167
          ],
          [
            76.7055979,
            8.7392149
          ],
          [
            76.7054695,
            8.7392152
          ],
          [
            76.7053857,
            8.7392228
          ],
          [
            76.7053036,
            8.7392336
          ]
        ]
      }
    },
    {
      "type": "Feature",
      "properties": {
        "id": "osm-way-1167895132",
        "name": "Unnamed Road",
        "highway": "unclassified",
        "lanes": null,
        "width": 5.5,
        "type": "road"
      },
      "geometry": {
        "type": "LineString",
        "coordinates": [
          [
            76.7056176,
            8.7392259
          ],
          [
            76.7056274,
            8.7392194
          ],
          [
            76.7056378,
            8.7392148
          ],
          [
            76.705649,
            8.7392115
          ],
          [
            76.705678,
            8.7392062
          ],
          [
            76.705694,
            8.7392031
          ],
          [
            76.7057372,
            8.7391931
          ],
          [
            76.705771,
            8.7391859
          ],
          [
            76.7058253,
            8.7391734
          ]
        ]
      }
    },
    {
      "type": "Feature",
      "properties": {
        "id": "osm-way-1167896700",
        "name": "Unnamed Road",
        "highway": "unclassified",
        "lanes": null,
        "width": 5.5,
        "type": "road"
      },
      "geometry": {
        "type": "LineString",
        "coordinates": [
          [
            76.7081513,
            8.7375218
          ],
          [
            76.7080967,
            8.737432
          ],
          [
            76.7080491,
            8.7373481
          ],
          [
            76.7080188,
            8.7372977
          ],
          [
            76.7079678,
            8.7372289
          ],
          [
            76.7079425,
            8.7371986
          ],
          [
            76.7079138,
            8.7371654
          ],
          [
            76.7078877,
            8.7371286
          ],
          [
            76.7078651,
            8.7370885
          ],
          [
            76.7078489,
            8.7370473
          ],
          [
            76.7078156,
            8.7369535
          ],
          [
            76.7077695,
            8.7368461
          ],
          [
            76.7077624,
            8.7368233
          ],
          [
            76.7077567,
            8.7367985
          ],
          [
            76.707754,
            8.7367671
          ],
          [
            76.7077525,
            8.7367393
          ],
          [
            76.7077489,
            8.7367106
          ],
          [
            76.7077414,
            8.7366704
          ],
          [
            76.7077285,
            8.736621
          ],
          [
            76.7077111,
            8.7365728
          ],
          [
            76.707704,
            8.7365577
          ],
          [
            76.7076947,
            8.7365432
          ],
          [
            76.7076843,
            8.7365312
          ],
          [
            76.7076719,
            8.7365206
          ],
          [
            76.7076473,
            8.7364984
          ],
          [
            76.7076306,
            8.7364775
          ],
          [
            76.707607,
            8.7364352
          ],
          [
            76.7074956,
            8.7362062
          ],
          [
            76.7074821,
            8.7361898
          ],
          [
            76.7074638,
            8.7361714
          ],
          [
            76.7074352,
            8.7361455
          ],
          [
            76.7074187,
            8.7361267
          ],
          [
            76.7074001,
            8.7360978
          ],
          [
            76.7073852,
            8.7360661
          ],
          [
            76.7072741,
            8.7357477
          ],
          [
            76.7072465,
            8.7356811
          ],
          [
            76.7070266,
            8.7353257
          ],
          [
            76.7070022,
            8.7352799
          ],
          [
            76.7069582,
            8.7352108
          ],
          [
            76.7068198,
            8.7350464
          ],
          [
            76.7067128,
            8.7349075
          ],
          [
            76.7066883,
            8.7348653
          ],
          [
            76.7066561,
            8.7347854
          ],
          [
            76.7065447,
            8.734476
          ],
          [
            76.7065261,
            8.7344419
          ],
          [
            76.7065101,
            8.7344143
          ],
          [
            76.7064913,
            8.7343773
          ],
          [
            76.7064749,
            8.7343271
          ],
          [
            76.7064607,
            8.7342982
          ],
          [
            76.7064362,
            8.7342192
          ],
          [
            76.7064251,
            8.7341842
          ]
        ]
      }
    },
    {
      "type": "Feature",
      "properties": {
        "id": "osm-way-1167911891",
        "name": "Unnamed Road",
        "highway": "unclassified",
        "lanes": null,
        "width": 5.5,
        "type": "road"
      },
      "geometry": {
        "type": "LineString",
        "coordinates": [
          [
            76.71171,
            8.7289217
          ],
          [
            76.7117154,
            8.7289005
          ],
          [
            76.7117222,
            8.7288534
          ],
          [
            76.7117241,
            8.7288071
          ],
          [
            76.7117218,
            8.7286571
          ],
          [
            76.7117194,
            8.7286069
          ],
          [
            76.7117194,
            8.7285622
          ],
          [
            76.7117237,
            8.7284911
          ],
          [
            76.7117222,
            8.7284342
          ],
          [
            76.711717,
            8.7283362
          ],
          [
            76.7117174,
            8.7282852
          ],
          [
            76.7117246,
            8.7281255
          ],
          [
            76.7117323,
            8.7279885
          ],
          [
            76.7117383,
            8.7278073
          ],
          [
            76.7117337,
            8.7276483
          ]
        ]
      }
    },
    {
      "type": "Feature",
      "properties": {
        "id": "osm-way-1167912882",
        "name": "Unnamed Road",
        "highway": "unclassified",
        "lanes": null,
        "width": 5.5,
        "type": "road"
      },
      "geometry": {
        "type": "LineString",
        "coordinates": [
          [
            76.7115107,
            8.7286292
          ],
          [
            76.7115183,
            8.7285757
          ],
          [
            76.711523,
            8.7285478
          ],
          [
            76.7115251,
            8.7285235
          ],
          [
            76.7115273,
            8.7284925
          ],
          [
            76.7115291,
            8.7284404
          ],
          [
            76.711535,
            8.7283635
          ],
          [
            76.7115422,
            8.7282968
          ],
          [
            76.711546,
            8.7282451
          ],
          [
            76.7115485,
            8.7282043
          ],
          [
            76.7115538,
            8.728022
          ],
          [
            76.7115607,
            8.7278564
          ],
          [
            76.7115628,
            8.7278412
          ]
        ]
      }
    },
    {
      "type": "Feature",
      "properties": {
        "id": "osm-way-1167914910",
        "name": "Unnamed Road",
        "highway": "unclassified",
        "lanes": null,
        "width": 5.5,
        "type": "road"
      },
      "geometry": {
        "type": "LineString",
        "coordinates": [
          [
            76.7106236,
            8.7286276
          ],
          [
            76.7109124,
            8.7285927
          ],
          [
            76.7110192,
            8.7285837
          ],
          [
            76.7112179,
            8.7285719
          ],
          [
            76.7114018,
            8.7285796
          ],
          [
            76.711465,
            8.7285886
          ],
          [
            76.7114709,
            8.7285902
          ],
          [
            76.711477,
            8.7285929
          ],
          [
            76.7114826,
            8.7285967
          ],
          [
            76.7114875,
            8.7286013
          ],
          [
            76.711493,
            8.7286084
          ],
          [
            76.7115107,
            8.7286292
          ]
        ]
      }
    },
    {
      "type": "Feature",
      "properties": {
        "id": "osm-way-1167916039",
        "name": "Unnamed Road",
        "highway": "unclassified",
        "lanes": null,
        "width": 5.5,
        "type": "road"
      },
      "geometry": {
        "type": "LineString",
        "coordinates": [
          [
            76.7110192,
            8.7285837
          ],
          [
            76.7110053,
            8.7283926
          ],
          [
            76.7110098,
            8.7283462
          ],
          [
            76.7110092,
            8.7283207
          ]
        ]
      }
    },
    {
      "type": "Feature",
      "properties": {
        "id": "osm-way-1167932960",
        "name": "Unnamed Road",
        "highway": "residential",
        "lanes": null,
        "width": 5.5,
        "type": "road"
      },
      "geometry": {
        "type": "LineString",
        "coordinates": [
          [
            76.712288,
            8.7299756
          ],
          [
            76.7123509,
            8.7299835
          ],
          [
            76.7125396,
            8.7300177
          ],
          [
            76.712664,
            8.7300387
          ],
          [
            76.7127605,
            8.7300627
          ],
          [
            76.7128879,
            8.7301011
          ],
          [
            76.7129607,
            8.7301197
          ],
          [
            76.7130396,
            8.7301442
          ],
          [
            76.7130474,
            8.7301481
          ],
          [
            76.7130528,
            8.7301522
          ],
          [
            76.7130557,
            8.7301549
          ],
          [
            76.7130587,
            8.7301579
          ],
          [
            76.7130622,
            8.730163
          ],
          [
            76.7130655,
            8.7301697
          ],
          [
            76.7130675,
            8.7301765
          ],
          [
            76.7130889,
            8.7303163
          ],
          [
            76.7131066,
            8.7305727
          ],
          [
            76.7131162,
            8.730697
          ],
          [
            76.7131231,
            8.7308711
          ],
          [
            76.713129,
            8.731112
          ]
        ]
      }
    },
    {
      "type": "Feature",
      "properties": {
        "id": "osm-way-1167933109",
        "name": "Unnamed Road",
        "highway": "residential",
        "lanes": null,
        "width": 5.5,
        "type": "road"
      },
      "geometry": {
        "type": "LineString",
        "coordinates": [
          [
            76.7130587,
            8.7310969
          ],
          [
            76.7129703,
            8.7313835
          ]
        ]
      }
    },
    {
      "type": "Feature",
      "properties": {
        "id": "osm-way-1167933201",
        "name": "Unnamed Road",
        "highway": "residential",
        "lanes": null,
        "width": 5.5,
        "type": "road"
      },
      "geometry": {
        "type": "LineString",
        "coordinates": [
          [
            76.712762,
            8.7310367
          ],
          [
            76.7127071,
            8.7311851
          ],
          [
            76.7126936,
            8.7312183
          ]
        ]
      }
    },
    {
      "type": "Feature",
      "properties": {
        "id": "osm-way-1167941266",
        "name": "Unnamed Road",
        "highway": "residential",
        "lanes": null,
        "width": 5.5,
        "type": "road"
      },
      "geometry": {
        "type": "LineString",
        "coordinates": [
          [
            76.7122768,
            8.7319315
          ],
          [
            76.7122734,
            8.731847
          ],
          [
            76.7122798,
            8.7317266
          ],
          [
            76.7122937,
            8.7316327
          ]
        ]
      }
    },
    {
      "type": "Feature",
      "properties": {
        "id": "osm-way-1167941302",
        "name": "Unnamed Road",
        "highway": "residential",
        "lanes": null,
        "width": 5.5,
        "type": "road"
      },
      "geometry": {
        "type": "LineString",
        "coordinates": [
          [
            76.7121649,
            8.7312665
          ],
          [
            76.7124315,
            8.7313032
          ]
        ]
      }
    },
    {
      "type": "Feature",
      "properties": {
        "id": "osm-way-1167941474",
        "name": "Unnamed Road",
        "highway": "residential",
        "lanes": null,
        "width": 5.5,
        "type": "road"
      },
      "geometry": {
        "type": "LineString",
        "coordinates": [
          [
            76.7130557,
            8.7301549
          ],
          [
            76.7130954,
            8.7301435
          ],
          [
            76.7131365,
            8.730137
          ],
          [
            76.7132691,
            8.7301272
          ],
          [
            76.7133286,
            8.7301254
          ],
          [
            76.7135198,
            8.7301337
          ],
          [
            76.7137187,
            8.7301294
          ],
          [
            76.7139188,
            8.7301294
          ]
        ]
      }
    },
    {
      "type": "Feature",
      "properties": {
        "id": "osm-way-1167941925",
        "name": "Unnamed Road",
        "highway": "residential",
        "lanes": null,
        "width": 5.5,
        "type": "road"
      },
      "geometry": {
        "type": "LineString",
        "coordinates": [
          [
            76.7151255,
            8.7312701
          ],
          [
            76.7151321,
            8.7310955
          ],
          [
            76.7151566,
            8.7308777
          ],
          [
            76.7151549,
            8.7308228
          ],
          [
            76.7151517,
            8.7307792
          ],
          [
            76.7151443,
            8.7307583
          ],
          [
            76.7151253,
            8.730737
          ],
          [
            76.7150821,
            8.7307453
          ],
          [
            76.7148408,
            8.7307495
          ],
          [
            76.7147612,
            8.7307448
          ]
        ]
      }
    },
    {
      "type": "Feature",
      "properties": {
        "id": "osm-way-1167942159",
        "name": "Unnamed Road",
        "highway": "residential",
        "lanes": null,
        "width": 5.5,
        "type": "road"
      },
      "geometry": {
        "type": "LineString",
        "coordinates": [
          [
            76.7151253,
            8.730737
          ],
          [
            76.715094,
            8.7307152
          ],
          [
            76.7150857,
            8.7307056
          ],
          [
            76.7150816,
            8.7306971
          ],
          [
            76.7150788,
            8.7306879
          ],
          [
            76.7150767,
            8.7306787
          ],
          [
            76.715076,
            8.7306614
          ],
          [
            76.7150709,
            8.7305796
          ],
          [
            76.7150629,
            8.7305145
          ],
          [
            76.7150498,
            8.7304441
          ],
          [
            76.715028,
            8.7303541
          ],
          [
            76.7149952,
            8.7302671
          ],
          [
            76.7149764,
            8.7301916
          ]
        ]
      }
    },
    {
      "type": "Feature",
      "properties": {
        "id": "osm-way-1167943193",
        "name": "Unnamed Road",
        "highway": "residential",
        "lanes": null,
        "width": 5.5,
        "type": "road"
      },
      "geometry": {
        "type": "LineString",
        "coordinates": [
          [
            76.71556,
            8.7312925
          ],
          [
            76.7155973,
            8.731069
          ],
          [
            76.7156088,
            8.731003
          ],
          [
            76.7156258,
            8.730931
          ],
          [
            76.7156598,
            8.7307991
          ],
          [
            76.7156968,
            8.7306545
          ],
          [
            76.7157253,
            8.7305447
          ],
          [
            76.7157289,
            8.7305141
          ],
          [
            76.7157326,
            8.7304668
          ],
          [
            76.7157326,
            8.7303978
          ],
          [
            76.7157271,
            8.7303389
          ],
          [
            76.7157175,
            8.7302671
          ],
          [
            76.7157004,
            8.7302037
          ],
          [
            76.7156651,
            8.7301203
          ],
          [
            76.7154493,
            8.7297201
          ],
          [
            76.7153499,
            8.7295247
          ],
          [
            76.7153272,
            8.7294541
          ]
        ]
      }
    },
    {
      "type": "Feature",
      "properties": {
        "id": "osm-way-1168448071",
        "name": "Unnamed Road",
        "highway": "unclassified",
        "lanes": null,
        "width": 5.5,
        "type": "road"
      },
      "geometry": {
        "type": "LineString",
        "coordinates": [
          [
            76.7216404,
            8.735256
          ],
          [
            76.7213739,
            8.7352106
          ],
          [
            76.7209591,
            8.7351467
          ],
          [
            76.7207322,
            8.7351157
          ],
          [
            76.7206989,
            8.7351426
          ],
          [
            76.7206808,
            8.7352142
          ]
        ]
      }
    },
    {
      "type": "Feature",
      "properties": {
        "id": "osm-way-1168448185",
        "name": "Unnamed Road",
        "highway": "unclassified",
        "lanes": null,
        "width": 5.5,
        "type": "road"
      },
      "geometry": {
        "type": "LineString",
        "coordinates": [
          [
            76.7215503,
            8.7355034
          ],
          [
            76.7212516,
            8.7354142
          ],
          [
            76.7208801,
            8.7353217
          ]
        ]
      }
    },
    {
      "type": "Feature",
      "properties": {
        "id": "osm-way-1168448609",
        "name": "Unnamed Road",
        "highway": "unclassified",
        "lanes": null,
        "width": 5.5,
        "type": "road"
      },
      "geometry": {
        "type": "LineString",
        "coordinates": [
          [
            76.7187157,
            8.735322
          ],
          [
            76.7182677,
            8.7349485
          ],
          [
            76.7179649,
            8.7347157
          ],
          [
            76.7176636,
            8.7345545
          ],
          [
            76.7174403,
            8.7344295
          ],
          [
            76.7173164,
            8.7343577
          ],
          [
            76.7171926,
            8.734172
          ],
          [
            76.7173079,
            8.7339356
          ],
          [
            76.7175198,
            8.7335954
          ],
          [
            76.7177281,
            8.7333193
          ],
          [
            76.7179516,
            8.7334197
          ],
          [
            76.7180786,
            8.7335351
          ],
          [
            76.7182064,
            8.7334228
          ]
        ]
      }
    },
    {
      "type": "Feature",
      "properties": {
        "id": "osm-way-1168448610",
        "name": "Unnamed Road",
        "highway": "unclassified",
        "lanes": null,
        "width": 5.5,
        "type": "road"
      },
      "geometry": {
        "type": "LineString",
        "coordinates": [
          [
            76.7171926,
            8.734172
          ],
          [
            76.7170271,
            8.7340522
          ]
        ]
      }
    },
    {
      "type": "Feature",
      "properties": {
        "id": "osm-way-1168449537",
        "name": "Unnamed Road",
        "highway": "residential",
        "lanes": null,
        "width": 5.5,
        "type": "road"
      },
      "geometry": {
        "type": "LineString",
        "coordinates": [
          [
            76.7161793,
            8.7357197
          ],
          [
            76.7158951,
            8.7353667
          ],
          [
            76.7156136,
            8.7350457
          ],
          [
            76.7154368,
            8.7349922
          ],
          [
            76.7152744,
            8.7347104
          ],
          [
            76.7149712,
            8.7343858
          ],
          [
            76.7153502,
            8.7339328
          ]
        ]
      }
    },
    {
      "type": "Feature",
      "properties": {
        "id": "osm-way-1168449650",
        "name": "Unnamed Road",
        "highway": "unclassified",
        "lanes": null,
        "width": 5.5,
        "type": "road"
      },
      "geometry": {
        "type": "LineString",
        "coordinates": [
          [
            76.7149712,
            8.7343858
          ],
          [
            76.7148774,
            8.734261
          ],
          [
            76.714549,
            8.7341076
          ],
          [
            76.7143866,
            8.7339578
          ],
          [
            76.7140211,
            8.7338333
          ],
          [
            76.7137483,
            8.733678
          ],
          [
            76.7138417,
            8.7334014
          ],
          [
            76.713885,
            8.7332944
          ],
          [
            76.7138958,
            8.732984
          ],
          [
            76.7139871,
            8.7327166
          ],
          [
            76.7141106,
            8.73268
          ],
          [
            76.7141974,
            8.7321705
          ],
          [
            76.7142273,
            8.7316328
          ],
          [
            76.7142469,
            8.7312801
          ],
          [
            76.7142484,
            8.7312533
          ]
        ]
      }
    },
    {
      "type": "Feature",
      "properties": {
        "id": "osm-way-1168449690",
        "name": "Unnamed Road",
        "highway": "unclassified",
        "lanes": null,
        "width": 5.5,
        "type": "road"
      },
      "geometry": {
        "type": "LineString",
        "coordinates": [
          [
            76.7137483,
            8.733678
          ],
          [
            76.713687,
            8.7338755
          ],
          [
            76.7136513,
            8.7339209
          ],
          [
            76.7134386,
            8.7338518
          ],
          [
            76.7134671,
            8.7338162
          ],
          [
            76.7133655,
            8.7337393
          ]
        ]
      }
    },
    {
      "type": "Feature",
      "properties": {
        "id": "osm-way-1168450085",
        "name": "Unnamed Road",
        "highway": "unclassified",
        "lanes": null,
        "width": 5.5,
        "type": "road"
      },
      "geometry": {
        "type": "LineString",
        "coordinates": [
          [
            76.7136754,
            8.7352202
          ],
          [
            76.7139269,
            8.7353383
          ]
        ]
      }
    },
    {
      "type": "Feature",
      "properties": {
        "id": "osm-way-1168450454",
        "name": "Unnamed Road",
        "highway": "residential",
        "lanes": null,
        "width": 5.5,
        "type": "road"
      },
      "geometry": {
        "type": "LineString",
        "coordinates": [
          [
            76.7146571,
            8.7371077
          ],
          [
            76.7147088,
            8.7369825
          ],
          [
            76.7147765,
            8.7368204
          ]
        ]
      }
    },
    {
      "type": "Feature",
      "properties": {
        "id": "osm-way-1168882433",
        "name": "Unnamed Road",
        "highway": "residential",
        "lanes": null,
        "width": 5.5,
        "type": "road"
      },
      "geometry": {
        "type": "LineString",
        "coordinates": [
          [
            76.7142469,
            8.7350341
          ],
          [
            76.714448,
            8.7347084
          ]
        ]
      }
    },
    {
      "type": "Feature",
      "properties": {
        "id": "osm-way-1168882450",
        "name": "Unnamed Road",
        "highway": "residential",
        "lanes": null,
        "width": 5.5,
        "type": "road"
      },
      "geometry": {
        "type": "LineString",
        "coordinates": [
          [
            76.7137513,
            8.7362069
          ],
          [
            76.7136673,
            8.7366483
          ]
        ]
      }
    },
    {
      "type": "Feature",
      "properties": {
        "id": "osm-way-1168882492",
        "name": "Unnamed Road",
        "highway": "residential",
        "lanes": null,
        "width": 5.5,
        "type": "road"
      },
      "geometry": {
        "type": "LineString",
        "coordinates": [
          [
            76.712836,
            8.7364948
          ],
          [
            76.7132555,
            8.7364898
          ]
        ]
      }
    },
    {
      "type": "Feature",
      "properties": {
        "id": "osm-way-1168884290",
        "name": "Unnamed Road",
        "highway": "residential",
        "lanes": null,
        "width": 5.5,
        "type": "road"
      },
      "geometry": {
        "type": "LineString",
        "coordinates": [
          [
            76.7126937,
            8.7375491
          ],
          [
            76.7132088,
            8.737612
          ],
          [
            76.713464,
            8.7376319
          ]
        ]
      }
    },
    {
      "type": "Feature",
      "properties": {
        "id": "osm-way-1168884392",
        "name": "Unnamed Road",
        "highway": "residential",
        "lanes": null,
        "width": 5.5,
        "type": "road"
      },
      "geometry": {
        "type": "LineString",
        "coordinates": [
          [
            76.7148447,
            8.738597
          ],
          [
            76.7151619,
            8.7386802
          ]
        ]
      }
    },
    {
      "type": "Feature",
      "properties": {
        "id": "osm-way-1168884434",
        "name": "Unnamed Road",
        "highway": "residential",
        "lanes": null,
        "width": 5.5,
        "type": "road"
      },
      "geometry": {
        "type": "LineString",
        "coordinates": [
          [
            76.7148043,
            8.7387266
          ],
          [
            76.7151695,
            8.7387819
          ]
        ]
      }
    },
    {
      "type": "Feature",
      "properties": {
        "id": "osm-way-1168884460",
        "name": "Unnamed Road",
        "highway": "residential",
        "lanes": null,
        "width": 5.5,
        "type": "road"
      },
      "geometry": {
        "type": "LineString",
        "coordinates": [
          [
            76.7147483,
            8.7389521
          ],
          [
            76.7152016,
            8.7390392
          ]
        ]
      }
    },
    {
      "type": "Feature",
      "properties": {
        "id": "osm-way-1168884465",
        "name": "Unnamed Road",
        "highway": "unclassified",
        "lanes": null,
        "width": 5.5,
        "type": "road"
      },
      "geometry": {
        "type": "LineString",
        "coordinates": [
          [
            76.7197316,
            8.7467242
          ],
          [
            76.7189885,
            8.746682
          ]
        ]
      }
    },
    {
      "type": "Feature",
      "properties": {
        "id": "osm-way-1168884469",
        "name": "Unnamed Road",
        "highway": "unclassified",
        "lanes": null,
        "width": 5.5,
        "type": "road"
      },
      "geometry": {
        "type": "LineString",
        "coordinates": [
          [
            76.7143039,
            8.7388602
          ],
          [
            76.714304,
            8.7390327
          ]
        ]
      }
    },
    {
      "type": "Feature",
      "properties": {
        "id": "osm-way-1168884537",
        "name": "Unnamed Road",
        "highway": "unclassified",
        "lanes": null,
        "width": 5.5,
        "type": "road"
      },
      "geometry": {
        "type": "LineString",
        "coordinates": [
          [
            76.7141155,
            8.7388669
          ],
          [
            76.7140923,
            8.7387141
          ],
          [
            76.7140957,
            8.7387089
          ],
          [
            76.7141006,
            8.7387041
          ],
          [
            76.7141866,
            8.7386978
          ],
          [
            76.7141999,
            8.7386916
          ]
        ]
      }
    },
    {
      "type": "Feature",
      "properties": {
        "id": "osm-way-1168884547",
        "name": "Unnamed Road",
        "highway": "residential",
        "lanes": null,
        "width": 5.5,
        "type": "road"
      },
      "geometry": {
        "type": "LineString",
        "coordinates": [
          [
            76.7128427,
            8.7392007
          ],
          [
            76.7131717,
            8.7391608
          ]
        ]
      }
    },
    {
      "type": "Feature",
      "properties": {
        "id": "osm-way-1168884560",
        "name": "Unnamed Road",
        "highway": "residential",
        "lanes": null,
        "width": 5.5,
        "type": "road"
      },
      "geometry": {
        "type": "LineString",
        "coordinates": [
          [
            76.7136545,
            8.7395537
          ],
          [
            76.7136498,
            8.7394168
          ],
          [
            76.7136627,
            8.7392825
          ]
        ]
      }
    },
    {
      "type": "Feature",
      "properties": {
        "id": "osm-way-1168884603",
        "name": "Unnamed Road",
        "highway": "residential",
        "lanes": null,
        "width": 5.5,
        "type": "road"
      },
      "geometry": {
        "type": "LineString",
        "coordinates": [
          [
            76.7130509,
            8.7397797
          ],
          [
            76.7127972,
            8.7398101
          ],
          [
            76.7127564,
            8.739811
          ],
          [
            76.7125147,
            8.7398165
          ]
        ]
      }
    },
    {
      "type": "Feature",
      "properties": {
        "id": "osm-way-1168890550",
        "name": "Unnamed Road",
        "highway": "residential",
        "lanes": null,
        "width": 5.5,
        "type": "road"
      },
      "geometry": {
        "type": "LineString",
        "coordinates": [
          [
            76.7110059,
            8.7397307
          ],
          [
            76.7110594,
            8.7400999
          ]
        ]
      }
    },
    {
      "type": "Feature",
      "properties": {
        "id": "osm-way-1168890551",
        "name": "Unnamed Road",
        "highway": "residential",
        "lanes": null,
        "width": 5.5,
        "type": "road"
      },
      "geometry": {
        "type": "LineString",
        "coordinates": [
          [
            76.7107137,
            8.7397658
          ],
          [
            76.7107374,
            8.7398897
          ],
          [
            76.7107575,
            8.7400147
          ],
          [
            76.7107719,
            8.7401596
          ],
          [
            76.7107863,
            8.7402505
          ],
          [
            76.7108014,
            8.7402741
          ],
          [
            76.7108064,
            8.7402818
          ],
          [
            76.7108811,
            8.7402733
          ],
          [
            76.7110047,
            8.7402647
          ],
          [
            76.7110392,
            8.7402619
          ]
        ]
      }
    },
    {
      "type": "Feature",
      "properties": {
        "id": "osm-way-1168890911",
        "name": "Unnamed Road",
        "highway": "residential",
        "lanes": null,
        "width": 5.5,
        "type": "road"
      },
      "geometry": {
        "type": "LineString",
        "coordinates": [
          [
            76.7092842,
            8.7401379
          ],
          [
            76.7096125,
            8.7401321
          ]
        ]
      }
    },
    {
      "type": "Feature",
      "properties": {
        "id": "osm-way-1168891175",
        "name": "Unnamed Road",
        "highway": "residential",
        "lanes": null,
        "width": 5.5,
        "type": "road"
      },
      "geometry": {
        "type": "LineString",
        "coordinates": [
          [
            76.7092979,
            8.7411808
          ],
          [
            76.709442,
            8.7412111
          ],
          [
            76.7096929,
            8.7412504
          ],
          [
            76.7098644,
            8.7412742
          ],
          [
            76.7099013,
            8.7412742
          ],
          [
            76.7099466,
            8.7412756
          ],
          [
            76.7099764,
            8.7412826
          ],
          [
            76.7100983,
            8.7413092
          ],
          [
            76.7101209,
            8.7413047
          ],
          [
            76.7101348,
            8.7412857
          ],
          [
            76.7101925,
            8.7409847
          ],
          [
            76.7102716,
            8.7405211
          ],
          [
            76.7102759,
            8.7404757
          ],
          [
            76.710278,
            8.7403891
          ],
          [
            76.710278,
            8.7403659
          ],
          [
            76.7102705,
            8.7403501
          ],
          [
            76.7102438,
            8.7403311
          ],
          [
            76.7099126,
            8.7403131
          ]
        ]
      }
    },
    {
      "type": "Feature",
      "properties": {
        "id": "osm-way-1168891186",
        "name": "Unnamed Road",
        "highway": "unclassified",
        "lanes": null,
        "width": 5.5,
        "type": "road"
      },
      "geometry": {
        "type": "LineString",
        "coordinates": [
          [
            76.710278,
            8.7403891
          ],
          [
            76.7104305,
            8.7403616
          ],
          [
            76.7106141,
            8.7403386
          ],
          [
            76.7107035,
            8.7403187
          ],
          [
            76.7107695,
            8.7402948
          ],
          [
            76.7108014,
            8.7402741
          ]
        ]
      }
    },
    {
      "type": "Feature",
      "properties": {
        "id": "osm-way-1168891319",
        "name": "Unnamed Road",
        "highway": "unclassified",
        "lanes": null,
        "width": 5.5,
        "type": "road"
      },
      "geometry": {
        "type": "LineString",
        "coordinates": [
          [
            76.7101348,
            8.7412857
          ],
          [
            76.7102089,
            8.7413036
          ],
          [
            76.7102798,
            8.7413092
          ],
          [
            76.7102982,
            8.7413176
          ],
          [
            76.7103067,
            8.7413302
          ],
          [
            76.7103101,
            8.7413416
          ],
          [
            76.7103113,
            8.7413498
          ],
          [
            76.7102764,
            8.7416355
          ],
          [
            76.7102715,
            8.7416865
          ],
          [
            76.7102636,
            8.7420194
          ],
          [
            76.7102693,
            8.7420321
          ],
          [
            76.7102795,
            8.7420431
          ],
          [
            76.7102917,
            8.7420493
          ],
          [
            76.7102969,
            8.7420526
          ],
          [
            76.7103163,
            8.7420725
          ]
        ]
      }
    },
    {
      "type": "Feature",
      "properties": {
        "id": "osm-way-1168891715",
        "name": "Unnamed Road",
        "highway": "unclassified",
        "lanes": null,
        "width": 5.5,
        "type": "road"
      },
      "geometry": {
        "type": "LineString",
        "coordinates": [
          [
            76.7062295,
            8.7421604
          ],
          [
            76.706851,
            8.7423611
          ],
          [
            76.7068336,
            8.7427311
          ],
          [
            76.7068937,
            8.7428051
          ],
          [
            76.7070822,
            8.7428869
          ],
          [
            76.7072254,
            8.7430133
          ],
          [
            76.7074856,
            8.7430076
          ],
          [
            76.7077005,
            8.7429347
          ],
          [
            76.7077747,
            8.7429474
          ],
          [
            76.7085417,
            8.7430789
          ],
          [
            76.7086413,
            8.7426068
          ],
          [
            76.7086549,
            8.7425422
          ],
          [
            76.709297,
            8.742605
          ],
          [
            76.7095079,
            8.7426483
          ],
          [
            76.7097537,
            8.7428085
          ],
          [
            76.7100714,
            8.7429008
          ],
          [
            76.7100532,
            8.7430398
          ],
          [
            76.7100615,
            8.7431787
          ],
          [
            76.7100947,
            8.7432848
          ],
          [
            76.7101446,
            8.7433614
          ],
          [
            76.7102732,
            8.7435313
          ],
          [
            76.7102888,
            8.743552
          ],
          [
            76.7103539,
            8.7436383
          ],
          [
            76.7105874,
            8.7439613
          ],
          [
            76.7108166,
            8.7442885
          ]
        ]
      }
    },
    {
      "type": "Feature",
      "properties": {
        "id": "osm-way-1168891716",
        "name": "Punnamoodu - Kurakanni Road",
        "highway": "secondary",
        "lanes": null,
        "width": 8.0,
        "type": "road"
      },
      "geometry": {
        "type": "LineString",
        "coordinates": [
          [
            76.7062951,
            8.7439639
          ],
          [
            76.7070498,
            8.7439724
          ],
          [
            76.7073461,
            8.7441124
          ],
          [
            76.7080713,
            8.7441909
          ],
          [
            76.7080962,
            8.7441936
          ],
          [
            76.7089355,
            8.7442845
          ],
          [
            76.7090126,
            8.7442977
          ],
          [
            76.7094326,
            8.7443697
          ],
          [
            76.7097356,
            8.7444358
          ],
          [
            76.7097735,
            8.7444441
          ],
          [
            76.7099101,
            8.7444355
          ],
          [
            76.7108166,
            8.7442885
          ]
        ]
      }
    },
    {
      "type": "Feature",
      "properties": {
        "id": "osm-way-1168891717",
        "name": "Unnamed Road",
        "highway": "residential",
        "lanes": null,
        "width": 5.5,
        "type": "road"
      },
      "geometry": {
        "type": "LineString",
        "coordinates": [
          [
            76.7108111,
            8.7457774
          ],
          [
            76.7105421,
            8.7458818
          ],
          [
            76.7104837,
            8.7458974
          ],
          [
            76.7104647,
            8.7459007
          ],
          [
            76.7103297,
            8.745924
          ],
          [
            76.7102935,
            8.7459167
          ],
          [
            76.7102833,
            8.7459121
          ]
        ]
      }
    },
    {
      "type": "Feature",
      "properties": {
        "id": "osm-way-1168892556",
        "name": "Unnamed Road",
        "highway": "residential",
        "lanes": null,
        "width": 5.5,
        "type": "road"
      },
      "geometry": {
        "type": "LineString",
        "coordinates": [
          [
            76.7112254,
            8.746533
          ],
          [
            76.7109625,
            8.7466293
          ],
          [
            76.7107402,
            8.7467032
          ],
          [
            76.7106276,
            8.7467281
          ],
          [
            76.7105165,
            8.7467405
          ]
        ]
      }
    },
    {
      "type": "Feature",
      "properties": {
        "id": "osm-way-1168892588",
        "name": "Unnamed Road",
        "highway": "residential",
        "lanes": null,
        "width": 5.5,
        "type": "road"
      },
      "geometry": {
        "type": "LineString",
        "coordinates": [
          [
            76.7113116,
            8.7466493
          ],
          [
            76.7109833,
            8.7467796
          ]
        ]
      }
    },
    {
      "type": "Feature",
      "properties": {
        "id": "osm-way-1168892782",
        "name": "Unnamed Road",
        "highway": "unclassified",
        "lanes": null,
        "width": 5.5,
        "type": "road"
      },
      "geometry": {
        "type": "LineString",
        "coordinates": [
          [
            76.7123616,
            8.7481837
          ],
          [
            76.7124739,
            8.7478604
          ]
        ]
      }
    },
    {
      "type": "Feature",
      "properties": {
        "id": "osm-way-1168936141",
        "name": "Unnamed Road",
        "highway": "unclassified",
        "lanes": null,
        "width": 5.5,
        "type": "road"
      },
      "geometry": {
        "type": "LineString",
        "coordinates": [
          [
            76.7130673,
            8.7475589
          ],
          [
            76.7130955,
            8.747493
          ],
          [
            76.7131152,
            8.7474472
          ],
          [
            76.713222,
            8.7472736
          ],
          [
            76.713364,
            8.7471321
          ],
          [
            76.713432,
            8.7470519
          ],
          [
            76.7134609,
            8.7470118
          ],
          [
            76.7134862,
            8.7469821
          ],
          [
            76.7135124,
            8.7469567
          ]
        ]
      }
    },
    {
      "type": "Feature",
      "properties": {
        "id": "osm-way-1168936142",
        "name": "Unnamed Road",
        "highway": "residential",
        "lanes": null,
        "width": 5.5,
        "type": "road"
      },
      "geometry": {
        "type": "LineString",
        "coordinates": [
          [
            76.7130955,
            8.747493
          ],
          [
            76.7131712,
            8.7474717
          ],
          [
            76.7133655,
            8.7474261
          ],
          [
            76.7135486,
            8.7474111
          ],
          [
            76.7136248,
            8.7474111
          ],
          [
            76.7136534,
            8.7474244
          ],
          [
            76.7136722,
            8.7474411
          ],
          [
            76.713691,
            8.7474671
          ],
          [
            76.7136929,
            8.7474876
          ],
          [
            76.7136929,
            8.747508
          ],
          [
            76.7136779,
            8.7476939
          ],
          [
            76.7136779,
            8.7477016
          ],
          [
            76.7136779,
            8.7477107
          ],
          [
            76.713689,
            8.7477152
          ],
          [
            76.7136907,
            8.7477847
          ],
          [
            76.7136989,
            8.7478728
          ],
          [
            76.7137143,
            8.748002
          ]
        ]
      }
    },
    {
      "type": "Feature",
      "properties": {
        "id": "osm-way-1168936666",
        "name": "Unnamed Road",
        "highway": "unclassified",
        "lanes": null,
        "width": 5.5,
        "type": "road"
      },
      "geometry": {
        "type": "LineString",
        "coordinates": [
          [
            76.7134532,
            8.747735
          ],
          [
            76.7134543,
            8.7477292
          ],
          [
            76.713457,
            8.7477268
          ],
          [
            76.7134618,
            8.7477248
          ],
          [
            76.7135266,
            8.7477159
          ],
          [
            76.7135976,
            8.7477077
          ],
          [
            76.713649,
            8.7477026
          ],
          [
            76.7136779,
            8.7477016
          ]
        ]
      }
    },
    {
      "type": "Feature",
      "properties": {
        "id": "osm-way-1168937221",
        "name": "Unnamed Road",
        "highway": "unclassified",
        "lanes": null,
        "width": 5.5,
        "type": "road"
      },
      "geometry": {
        "type": "LineString",
        "coordinates": [
          [
            76.713689,
            8.7477152
          ],
          [
            76.7138114,
            8.7477125
          ],
          [
            76.7138233,
            8.7477132
          ],
          [
            76.7138282,
            8.7477163
          ],
          [
            76.7138313,
            8.74772
          ],
          [
            76.7138407,
            8.7478005
          ],
          [
            76.7138462,
            8.7478279
          ],
          [
            76.7138546,
            8.7478586
          ],
          [
            76.7138762,
            8.7479237
          ],
          [
            76.7138841,
            8.7479581
          ],
          [
            76.7138878,
            8.7479919
          ]
        ]
      }
    },
    {
      "type": "Feature",
      "properties": {
        "id": "osm-way-1168937222",
        "name": "Unnamed Road",
        "highway": "unclassified",
        "lanes": null,
        "width": 5.5,
        "type": "road"
      },
      "geometry": {
        "type": "LineString",
        "coordinates": [
          [
            76.7138313,
            8.74772
          ],
          [
            76.7139498,
            8.7477199
          ],
          [
            76.7140508,
            8.747714
          ]
        ]
      }
    },
    {
      "type": "Feature",
      "properties": {
        "id": "osm-way-1168938511",
        "name": "Unnamed Road",
        "highway": "unclassified",
        "lanes": null,
        "width": 5.5,
        "type": "road"
      },
      "geometry": {
        "type": "LineString",
        "coordinates": [
          [
            76.7144903,
            8.7471159
          ],
          [
            76.7144984,
            8.7469947
          ],
          [
            76.714494,
            8.7467323
          ]
        ]
      }
    },
    {
      "type": "Feature",
      "properties": {
        "id": "osm-way-1168938512",
        "name": "Unnamed Road",
        "highway": "unclassified",
        "lanes": null,
        "width": 5.5,
        "type": "road"
      },
      "geometry": {
        "type": "LineString",
        "coordinates": [
          [
            76.7151163,
            8.747222
          ],
          [
            76.7151279,
            8.746826
          ]
        ]
      }
    },
    {
      "type": "Feature",
      "properties": {
        "id": "osm-way-1168938513",
        "name": "Unnamed Road",
        "highway": "unclassified",
        "lanes": null,
        "width": 5.5,
        "type": "road"
      },
      "geometry": {
        "type": "LineString",
        "coordinates": [
          [
            76.714658,
            8.74714
          ],
          [
            76.714633,
            8.7472967
          ],
          [
            76.7146008,
            8.7473397
          ],
          [
            76.7145936,
            8.7474034
          ]
        ]
      }
    },
    {
      "type": "Feature",
      "properties": {
        "id": "osm-way-1168938514",
        "name": "Unnamed Road",
        "highway": "unclassified",
        "lanes": null,
        "width": 5.5,
        "type": "road"
      },
      "geometry": {
        "type": "LineString",
        "coordinates": [
          [
            76.7155665,
            8.7473067
          ],
          [
            76.7155514,
            8.7476455
          ]
        ]
      }
    },
    {
      "type": "Feature",
      "properties": {
        "id": "osm-way-1168938515",
        "name": "Unnamed Road",
        "highway": "unclassified",
        "lanes": null,
        "width": 5.5,
        "type": "road"
      },
      "geometry": {
        "type": "LineString",
        "coordinates": [
          [
            76.7159042,
            8.7483845
          ],
          [
            76.7158506,
            8.7483145
          ],
          [
            76.7158132,
            8.7482179
          ],
          [
            76.7157361,
            8.7477149
          ]
        ]
      }
    },
    {
      "type": "Feature",
      "properties": {
        "id": "osm-way-1169238164",
        "name": "Unnamed Road",
        "highway": "residential",
        "lanes": null,
        "width": 5.5,
        "type": "road"
      },
      "geometry": {
        "type": "LineString",
        "coordinates": [
          [
            76.717179,
            8.7390063
          ],
          [
            76.7168594,
            8.7389232
          ],
          [
            76.7165319,
            8.7388292
          ],
          [
            76.7164315,
            8.7388021
          ]
        ]
      }
    },
    {
      "type": "Feature",
      "properties": {
        "id": "osm-way-1169238167",
        "name": "Unnamed Road",
        "highway": "residential",
        "lanes": null,
        "width": 5.5,
        "type": "road"
      },
      "geometry": {
        "type": "LineString",
        "coordinates": [
          [
            76.7159128,
            8.7365612
          ],
          [
            76.7158513,
            8.736708
          ],
          [
            76.7158197,
            8.7367778
          ],
          [
            76.7158011,
            8.736844
          ],
          [
            76.7157583,
            8.7369543
          ],
          [
            76.7157211,
            8.737072
          ],
          [
            76.7156807,
            8.7371837
          ]
        ]
      }
    },
    {
      "type": "Feature",
      "properties": {
        "id": "osm-way-1169238168",
        "name": "Unnamed Road",
        "highway": "unclassified",
        "lanes": null,
        "width": 5.5,
        "type": "road"
      },
      "geometry": {
        "type": "LineString",
        "coordinates": [
          [
            76.7178304,
            8.7375796
          ],
          [
            76.7178816,
            8.7373704
          ],
          [
            76.717958,
            8.73716
          ],
          [
            76.7179591,
            8.7371414
          ],
          [
            76.7179534,
            8.7371265
          ],
          [
            76.7179398,
            8.7371069
          ],
          [
            76.7179195,
            8.7370848
          ],
          [
            76.7178971,
            8.7370703
          ],
          [
            76.7178747,
            8.737059
          ],
          [
            76.7178492,
            8.7370492
          ]
        ]
      }
    },
    {
      "type": "Feature",
      "properties": {
        "id": "osm-way-1169238169",
        "name": "Unnamed Road",
        "highway": "unclassified",
        "lanes": null,
        "width": 5.5,
        "type": "road"
      },
      "geometry": {
        "type": "LineString",
        "coordinates": [
          [
            76.717875,
            8.7363031
          ],
          [
            76.7182894,
            8.7366728
          ],
          [
            76.7185758,
            8.7370663
          ],
          [
            76.7186406,
            8.7371415
          ]
        ]
      }
    },
    {
      "type": "Feature",
      "properties": {
        "id": "osm-way-1169238170",
        "name": "Unnamed Road",
        "highway": "unclassified",
        "lanes": null,
        "width": 5.5,
        "type": "road"
      },
      "geometry": {
        "type": "LineString",
        "coordinates": [
          [
            76.7197607,
            8.7374286
          ],
          [
            76.7195939,
            8.7373948
          ],
          [
            76.719446,
            8.7373414
          ],
          [
            76.7194006,
            8.7373212
          ],
          [
            76.7193925,
            8.737314
          ],
          [
            76.7193875,
            8.7373028
          ],
          [
            76.7193844,
            8.7372957
          ],
          [
            76.719383,
            8.7372724
          ],
          [
            76.7193821,
            8.7372465
          ],
          [
            76.7193824,
            8.7372205
          ],
          [
            76.7193824,
            8.7372132
          ],
          [
            76.719386,
            8.7371759
          ],
          [
            76.7193927,
            8.7371385
          ],
          [
            76.7194037,
            8.7371007
          ],
          [
            76.7194463,
            8.7369982
          ]
        ]
      }
    },
    {
      "type": "Feature",
      "properties": {
        "id": "osm-way-1169238171",
        "name": "Unnamed Road",
        "highway": "unclassified",
        "lanes": null,
        "width": 5.5,
        "type": "road"
      },
      "geometry": {
        "type": "LineString",
        "coordinates": [
          [
            76.7204971,
            8.7378604
          ],
          [
            76.7207516,
            8.737781
          ]
        ]
      }
    },
    {
      "type": "Feature",
      "properties": {
        "id": "osm-way-1169238172",
        "name": "Unnamed Road",
        "highway": "residential",
        "lanes": null,
        "width": 5.5,
        "type": "road"
      },
      "geometry": {
        "type": "LineString",
        "coordinates": [
          [
            76.7206373,
            8.7384797
          ],
          [
            76.7208238,
            8.7384321
          ]
        ]
      }
    },
    {
      "type": "Feature",
      "properties": {
        "id": "osm-way-1169238173",
        "name": "Unnamed Road",
        "highway": "residential",
        "lanes": null,
        "width": 5.5,
        "type": "road"
      },
      "geometry": {
        "type": "LineString",
        "coordinates": [
          [
            76.720501,
            8.7388249
          ],
          [
            76.7205404,
            8.7388049
          ],
          [
            76.7206597,
            8.7387796
          ],
          [
            76.7208824,
            8.7387375
          ]
        ]
      }
    },
    {
      "type": "Feature",
      "properties": {
        "id": "osm-way-1169238174",
        "name": "Unnamed Road",
        "highway": "residential",
        "lanes": null,
        "width": 5.5,
        "type": "road"
      },
      "geometry": {
        "type": "LineString",
        "coordinates": [
          [
            76.721362,
            8.7393468
          ],
          [
            76.7213521,
            8.7389796
          ],
          [
            76.7213508,
            8.7388304
          ],
          [
            76.7213448,
            8.7387366
          ],
          [
            76.7213399,
            8.7386945
          ],
          [
            76.7212997,
            8.7385658
          ]
        ]
      }
    },
    {
      "type": "Feature",
      "properties": {
        "id": "osm-way-1169238175",
        "name": "Unnamed Road",
        "highway": "residential",
        "lanes": null,
        "width": 5.5,
        "type": "road"
      },
      "geometry": {
        "type": "LineString",
        "coordinates": [
          [
            76.7207196,
            8.7392879
          ],
          [
            76.7205838,
            8.7392973
          ],
          [
            76.7204703,
            8.7393153
          ],
          [
            76.7203413,
            8.7393181
          ],
          [
            76.7203189,
            8.7393278
          ],
          [
            76.7203049,
            8.7393444
          ],
          [
            76.7203063,
            8.7393957
          ]
        ]
      }
    },
    {
      "type": "Feature",
      "properties": {
        "id": "osm-way-1169238176",
        "name": "Unnamed Road",
        "highway": "unclassified",
        "lanes": null,
        "width": 5.5,
        "type": "road"
      },
      "geometry": {
        "type": "LineString",
        "coordinates": [
          [
            76.7183855,
            8.7393235
          ],
          [
            76.7183907,
            8.7394866
          ],
          [
            76.7184017,
            8.7396682
          ]
        ]
      }
    },
    {
      "type": "Feature",
      "properties": {
        "id": "osm-way-1169238177",
        "name": "Unnamed Road",
        "highway": "unclassified",
        "lanes": null,
        "width": 5.5,
        "type": "road"
      },
      "geometry": {
        "type": "LineString",
        "coordinates": [
          [
            76.7185283,
            8.7393442
          ],
          [
            76.7185684,
            8.7396117
          ]
        ]
      }
    },
    {
      "type": "Feature",
      "properties": {
        "id": "osm-way-1169238178",
        "name": "Unnamed Road",
        "highway": "unclassified",
        "lanes": null,
        "width": 5.5,
        "type": "road"
      },
      "geometry": {
        "type": "LineString",
        "coordinates": [
          [
            76.7173347,
            8.7397503
          ],
          [
            76.7173125,
            8.7399117
          ],
          [
            76.7172962,
            8.7400688
          ],
          [
            76.7172862,
            8.7401177
          ],
          [
            76.7172724,
            8.740164
          ],
          [
            76.7172357,
            8.7402773
          ],
          [
            76.7172293,
            8.7403054
          ],
          [
            76.7172247,
            8.7403435
          ],
          [
            76.7172219,
            8.7403897
          ],
          [
            76.7172174,
            8.7404087
          ],
          [
            76.7172054,
            8.7404305
          ],
          [
            76.7171953,
            8.7404486
          ],
          [
            76.7171853,
            8.7404713
          ],
          [
            76.7171779,
            8.740494
          ],
          [
            76.7171669,
            8.7405429
          ],
          [
            76.7171513,
            8.7406109
          ],
          [
            76.7171467,
            8.7406245
          ],
          [
            76.7171412,
            8.7406372
          ],
          [
            76.7171302,
            8.7406417
          ],
          [
            76.717121,
            8.7406472
          ],
          [
            76.7171018,
            8.7406463
          ],
          [
            76.7170715,
            8.7406408
          ],
          [
            76.7170165,
            8.7406272
          ],
          [
            76.7170054,
            8.7406241
          ]
        ]
      }
    },
    {
      "type": "Feature",
      "properties": {
        "id": "osm-way-1169238179",
        "name": "Unnamed Road",
        "highway": "residential",
        "lanes": null,
        "width": 5.5,
        "type": "road"
      },
      "geometry": {
        "type": "LineString",
        "coordinates": [
          [
            76.7160478,
            8.7406522
          ],
          [
            76.7160118,
            8.7406574
          ],
          [
            76.7159866,
            8.740658
          ],
          [
            76.7159489,
            8.740659
          ],
          [
            76.7158063,
            8.7406495
          ],
          [
            76.715702,
            8.7406385
          ],
          [
            76.7156526,
            8.7406267
          ],
          [
            76.71562,
            8.7406117
          ],
          [
            76.7156088,
            8.7405976
          ],
          [
            76.7155905,
            8.74057
          ],
          [
            76.715577,
            8.7405511
          ]
        ]
      }
    },
    {
      "type": "Feature",
      "properties": {
        "id": "osm-way-1169238180",
        "name": "Unnamed Road",
        "highway": "unclassified",
        "lanes": null,
        "width": 5.5,
        "type": "road"
      },
      "geometry": {
        "type": "LineString",
        "coordinates": [
          [
            76.7159866,
            8.740658
          ],
          [
            76.7159763,
            8.7407068
          ],
          [
            76.7159723,
            8.7407768
          ],
          [
            76.7159691,
            8.7408146
          ],
          [
            76.7159627,
            8.7408248
          ],
          [
            76.7159556,
            8.7408343
          ],
          [
            76.7159349,
            8.7408461
          ],
          [
            76.7159197,
            8.7408516
          ]
        ]
      }
    },
    {
      "type": "Feature",
      "properties": {
        "id": "osm-way-1169245146",
        "name": "Unnamed Road",
        "highway": "residential",
        "lanes": null,
        "width": 5.5,
        "type": "road"
      },
      "geometry": {
        "type": "LineString",
        "coordinates": [
          [
            76.7133984,
            8.7408935
          ],
          [
            76.7141463,
            8.7407756
          ]
        ]
      }
    },
    {
      "type": "Feature",
      "properties": {
        "id": "osm-way-1169245148",
        "name": "Unnamed Road",
        "highway": "residential",
        "lanes": null,
        "width": 5.5,
        "type": "road"
      },
      "geometry": {
        "type": "LineString",
        "coordinates": [
          [
            76.7133354,
            8.7406518
          ],
          [
            76.7130616,
            8.7407383
          ],
          [
            76.712969,
            8.7407646
          ],
          [
            76.7127279,
            8.7407965
          ]
        ]
      }
    },
    {
      "type": "Feature",
      "properties": {
        "id": "osm-way-1169245150",
        "name": "Unnamed Road",
        "highway": "residential",
        "lanes": null,
        "width": 5.5,
        "type": "road"
      },
      "geometry": {
        "type": "LineString",
        "coordinates": [
          [
            76.7135755,
            8.7418281
          ],
          [
            76.7136042,
            8.7418193
          ],
          [
            76.7136583,
            8.7418075
          ],
          [
            76.7136814,
            8.7418035
          ],
          [
            76.713695,
            8.7418012
          ],
          [
            76.7137133,
            8.7417831
          ],
          [
            76.7137252,
            8.7417335
          ],
          [
            76.7137435,
            8.7416587
          ],
          [
            76.7137595,
            8.7416508
          ],
          [
            76.7137873,
            8.7416469
          ],
          [
            76.713855,
            8.7416437
          ],
          [
            76.7138972,
            8.7416374
          ],
          [
            76.7139474,
            8.7416382
          ],
          [
            76.7139657,
            8.7416382
          ],
          [
            76.7140382,
            8.7416343
          ],
          [
            76.7140955,
            8.7416304
          ],
          [
            76.7141242,
            8.7416304
          ],
          [
            76.7141361,
            8.7416304
          ],
          [
            76.7141496,
            8.7416296
          ],
          [
            76.7141624,
            8.7416296
          ],
          [
            76.7141735,
            8.7416264
          ],
          [
            76.7141855,
            8.7416209
          ],
          [
            76.7141887,
            8.7416099
          ],
          [
            76.7141887,
            8.7415989
          ],
          [
            76.7141895,
            8.7415855
          ],
          [
            76.7141911,
            8.7415375
          ],
          [
            76.7141966,
            8.7413706
          ],
          [
            76.7141974,
            8.7413525
          ],
          [
            76.7141958,
            8.7413399
          ],
          [
            76.7141919,
            8.7413179
          ],
          [
            76.7141871,
            8.7412911
          ],
          [
            76.7141871,
            8.7412817
          ]
        ]
      }
    },
    {
      "type": "Feature",
      "properties": {
        "id": "osm-way-1169245151",
        "name": "Unnamed Road",
        "highway": "unclassified",
        "lanes": null,
        "width": 5.5,
        "type": "road"
      },
      "geometry": {
        "type": "LineString",
        "coordinates": [
          [
            76.7149671,
            8.7417275
          ],
          [
            76.7155098,
            8.7417751
          ]
        ]
      }
    },
    {
      "type": "Feature",
      "properties": {
        "id": "osm-way-1169245152",
        "name": "Unnamed Road",
        "highway": "unclassified",
        "lanes": null,
        "width": 5.5,
        "type": "road"
      },
      "geometry": {
        "type": "LineString",
        "coordinates": [
          [
            76.7149634,
            8.7422222
          ],
          [
            76.7152504,
            8.7422035
          ],
          [
            76.7153125,
            8.7422056
          ],
          [
            76.7153554,
            8.7422056
          ]
        ]
      }
    },
    {
      "type": "Feature",
      "properties": {
        "id": "osm-way-1169245153",
        "name": "Unnamed Road",
        "highway": "unclassified",
        "lanes": null,
        "width": 5.5,
        "type": "road"
      },
      "geometry": {
        "type": "LineString",
        "coordinates": [
          [
            76.7162093,
            8.742032
          ],
          [
            76.7158872,
            8.742017
          ],
          [
            76.7158544,
            8.7420267
          ],
          [
            76.7157562,
            8.7420105
          ],
          [
            76.7156514,
            8.742004
          ]
        ]
      }
    },
    {
      "type": "Feature",
      "properties": {
        "id": "osm-way-1169245154",
        "name": "Unnamed Road",
        "highway": "unclassified",
        "lanes": null,
        "width": 5.5,
        "type": "road"
      },
      "geometry": {
        "type": "LineString",
        "coordinates": [
          [
            76.7162827,
            8.7414776
          ],
          [
            76.7158741,
            8.7413793
          ]
        ]
      }
    },
    {
      "type": "Feature",
      "properties": {
        "id": "osm-way-1169245155",
        "name": "Unnamed Road",
        "highway": "unclassified",
        "lanes": null,
        "width": 5.5,
        "type": "road"
      },
      "geometry": {
        "type": "LineString",
        "coordinates": [
          [
            76.7162773,
            8.741519
          ],
          [
            76.7168369,
            8.7416383
          ]
        ]
      }
    },
    {
      "type": "Feature",
      "properties": {
        "id": "osm-way-1169245156",
        "name": "Unnamed Road",
        "highway": "unclassified",
        "lanes": null,
        "width": 5.5,
        "type": "road"
      },
      "geometry": {
        "type": "LineString",
        "coordinates": [
          [
            76.7176469,
            8.7389916
          ],
          [
            76.7178042,
            8.7387105
          ],
          [
            76.717861,
            8.7386543
          ],
          [
            76.7179207,
            8.7386402
          ],
          [
            76.7180686,
            8.7386964
          ]
        ]
      }
    },
    {
      "type": "Feature",
      "properties": {
        "id": "osm-way-1169245157",
        "name": "Unnamed Road",
        "highway": "residential",
        "lanes": null,
        "width": 5.5,
        "type": "road"
      },
      "geometry": {
        "type": "LineString",
        "coordinates": [
          [
            76.7109766,
            8.7367867
          ],
          [
            76.7110485,
            8.7367602
          ],
          [
            76.7112534,
            8.7367675
          ],
          [
            76.7115175,
            8.7367894
          ],
          [
            76.7115989,
            8.7367919
          ],
          [
            76.7119307,
            8.7367869
          ],
          [
            76.7119667,
            8.7368016
          ],
          [
            76.7119593,
            8.7369212
          ],
          [
            76.7119642,
            8.7369895
          ],
          [
            76.7119642,
            8.7370212
          ]
        ]
      }
    },
    {
      "type": "Feature",
      "properties": {
        "id": "osm-way-1169245158",
        "name": "Unnamed Road",
        "highway": "residential",
        "lanes": null,
        "width": 5.5,
        "type": "road"
      },
      "geometry": {
        "type": "LineString",
        "coordinates": [
          [
            76.7119307,
            8.7367869
          ],
          [
            76.7119321,
            8.7367114
          ],
          [
            76.7119667,
            8.7366626
          ],
          [
            76.711979,
            8.7365577
          ],
          [
            76.7119794,
            8.7363913
          ],
          [
            76.7122224,
            8.7363848
          ]
        ]
      }
    },
    {
      "type": "Feature",
      "properties": {
        "id": "osm-way-1169245159",
        "name": "Unnamed Road",
        "highway": "unclassified",
        "lanes": null,
        "width": 5.5,
        "type": "road"
      },
      "geometry": {
        "type": "LineString",
        "coordinates": [
          [
            76.7100799,
            8.7365041
          ],
          [
            76.7100215,
            8.7369907
          ],
          [
            76.7099989,
            8.7370392
          ],
          [
            76.70998,
            8.7370728
          ]
        ]
      }
    },
    {
      "type": "Feature",
      "properties": {
        "id": "osm-way-1169279275",
        "name": "Unnamed Road",
        "highway": "unclassified",
        "lanes": null,
        "width": 5.5,
        "type": "road"
      },
      "geometry": {
        "type": "LineString",
        "coordinates": [
          [
            76.7132155,
            8.7437064
          ],
          [
            76.7132103,
            8.7439803
          ],
          [
            76.7132093,
            8.7440364
          ],
          [
            76.7132011,
            8.7444674
          ],
          [
            76.713211,
            8.7444998
          ],
          [
            76.7136039,
            8.744448
          ],
          [
            76.7136565,
            8.7444467
          ],
          [
            76.7137382,
            8.7444447
          ],
          [
            76.713879,
            8.7443865
          ],
          [
            76.7138692,
            8.744312
          ],
          [
            76.7138856,
            8.7442602
          ],
          [
            76.7139707,
            8.7442182
          ],
          [
            76.7141115,
            8.7442117
          ],
          [
            76.7143277,
            8.7441761
          ],
          [
            76.7144259,
            8.7441728
          ],
          [
            76.7145143,
            8.7441696
          ],
          [
            76.7145831,
            8.7441372
          ],
          [
            76.71476,
            8.7441081
          ],
          [
            76.7148058,
            8.7441081
          ],
          [
            76.7150121,
            8.7440634
          ],
          [
            76.7152681,
            8.7440468
          ]
        ]
      }
    },
    {
      "type": "Feature",
      "properties": {
        "id": "osm-way-1169279276",
        "name": "Unnamed Road",
        "highway": "unclassified",
        "lanes": null,
        "width": 5.5,
        "type": "road"
      },
      "geometry": {
        "type": "LineString",
        "coordinates": [
          [
            76.7136565,
            8.7444467
          ],
          [
            76.7136793,
            8.7453044
          ],
          [
            76.713694,
            8.745316
          ],
          [
            76.713859,
            8.7453503
          ]
        ]
      }
    },
    {
      "type": "Feature",
      "properties": {
        "id": "osm-way-1169279277",
        "name": "Unnamed Road",
        "highway": "unclassified",
        "lanes": null,
        "width": 5.5,
        "type": "road"
      },
      "geometry": {
        "type": "LineString",
        "coordinates": [
          [
            76.7132103,
            8.7439803
          ],
          [
            76.7135475,
            8.7439842
          ]
        ]
      }
    },
    {
      "type": "Feature",
      "properties": {
        "id": "osm-way-1169279278",
        "name": "Unnamed Road",
        "highway": "unclassified",
        "lanes": null,
        "width": 5.5,
        "type": "road"
      },
      "geometry": {
        "type": "LineString",
        "coordinates": [
          [
            76.7132093,
            8.7440364
          ],
          [
            76.712827,
            8.7440141
          ]
        ]
      }
    },
    {
      "type": "Feature",
      "properties": {
        "id": "osm-way-1169279279",
        "name": "Unnamed Road",
        "highway": "unclassified",
        "lanes": null,
        "width": 5.5,
        "type": "road"
      },
      "geometry": {
        "type": "LineString",
        "coordinates": [
          [
            76.713211,
            8.7444998
          ],
          [
            76.7131453,
            8.7445131
          ],
          [
            76.712969,
            8.7445046
          ],
          [
            76.7128041,
            8.7444737
          ]
        ]
      }
    },
    {
      "type": "Feature",
      "properties": {
        "id": "osm-way-1169279280",
        "name": "Unnamed Road",
        "highway": "unclassified",
        "lanes": null,
        "width": 5.5,
        "type": "road"
      },
      "geometry": {
        "type": "LineString",
        "coordinates": [
          [
            76.7145143,
            8.7441696
          ],
          [
            76.7145541,
            8.7445979
          ],
          [
            76.7145569,
            8.7446232
          ],
          [
            76.7145399,
            8.7446457
          ],
          [
            76.7144981,
            8.7446534
          ],
          [
            76.7144489,
            8.7446541
          ],
          [
            76.714441,
            8.744666
          ]
        ]
      }
    },
    {
      "type": "Feature",
      "properties": {
        "id": "osm-way-1169279281",
        "name": "Unnamed Road",
        "highway": "unclassified",
        "lanes": null,
        "width": 5.5,
        "type": "road"
      },
      "geometry": {
        "type": "LineString",
        "coordinates": [
          [
            76.7153292,
            8.7450086
          ],
          [
            76.7148475,
            8.7450278
          ]
        ]
      }
    },
    {
      "type": "Feature",
      "properties": {
        "id": "osm-way-1169279282",
        "name": "Unnamed Road",
        "highway": "unclassified",
        "lanes": null,
        "width": 5.5,
        "type": "road"
      },
      "geometry": {
        "type": "LineString",
        "coordinates": [
          [
            76.7153116,
            8.7454389
          ],
          [
            76.7157785,
            8.7454285
          ],
          [
            76.7159136,
            8.7453839
          ],
          [
            76.7160337,
            8.7453394
          ]
        ]
      }
    },
    {
      "type": "Feature",
      "properties": {
        "id": "osm-way-1169279283",
        "name": "Unnamed Road",
        "highway": "unclassified",
        "lanes": null,
        "width": 5.5,
        "type": "road"
      },
      "geometry": {
        "type": "LineString",
        "coordinates": [
          [
            76.7153144,
            8.7456424
          ],
          [
            76.7156869,
            8.7456477
          ],
          [
            76.7156978,
            8.7456417
          ],
          [
            76.7157003,
            8.7456237
          ],
          [
            76.71571,
            8.745507
          ],
          [
            76.7157197,
            8.7454721
          ],
          [
            76.7157209,
            8.7454589
          ]
        ]
      }
    },
    {
      "type": "Feature",
      "properties": {
        "id": "osm-way-1169279284",
        "name": "Unnamed Road",
        "highway": "unclassified",
        "lanes": null,
        "width": 5.5,
        "type": "road"
      },
      "geometry": {
        "type": "LineString",
        "coordinates": [
          [
            76.7153371,
            8.7457456
          ],
          [
            76.7151854,
            8.7458095
          ],
          [
            76.7151104,
            8.745835
          ],
          [
            76.7149133,
            8.7458815
          ],
          [
            76.7148404,
            8.74589
          ],
          [
            76.714699,
            8.7458964
          ]
        ]
      }
    },
    {
      "type": "Feature",
      "properties": {
        "id": "osm-way-1169279285",
        "name": "Unnamed Road",
        "highway": "unclassified",
        "lanes": null,
        "width": 5.5,
        "type": "road"
      },
      "geometry": {
        "type": "LineString",
        "coordinates": [
          [
            76.7154624,
            8.7460894
          ],
          [
            76.7151431,
            8.7461435
          ],
          [
            76.7149539,
            8.7461532
          ],
          [
            76.714874,
            8.7461546
          ],
          [
            76.7147604,
            8.7461796
          ]
        ]
      }
    },
    {
      "type": "Feature",
      "properties": {
        "id": "osm-way-1169279286",
        "name": "Unnamed Road",
        "highway": "unclassified",
        "lanes": null,
        "width": 5.5,
        "type": "road"
      },
      "geometry": {
        "type": "LineString",
        "coordinates": [
          [
            76.7156051,
            8.7464534
          ],
          [
            76.7160609,
            8.7463736
          ],
          [
            76.7161595,
            8.7463718
          ]
        ]
      }
    },
    {
      "type": "Feature",
      "properties": {
        "id": "osm-way-1169279287",
        "name": "Unnamed Road",
        "highway": "unclassified",
        "lanes": null,
        "width": 5.5,
        "type": "road"
      },
      "geometry": {
        "type": "LineString",
        "coordinates": [
          [
            76.7156588,
            8.7466471
          ],
          [
            76.7158842,
            8.746631
          ],
          [
            76.716046,
            8.7466218
          ]
        ]
      }
    },
    {
      "type": "Feature",
      "properties": {
        "id": "osm-way-1169279288",
        "name": "Unnamed Road",
        "highway": "unclassified",
        "lanes": null,
        "width": 5.5,
        "type": "road"
      },
      "geometry": {
        "type": "LineString",
        "coordinates": [
          [
            76.7157477,
            8.7468898
          ],
          [
            76.7159753,
            8.7468792
          ],
          [
            76.7160274,
            8.7468829
          ],
          [
            76.7160664,
            8.7468902
          ]
        ]
      }
    },
    {
      "type": "Feature",
      "properties": {
        "id": "osm-way-1169279289",
        "name": "Unnamed Road",
        "highway": "unclassified",
        "lanes": null,
        "width": 5.5,
        "type": "road"
      },
      "geometry": {
        "type": "LineString",
        "coordinates": [
          [
            76.7182515,
            8.7458565
          ],
          [
            76.7179561,
            8.7452556
          ],
          [
            76.7178708,
            8.7450926
          ]
        ]
      }
    },
    {
      "type": "Feature",
      "properties": {
        "id": "osm-way-1169279290",
        "name": "Unnamed Road",
        "highway": "unclassified",
        "lanes": null,
        "width": 5.5,
        "type": "road"
      },
      "geometry": {
        "type": "LineString",
        "coordinates": [
          [
            76.7168692,
            8.7436517
          ],
          [
            76.7174418,
            8.7444016
          ]
        ]
      }
    },
    {
      "type": "Feature",
      "properties": {
        "id": "osm-way-1169279291",
        "name": "Unnamed Road",
        "highway": "unclassified",
        "lanes": null,
        "width": 5.5,
        "type": "road"
      },
      "geometry": {
        "type": "LineString",
        "coordinates": [
          [
            76.7172667,
            8.7433818
          ],
          [
            76.7174157,
            8.7436242
          ]
        ]
      }
    },
    {
      "type": "Feature",
      "properties": {
        "id": "osm-way-1169279292",
        "name": "Unnamed Road",
        "highway": "unclassified",
        "lanes": null,
        "width": 5.5,
        "type": "road"
      },
      "geometry": {
        "type": "LineString",
        "coordinates": [
          [
            76.7184114,
            8.7426792
          ],
          [
            76.7183934,
            8.7427825
          ],
          [
            76.7183717,
            8.7429714
          ]
        ]
      }
    },
    {
      "type": "Feature",
      "properties": {
        "id": "osm-way-1169279293",
        "name": "Unnamed Road",
        "highway": "unclassified",
        "lanes": null,
        "width": 5.5,
        "type": "road"
      },
      "geometry": {
        "type": "LineString",
        "coordinates": [
          [
            76.7181799,
            8.7421883
          ],
          [
            76.7181327,
            8.7422284
          ],
          [
            76.7180933,
            8.7426343
          ]
        ]
      }
    },
    {
      "type": "Feature",
      "properties": {
        "id": "osm-way-1169279294",
        "name": "Unnamed Road",
        "highway": "unclassified",
        "lanes": null,
        "width": 5.5,
        "type": "road"
      },
      "geometry": {
        "type": "LineString",
        "coordinates": [
          [
            76.7198392,
            8.7421477
          ],
          [
            76.7202995,
            8.7421177
          ],
          [
            76.7205602,
            8.7421048
          ],
          [
            76.7207601,
            8.7421263
          ],
          [
            76.7208079,
            8.7421263
          ]
        ]
      }
    },
    {
      "type": "Feature",
      "properties": {
        "id": "osm-way-1169279295",
        "name": "Unnamed Road",
        "highway": "unclassified",
        "lanes": null,
        "width": 5.5,
        "type": "road"
      },
      "geometry": {
        "type": "LineString",
        "coordinates": [
          [
            76.7214559,
            8.7433493
          ],
          [
            76.7216007,
            8.7433691
          ],
          [
            76.7217957,
            8.743408
          ],
          [
            76.7220159,
            8.7434179
          ],
          [
            76.7220336,
            8.7434167
          ],
          [
            76.7224864,
            8.7433882
          ],
          [
            76.7227066,
            8.7433882
          ],
          [
            76.7228799,
            8.7433882
          ],
          [
            76.7229368,
            8.7433882
          ],
          [
            76.7233072,
            8.7433931
          ],
          [
            76.7233785,
            8.7433874
          ],
          [
            76.7235525,
            8.7433733
          ],
          [
            76.7237026,
            8.7433931
          ],
          [
            76.7239028,
            8.743868
          ],
          [
            76.7239529,
            8.7440659
          ],
          [
            76.7239679,
            8.7442292
          ],
          [
            76.7240079,
            8.744343
          ],
          [
            76.724068,
            8.7445854
          ],
          [
            76.7240729,
            8.7446205
          ],
          [
            76.724083,
            8.7446942
          ],
          [
            76.724043,
            8.7447832
          ],
          [
            76.7240029,
            8.7448574
          ],
          [
            76.7239779,
            8.7449069
          ],
          [
            76.7239679,
            8.7449514
          ],
          [
            76.7239487,
            8.7449865
          ],
          [
            76.7239515,
            8.7450315
          ],
          [
            76.7239544,
            8.7450792
          ],
          [
            76.7239458,
            8.7451242
          ],
          [
            76.7239402,
            8.7451692
          ],
          [
            76.7239203,
            8.7452225
          ],
          [
            76.7239004,
            8.7452563
          ],
          [
            76.7238691,
            8.7452956
          ],
          [
            76.7238463,
            8.7453321
          ],
          [
            76.7238179,
            8.7453743
          ],
          [
            76.7237866,
            8.7454277
          ],
          [
            76.7237724,
            8.7454698
          ],
          [
            76.7237554,
            8.7455063
          ],
          [
            76.723744,
            8.7455344
          ],
          [
            76.7237269,
            8.7455682
          ],
          [
            76.7237184,
            8.7455935
          ]
        ]
      }
    },
    {
      "type": "Feature",
      "properties": {
        "id": "osm-way-1169279296",
        "name": "Unnamed Road",
        "highway": "unclassified",
        "lanes": null,
        "width": 5.5,
        "type": "road"
      },
      "geometry": {
        "type": "LineString",
        "coordinates": [
          [
            76.7239487,
            8.7449865
          ],
          [
            76.7239856,
            8.7450202
          ],
          [
            76.7240311,
            8.7450287
          ],
          [
            76.7240766,
            8.7450343
          ],
          [
            76.7241107,
            8.7450399
          ],
          [
            76.7241505,
            8.7450399
          ],
          [
            76.7241733,
            8.7450539
          ],
          [
            76.7242102,
            8.7450624
          ],
          [
            76.7242472,
            8.7450792
          ],
          [
            76.7242898,
            8.7450961
          ],
          [
            76.724341,
            8.7451158
          ],
          [
            76.7243894,
            8.7451523
          ],
          [
            76.7244036,
            8.7451776
          ],
          [
            76.7244292,
            8.7452169
          ],
          [
            76.724469,
            8.7452675
          ],
          [
            76.7245094,
            8.7453144
          ],
          [
            76.7245549,
            8.7453341
          ],
          [
            76.7246203,
            8.7453537
          ],
          [
            76.7246573,
            8.7453593
          ],
          [
            76.7247113,
            8.7453678
          ],
          [
            76.7247426,
            8.7453706
          ],
          [
            76.7247909,
            8.7453706
          ]
        ]
      }
    },
    {
      "type": "Feature",
      "properties": {
        "id": "osm-way-1169279297",
        "name": "Unnamed Road",
        "highway": "unclassified",
        "lanes": null,
        "width": 5.5,
        "type": "road"
      },
      "geometry": {
        "type": "LineString",
        "coordinates": [
          [
            76.7240729,
            8.7446205
          ],
          [
            76.7241882,
            8.7446091
          ],
          [
            76.7242479,
            8.7446063
          ],
          [
            76.7243047,
            8.7446203
          ],
          [
            76.7243673,
            8.7446259
          ],
          [
            76.7244355,
            8.7446372
          ],
          [
            76.7244867,
            8.7446372
          ],
          [
            76.7245635,
            8.7446316
          ],
          [
            76.7246431,
            8.7446231
          ],
          [
            76.7246885,
            8.7446231
          ],
          [
            76.7247198,
            8.7446203
          ]
        ]
      }
    },
    {
      "type": "Feature",
      "properties": {
        "id": "osm-way-1169279298",
        "name": "Unnamed Road",
        "highway": "unclassified",
        "lanes": null,
        "width": 5.5,
        "type": "road"
      },
      "geometry": {
        "type": "LineString",
        "coordinates": [
          [
            76.7227066,
            8.7433882
          ],
          [
            76.7226947,
            8.7430885
          ]
        ]
      }
    },
    {
      "type": "Feature",
      "properties": {
        "id": "osm-way-1169279299",
        "name": "Unnamed Road",
        "highway": "unclassified",
        "lanes": null,
        "width": 5.5,
        "type": "road"
      },
      "geometry": {
        "type": "LineString",
        "coordinates": [
          [
            76.7228799,
            8.7433882
          ],
          [
            76.7228899,
            8.7430984
          ]
        ]
      }
    },
    {
      "type": "Feature",
      "properties": {
        "id": "osm-way-1169279300",
        "name": "Unnamed Road",
        "highway": "unclassified",
        "lanes": null,
        "width": 5.5,
        "type": "road"
      },
      "geometry": {
        "type": "LineString",
        "coordinates": [
          [
            76.7233785,
            8.7433874
          ],
          [
            76.7235177,
            8.743784
          ],
          [
            76.7235305,
            8.7438433
          ],
          [
            76.7235221,
            8.7438603
          ],
          [
            76.7235081,
            8.7438686
          ],
          [
            76.7233707,
            8.7438755
          ]
        ]
      }
    },
    {
      "type": "Feature",
      "properties": {
        "id": "osm-way-1169279301",
        "name": "Unnamed Road",
        "highway": "unclassified",
        "lanes": null,
        "width": 5.5,
        "type": "road"
      },
      "geometry": {
        "type": "LineString",
        "coordinates": [
          [
            76.7220336,
            8.7434167
          ],
          [
            76.7220805,
            8.7436791
          ],
          [
            76.7221493,
            8.743942
          ],
          [
            76.7221623,
            8.7439659
          ],
          [
            76.7221828,
            8.7439733
          ],
          [
            76.7222758,
            8.7439806
          ],
          [
            76.722432,
            8.7439898
          ],
          [
            76.7227799,
            8.7440321
          ],
          [
            76.7229268,
            8.7440376
          ],
          [
            76.7230384,
            8.7440468
          ],
          [
            76.7232059,
            8.7440652
          ]
        ]
      }
    },
    {
      "type": "Feature",
      "properties": {
        "id": "osm-way-1169279302",
        "name": "Unnamed Road",
        "highway": "unclassified",
        "lanes": null,
        "width": 5.5,
        "type": "road"
      },
      "geometry": {
        "type": "LineString",
        "coordinates": [
          [
            76.7230384,
            8.7440468
          ],
          [
            76.7229938,
            8.7444697
          ]
        ]
      }
    },
    {
      "type": "Feature",
      "properties": {
        "id": "osm-way-1169279303",
        "name": "Unnamed Road",
        "highway": "unclassified",
        "lanes": null,
        "width": 5.5,
        "type": "road"
      },
      "geometry": {
        "type": "LineString",
        "coordinates": [
          [
            76.7202216,
            8.7450673
          ],
          [
            76.7210629,
            8.7451462
          ],
          [
            76.7210896,
            8.7451541
          ],
          [
            76.7210952,
            8.7451725
          ],
          [
            76.7210729,
            8.7455549
          ],
          [
            76.7210729,
            8.7456083
          ],
          [
            76.7210783,
            8.7456433
          ],
          [
            76.7210803,
            8.7456561
          ],
          [
            76.7210935,
            8.7457374
          ],
          [
            76.721122,
            8.7458189
          ],
          [
            76.7211618,
            8.7460465
          ],
          [
            76.7212243,
            8.7465439
          ],
          [
            76.7212584,
            8.7467771
          ],
          [
            76.7212641,
            8.7469289
          ],
          [
            76.7212727,
            8.747016
          ],
          [
            76.7212727,
            8.7470722
          ],
          [
            76.7212643,
            8.7471071
          ]
        ]
      }
    },
    {
      "type": "Feature",
      "properties": {
        "id": "osm-way-1169279304",
        "name": "Unnamed Road",
        "highway": "unclassified",
        "lanes": null,
        "width": 5.5,
        "type": "road"
      },
      "geometry": {
        "type": "LineString",
        "coordinates": [
          [
            76.7210783,
            8.7456433
          ],
          [
            76.7214914,
            8.7456478
          ]
        ]
      }
    },
    {
      "type": "Feature",
      "properties": {
        "id": "osm-way-1169279305",
        "name": "Unnamed Road",
        "highway": "unclassified",
        "lanes": null,
        "width": 5.5,
        "type": "road"
      },
      "geometry": {
        "type": "LineString",
        "coordinates": [
          [
            76.7201111,
            8.7455695
          ],
          [
            76.7205304,
            8.7455835
          ]
        ]
      }
    },
    {
      "type": "Feature",
      "properties": {
        "id": "osm-way-1169279306",
        "name": "Unnamed Road",
        "highway": "unclassified",
        "lanes": null,
        "width": 5.5,
        "type": "road"
      },
      "geometry": {
        "type": "LineString",
        "coordinates": [
          [
            76.7199564,
            8.7460684
          ],
          [
            76.7204503,
            8.7460782
          ]
        ]
      }
    },
    {
      "type": "Feature",
      "properties": {
        "id": "osm-way-1169279307",
        "name": "Unnamed Road",
        "highway": "unclassified",
        "lanes": null,
        "width": 5.5,
        "type": "road"
      },
      "geometry": {
        "type": "LineString",
        "coordinates": [
          [
            76.7198206,
            8.7464892
          ],
          [
            76.7203802,
            8.7465581
          ]
        ]
      }
    },
    {
      "type": "Feature",
      "properties": {
        "id": "osm-way-1169279308",
        "name": "Unnamed Road",
        "highway": "unclassified",
        "lanes": null,
        "width": 5.5,
        "type": "road"
      },
      "geometry": {
        "type": "LineString",
        "coordinates": [
          [
            76.7200764,
            8.7457084
          ],
          [
            76.7197021,
            8.7457164
          ],
          [
            76.7196495,
            8.7456726
          ],
          [
            76.7196466,
            8.745619
          ],
          [
            76.7196182,
            8.745588
          ],
          [
            76.7195812,
            8.7455852
          ],
          [
            76.7193452,
            8.7456471
          ],
          [
            76.7193111,
            8.7456667
          ],
          [
            76.7192884,
            8.7456864
          ],
          [
            76.7192543,
            8.7457089
          ],
          [
            76.7191576,
            8.7457061
          ]
        ]
      }
    },
    {
      "type": "Feature",
      "properties": {
        "id": "osm-way-1169279309",
        "name": "Unnamed Road",
        "highway": "unclassified",
        "lanes": null,
        "width": 5.5,
        "type": "road"
      },
      "geometry": {
        "type": "LineString",
        "coordinates": [
          [
            76.7229915,
            8.7454526
          ],
          [
            76.7229408,
            8.745577
          ],
          [
            76.7229276,
            8.7458264
          ],
          [
            76.7229076,
            8.7459905
          ],
          [
            76.7228811,
            8.7461218
          ],
          [
            76.7228811,
            8.7462925
          ],
          [
            76.7228744,
            8.7464828
          ],
          [
            76.722884,
            8.7465356
          ],
          [
            76.7229076,
            8.7466666
          ],
          [
            76.7229408,
            8.7468438
          ],
          [
            76.7229674,
            8.747021
          ],
          [
            76.7229807,
            8.7472311
          ],
          [
            76.722994,
            8.7473427
          ],
          [
            76.7229674,
            8.7474411
          ],
          [
            76.7229342,
            8.7475462
          ],
          [
            76.7229342,
            8.7476249
          ],
          [
            76.7229317,
            8.7477784
          ]
        ]
      }
    },
    {
      "type": "Feature",
      "properties": {
        "id": "osm-way-1169279310",
        "name": "Unnamed Road",
        "highway": "unclassified",
        "lanes": null,
        "width": 5.5,
        "type": "road"
      },
      "geometry": {
        "type": "LineString",
        "coordinates": [
          [
            76.7230713,
            8.7454758
          ],
          [
            76.7231866,
            8.7452225
          ],
          [
            76.7231932,
            8.7451241
          ]
        ]
      }
    },
    {
      "type": "Feature",
      "properties": {
        "id": "osm-way-1169279311",
        "name": "Unnamed Road",
        "highway": "unclassified",
        "lanes": null,
        "width": 5.5,
        "type": "road"
      },
      "geometry": {
        "type": "LineString",
        "coordinates": [
          [
            76.7231871,
            8.7455213
          ],
          [
            76.7231109,
            8.7456668
          ],
          [
            76.7230912,
            8.745738
          ],
          [
            76.7230945,
            8.7457866
          ]
        ]
      }
    },
    {
      "type": "Feature",
      "properties": {
        "id": "osm-way-1169279312",
        "name": "Unnamed Road",
        "highway": "unclassified",
        "lanes": null,
        "width": 5.5,
        "type": "road"
      },
      "geometry": {
        "type": "LineString",
        "coordinates": [
          [
            76.7235738,
            8.7455728
          ],
          [
            76.7235475,
            8.7457889
          ],
          [
            76.7235475,
            8.7458226
          ],
          [
            76.7235134,
            8.7458423
          ],
          [
            76.7234537,
            8.7458423
          ],
          [
            76.7234394,
            8.7458647
          ],
          [
            76.7234252,
            8.7462413
          ],
          [
            76.7234252,
            8.7462778
          ],
          [
            76.7234281,
            8.7463677
          ]
        ]
      }
    },
    {
      "type": "Feature",
      "properties": {
        "id": "osm-way-1169279313",
        "name": "Unnamed Road",
        "highway": "unclassified",
        "lanes": null,
        "width": 5.5,
        "type": "road"
      },
      "geometry": {
        "type": "LineString",
        "coordinates": [
          [
            76.722884,
            8.7465356
          ],
          [
            76.7224242,
            8.746524
          ]
        ]
      }
    },
    {
      "type": "Feature",
      "properties": {
        "id": "osm-way-1169799044",
        "name": "Unnamed Road",
        "highway": "unclassified",
        "lanes": null,
        "width": 5.5,
        "type": "road"
      },
      "geometry": {
        "type": "LineString",
        "coordinates": [
          [
            76.7102732,
            8.7435313
          ],
          [
            76.7103857,
            8.7435009
          ],
          [
            76.7105022,
            8.7434792
          ],
          [
            76.7105297,
            8.7434728
          ],
          [
            76.7106637,
            8.7434564
          ],
          [
            76.7107913,
            8.7434633
          ],
          [
            76.7112007,
            8.7434521
          ],
          [
            76.7112273,
            8.7434512
          ],
          [
            76.7112466,
            8.7434412
          ],
          [
            76.7112567,
            8.7434267
          ],
          [
            76.7112603,
            8.7433904
          ],
          [
            76.7112612,
            8.7432091
          ]
        ]
      }
    },
    {
      "type": "Feature",
      "properties": {
        "id": "osm-way-1169799045",
        "name": "Unnamed Road",
        "highway": "unclassified",
        "lanes": null,
        "width": 5.5,
        "type": "road"
      },
      "geometry": {
        "type": "LineString",
        "coordinates": [
          [
            76.7132262,
            8.7434734
          ],
          [
            76.7129483,
            8.7434538
          ],
          [
            76.7128792,
            8.7434587
          ],
          [
            76.7128002,
            8.7434855
          ],
          [
            76.7127064,
            8.743544
          ],
          [
            76.71262,
            8.7436197
          ]
        ]
      }
    },
    {
      "type": "Feature",
      "properties": {
        "id": "osm-way-1169799046",
        "name": "Unnamed Road",
        "highway": "unclassified",
        "lanes": null,
        "width": 5.5,
        "type": "road"
      },
      "geometry": {
        "type": "LineString",
        "coordinates": [
          [
            76.713941,
            8.7429772
          ],
          [
            76.7139546,
            8.7432065
          ],
          [
            76.7139529,
            8.7434806
          ]
        ]
      }
    },
    {
      "type": "Feature",
      "properties": {
        "id": "osm-way-1169799048",
        "name": "Unnamed Road",
        "highway": "residential",
        "lanes": null,
        "width": 5.5,
        "type": "road"
      },
      "geometry": {
        "type": "LineString",
        "coordinates": [
          [
            76.7106934,
            8.7450464
          ],
          [
            76.7104556,
            8.7450971
          ],
          [
            76.7100946,
            8.7451954
          ]
        ]
      }
    },
    {
      "type": "Feature",
      "properties": {
        "id": "osm-way-1169799049",
        "name": "Unnamed Road",
        "highway": "residential",
        "lanes": null,
        "width": 5.5,
        "type": "road"
      },
      "geometry": {
        "type": "LineString",
        "coordinates": [
          [
            76.7097356,
            8.7444358
          ],
          [
            76.7097779,
            8.7446199
          ],
          [
            76.7098041,
            8.7447624
          ],
          [
            76.7098205,
            8.7449501
          ],
          [
            76.7098225,
            8.7449795
          ],
          [
            76.7098155,
            8.7450002
          ],
          [
            76.7097973,
            8.7450127
          ],
          [
            76.7094973,
            8.7449878
          ],
          [
            76.7090697,
            8.744931
          ],
          [
            76.7088174,
            8.7448866
          ]
        ]
      }
    },
    {
      "type": "Feature",
      "properties": {
        "id": "osm-way-1169799050",
        "name": "Unnamed Road",
        "highway": "residential",
        "lanes": null,
        "width": 5.5,
        "type": "road"
      },
      "geometry": {
        "type": "LineString",
        "coordinates": [
          [
            76.7090126,
            8.7442977
          ],
          [
            76.7090979,
            8.743797
          ],
          [
            76.7091137,
            8.7436563
          ],
          [
            76.7091112,
            8.7435514
          ],
          [
            76.7091088,
            8.7434075
          ],
          [
            76.7091088,
            8.7433075
          ]
        ]
      }
    },
    {
      "type": "Feature",
      "properties": {
        "id": "osm-way-1169799051",
        "name": "Unnamed Road",
        "highway": "residential",
        "lanes": null,
        "width": 5.5,
        "type": "road"
      },
      "geometry": {
        "type": "LineString",
        "coordinates": [
          [
            76.7080713,
            8.7441909
          ],
          [
            76.7080778,
            8.7437278
          ]
        ]
      }
    },
    {
      "type": "Feature",
      "properties": {
        "id": "osm-way-1169799052",
        "name": "Unnamed Road",
        "highway": "residential",
        "lanes": null,
        "width": 5.5,
        "type": "road"
      },
      "geometry": {
        "type": "LineString",
        "coordinates": [
          [
            76.7077747,
            8.7429474
          ],
          [
            76.7077394,
            8.7426384
          ]
        ]
      }
    },
    {
      "type": "Feature",
      "properties": {
        "id": "osm-way-1169799053",
        "name": "Unnamed Road",
        "highway": "unclassified",
        "lanes": null,
        "width": 5.5,
        "type": "road"
      },
      "geometry": {
        "type": "LineString",
        "coordinates": [
          [
            76.7086639,
            8.7424047
          ],
          [
            76.7086788,
            8.7423866
          ],
          [
            76.7086825,
            8.7423481
          ],
          [
            76.708685,
            8.742329
          ],
          [
            76.708691,
            8.7422844
          ]
        ]
      }
    },
    {
      "type": "Feature",
      "properties": {
        "id": "osm-way-1169799054",
        "name": "Unnamed Road",
        "highway": "residential",
        "lanes": null,
        "width": 5.5,
        "type": "road"
      },
      "geometry": {
        "type": "LineString",
        "coordinates": [
          [
            76.708685,
            8.742329
          ],
          [
            76.7086682,
            8.7422999
          ],
          [
            76.7086642,
            8.7422803
          ],
          [
            76.708665,
            8.7422543
          ],
          [
            76.7086753,
            8.7421653
          ],
          [
            76.7086769,
            8.7421236
          ],
          [
            76.7086706,
            8.7421103
          ],
          [
            76.7086562,
            8.7421008
          ],
          [
            76.7085981,
            8.7420866
          ],
          [
            76.7085384,
            8.7420678
          ]
        ]
      }
    },
    {
      "type": "Feature",
      "properties": {
        "id": "osm-way-1169799055",
        "name": "Unnamed Road",
        "highway": "residential",
        "lanes": null,
        "width": 5.5,
        "type": "road"
      },
      "geometry": {
        "type": "LineString",
        "coordinates": [
          [
            76.7088973,
            8.7390492
          ],
          [
            76.7088614,
            8.7387705
          ]
        ]
      }
    },
    {
      "type": "Feature",
      "properties": {
        "id": "osm-way-1169799056",
        "name": "Unnamed Road",
        "highway": "residential",
        "lanes": null,
        "width": 5.5,
        "type": "road"
      },
      "geometry": {
        "type": "LineString",
        "coordinates": [
          [
            76.7080232,
            8.7390123
          ],
          [
            76.7080058,
            8.7390553
          ],
          [
            76.7080002,
            8.7390844
          ],
          [
            76.7080052,
            8.7394088
          ],
          [
            76.7080043,
            8.7394307
          ],
          [
            76.707997,
            8.7394441
          ],
          [
            76.7079821,
            8.7394495
          ],
          [
            76.7078459,
            8.739458
          ],
          [
            76.7078274,
            8.7394615
          ],
          [
            76.7078107,
            8.7394669
          ],
          [
            76.7077871,
            8.7394848
          ]
        ]
      }
    },
    {
      "type": "Feature",
      "properties": {
        "id": "osm-way-1169799057",
        "name": "Unnamed Road",
        "highway": "residential",
        "lanes": null,
        "width": 5.5,
        "type": "road"
      },
      "geometry": {
        "type": "LineString",
        "coordinates": [
          [
            76.7080186,
            8.739001
          ],
          [
            76.7079285,
            8.7390352
          ],
          [
            76.7079147,
            8.7390459
          ],
          [
            76.7079045,
            8.7390583
          ],
          [
            76.7078949,
            8.7390744
          ],
          [
            76.7078913,
            8.739107
          ],
          [
            76.7078985,
            8.7392333
          ],
          [
            76.7078985,
            8.7392434
          ],
          [
            76.7078895,
            8.7392636
          ],
          [
            76.7078739,
            8.739282
          ],
          [
            76.7078511,
            8.7392897
          ],
          [
            76.7073535,
            8.7393555
          ]
        ]
      }
    },
    {
      "type": "Feature",
      "properties": {
        "id": "osm-way-1169799058",
        "name": "Unnamed Road",
        "highway": "residential",
        "lanes": null,
        "width": 5.5,
        "type": "road"
      },
      "geometry": {
        "type": "LineString",
        "coordinates": [
          [
            76.7080175,
            8.7387882
          ],
          [
            76.7076736,
            8.7387961
          ]
        ]
      }
    },
    {
      "type": "Feature",
      "properties": {
        "id": "osm-way-1169799059",
        "name": "Unnamed Road",
        "highway": "unclassified",
        "lanes": null,
        "width": 5.5,
        "type": "road"
      },
      "geometry": {
        "type": "LineString",
        "coordinates": [
          [
            76.7093569,
            8.7376845
          ],
          [
            76.7095131,
            8.7376571
          ],
          [
            76.7099323,
            8.7376538
          ]
        ]
      }
    },
    {
      "type": "Feature",
      "properties": {
        "id": "osm-way-1169799060",
        "name": "Unnamed Road",
        "highway": "residential",
        "lanes": null,
        "width": 5.5,
        "type": "road"
      },
      "geometry": {
        "type": "LineString",
        "coordinates": [
          [
            76.7094854,
            8.7382775
          ],
          [
            76.7094924,
            8.7383933
          ],
          [
            76.7095114,
            8.7388987
          ]
        ]
      }
    },
    {
      "type": "Feature",
      "properties": {
        "id": "osm-way-1169799061",
        "name": "Unnamed Road",
        "highway": "unclassified",
        "lanes": null,
        "width": 5.5,
        "type": "road"
      },
      "geometry": {
        "type": "LineString",
        "coordinates": [
          [
            76.7120097,
            8.7356394
          ],
          [
            76.7122214,
            8.7356445
          ],
          [
            76.7122269,
            8.735646
          ],
          [
            76.712237,
            8.7356518
          ]
        ]
      }
    },
    {
      "type": "Feature",
      "properties": {
        "id": "osm-way-1169799062",
        "name": "Unnamed Road",
        "highway": "residential",
        "lanes": null,
        "width": 5.5,
        "type": "road"
      },
      "geometry": {
        "type": "LineString",
        "coordinates": [
          [
            76.7128758,
            8.7354671
          ],
          [
            76.7126535,
            8.7354702
          ],
          [
            76.7126304,
            8.735472
          ],
          [
            76.7126026,
            8.7354743
          ],
          [
            76.7125275,
            8.7354786
          ],
          [
            76.7124382,
            8.7354905
          ],
          [
            76.7124299,
            8.7354923
          ],
          [
            76.7124223,
            8.7354966
          ],
          [
            76.7124171,
            8.7355038
          ],
          [
            76.7124145,
            8.7355107
          ],
          [
            76.712414,
            8.7355151
          ],
          [
            76.7124151,
            8.7355197
          ],
          [
            76.7124338,
            8.7355924
          ],
          [
            76.7124338,
            8.7356027
          ],
          [
            76.7124317,
            8.7356099
          ],
          [
            76.7124265,
            8.7356178
          ],
          [
            76.7124192,
            8.7356242
          ],
          [
            76.7124083,
            8.7356284
          ],
          [
            76.7123804,
            8.7356315
          ],
          [
            76.7122566,
            8.7356465
          ],
          [
            76.7122477,
            8.735647
          ],
          [
            76.7122404,
            8.7356495
          ],
          [
            76.712237,
            8.7356518
          ],
          [
            76.7122345,
            8.7356542
          ],
          [
            76.7122333,
            8.7356559
          ],
          [
            76.7122297,
            8.7356615
          ],
          [
            76.7122285,
            8.7356706
          ],
          [
            76.7122274,
            8.7357623
          ]
        ]
      }
    },
    {
      "type": "Feature",
      "properties": {
        "id": "osm-way-1169799063",
        "name": "Unnamed Road",
        "highway": "residential",
        "lanes": null,
        "width": 5.5,
        "type": "road"
      },
      "geometry": {
        "type": "LineString",
        "coordinates": [
          [
            76.7128536,
            8.7350014
          ],
          [
            76.7121864,
            8.7350081
          ]
        ]
      }
    },
    {
      "type": "Feature",
      "properties": {
        "id": "osm-way-1169799834",
        "name": "Unnamed Road",
        "highway": "residential",
        "lanes": null,
        "width": 5.5,
        "type": "road"
      },
      "geometry": {
        "type": "LineString",
        "coordinates": [
          [
            76.7120212,
            8.7345915
          ],
          [
            76.712011,
            8.7348651
          ]
        ]
      }
    },
    {
      "type": "Feature",
      "properties": {
        "id": "osm-way-1169799835",
        "name": "Unnamed Road",
        "highway": "residential",
        "lanes": null,
        "width": 5.5,
        "type": "road"
      },
      "geometry": {
        "type": "LineString",
        "coordinates": [
          [
            76.7125457,
            8.7339688
          ],
          [
            76.7126865,
            8.7336945
          ],
          [
            76.7127061,
            8.7336641
          ],
          [
            76.7127277,
            8.7336407
          ],
          [
            76.7127669,
            8.7336151
          ],
          [
            76.7128165,
            8.7335978
          ],
          [
            76.7128675,
            8.7335875
          ]
        ]
      }
    },
    {
      "type": "Feature",
      "properties": {
        "id": "osm-way-1169799836",
        "name": "Unnamed Road",
        "highway": "unclassified",
        "lanes": null,
        "width": 5.5,
        "type": "road"
      },
      "geometry": {
        "type": "LineString",
        "coordinates": [
          [
            76.7121753,
            8.734174
          ],
          [
            76.7123989,
            8.7342885
          ],
          [
            76.7124982,
            8.7343255
          ],
          [
            76.7125356,
            8.7343455
          ]
        ]
      }
    },
    {
      "type": "Feature",
      "properties": {
        "id": "osm-way-1169799837",
        "name": "Unnamed Road",
        "highway": "unclassified",
        "lanes": null,
        "width": 5.5,
        "type": "road"
      },
      "geometry": {
        "type": "LineString",
        "coordinates": [
          [
            76.7118373,
            8.7344951
          ],
          [
            76.711817,
            8.7344669
          ],
          [
            76.7118085,
            8.7344532
          ],
          [
            76.7117978,
            8.7344437
          ],
          [
            76.7117839,
            8.7344363
          ],
          [
            76.7117358,
            8.7344278
          ],
          [
            76.7116814,
            8.7344141
          ],
          [
            76.7116664,
            8.7344036
          ],
          [
            76.7116591,
            8.7343927
          ],
          [
            76.7116552,
            8.7343829
          ],
          [
            76.7116541,
            8.7343787
          ],
          [
            76.7116532,
            8.7343716
          ],
          [
            76.7116532,
            8.7343633
          ],
          [
            76.7116688,
            8.7342487
          ]
        ]
      }
    },
    {
      "type": "Feature",
      "properties": {
        "id": "osm-way-1169802850",
        "name": "Unnamed Road",
        "highway": "unclassified",
        "lanes": null,
        "width": 5.5,
        "type": "road"
      },
      "geometry": {
        "type": "LineString",
        "coordinates": [
          [
            76.7083275,
            8.7329695
          ],
          [
            76.7083565,
            8.7334177
          ],
          [
            76.7083549,
            8.7334519
          ],
          [
            76.7083555,
            8.7334621
          ],
          [
            76.708364,
            8.7334783
          ],
          [
            76.708375,
            8.7334879
          ],
          [
            76.7084454,
            8.7334969
          ],
          [
            76.7085394,
            8.7335011
          ],
          [
            76.7085789,
            8.7335005
          ],
          [
            76.7086432,
            8.7334981
          ]
        ]
      }
    },
    {
      "type": "Feature",
      "properties": {
        "id": "osm-way-1169802851",
        "name": "Unnamed Road",
        "highway": "residential",
        "lanes": null,
        "width": 5.5,
        "type": "road"
      },
      "geometry": {
        "type": "LineString",
        "coordinates": [
          [
            76.7083781,
            8.7317937
          ],
          [
            76.7083694,
            8.7320438
          ],
          [
            76.708381,
            8.7323944
          ]
        ]
      }
    },
    {
      "type": "Feature",
      "properties": {
        "id": "osm-way-1169802852",
        "name": "Unnamed Road",
        "highway": "residential",
        "lanes": null,
        "width": 5.5,
        "type": "road"
      },
      "geometry": {
        "type": "LineString",
        "coordinates": [
          [
            76.7094822,
            8.7308405
          ],
          [
            76.709474,
            8.7311122
          ],
          [
            76.7094598,
            8.731265
          ],
          [
            76.7094494,
            8.7312832
          ],
          [
            76.7094307,
            8.7312963
          ],
          [
            76.7094073,
            8.7313036
          ],
          [
            76.7092107,
            8.7312927
          ]
        ]
      }
    },
    {
      "type": "Feature",
      "properties": {
        "id": "osm-way-1169933717",
        "name": "Unnamed Road",
        "highway": "unclassified",
        "lanes": null,
        "width": 5.5,
        "type": "road"
      },
      "geometry": {
        "type": "LineString",
        "coordinates": [
          [
            76.716487,
            8.7273232
          ],
          [
            76.7167104,
            8.7272642
          ],
          [
            76.7168949,
            8.7272158
          ],
          [
            76.717011,
            8.7271985
          ],
          [
            76.7174282,
            8.72715
          ]
        ]
      }
    },
    {
      "type": "Feature",
      "properties": {
        "id": "osm-way-1169933719",
        "name": "Unnamed Road",
        "highway": "unclassified",
        "lanes": null,
        "width": 5.5,
        "type": "road"
      },
      "geometry": {
        "type": "LineString",
        "coordinates": [
          [
            76.7155246,
            8.7270229
          ],
          [
            76.7153216,
            8.7270941
          ],
          [
            76.7152242,
            8.7271299
          ],
          [
            76.7150052,
            8.7272309
          ],
          [
            76.7149126,
            8.7272668
          ],
          [
            76.7148796,
            8.7272795
          ],
          [
            76.7147805,
            8.7273304
          ],
          [
            76.714725,
            8.7273495
          ],
          [
            76.7146594,
            8.7273679
          ]
        ]
      }
    },
    {
      "type": "Feature",
      "properties": {
        "id": "osm-way-1169933725",
        "name": "Unnamed Road",
        "highway": "unclassified",
        "lanes": null,
        "width": 5.5,
        "type": "road"
      },
      "geometry": {
        "type": "LineString",
        "coordinates": [
          [
            76.7171832,
            8.7299932
          ],
          [
            76.7172095,
            8.729984
          ],
          [
            76.7172403,
            8.729973
          ],
          [
            76.7172784,
            8.7299718
          ],
          [
            76.7173326,
            8.7299803
          ],
          [
            76.7173621,
            8.7299828
          ],
          [
            76.717383,
            8.7299767
          ],
          [
            76.7173953,
            8.7299621
          ],
          [
            76.7174064,
            8.7299463
          ],
          [
            76.717431,
            8.7297772
          ],
          [
            76.7174477,
            8.7296002
          ],
          [
            76.7174608,
            8.7295147
          ],
          [
            76.7174706,
            8.7294647
          ],
          [
            76.717482,
            8.7294195
          ],
          [
            76.7175,
            8.7293824
          ],
          [
            76.7175326,
            8.729321
          ],
          [
            76.7175359,
            8.7293154
          ],
          [
            76.7175526,
            8.7292868
          ],
          [
            76.7175598,
            8.7292826
          ],
          [
            76.7175695,
            8.7292766
          ],
          [
            76.7175841,
            8.7292688
          ],
          [
            76.7175981,
            8.7292605
          ],
          [
            76.7176054,
            8.7292539
          ],
          [
            76.7176369,
            8.7292113
          ],
          [
            76.7176722,
            8.7291655
          ],
          [
            76.7177073,
            8.7291284
          ],
          [
            76.7177535,
            8.7290888
          ],
          [
            76.7177752,
            8.729063
          ],
          [
            76.7177956,
            8.7290357
          ],
          [
            76.71781,
            8.7290149
          ],
          [
            76.7178342,
            8.7289727
          ],
          [
            76.7178514,
            8.7289335
          ],
          [
            76.7178635,
            8.728909
          ],
          [
            76.717889,
            8.7288544
          ],
          [
            76.7179337,
            8.7287722
          ],
          [
            76.7179743,
            8.7287107
          ],
          [
            76.7179991,
            8.7286729
          ],
          [
            76.7180007,
            8.72867
          ],
          [
            76.7180045,
            8.7286615
          ],
          [
            76.7180154,
            8.728638
          ]
        ]
      }
    },
    {
      "type": "Feature",
      "properties": {
        "id": "osm-way-1169933726",
        "name": "Unnamed Road",
        "highway": "unclassified",
        "lanes": null,
        "width": 5.5,
        "type": "road"
      },
      "geometry": {
        "type": "LineString",
        "coordinates": [
          [
            76.7178514,
            8.7289335
          ],
          [
            76.7176682,
            8.728868
          ],
          [
            76.7176191,
            8.7288425
          ],
          [
            76.7175619,
            8.7288011
          ],
          [
            76.7175168,
            8.7287589
          ],
          [
            76.7174962,
            8.7287413
          ],
          [
            76.7174755,
            8.7287272
          ]
        ]
      }
    },
    {
      "type": "Feature",
      "properties": {
        "id": "osm-way-1169933727",
        "name": "Unnamed Road",
        "highway": "unclassified",
        "lanes": null,
        "width": 5.5,
        "type": "road"
      },
      "geometry": {
        "type": "LineString",
        "coordinates": [
          [
            76.7175359,
            8.7293154
          ],
          [
            76.7174656,
            8.7292905
          ],
          [
            76.7174229,
            8.7292817
          ],
          [
            76.7173881,
            8.729278
          ],
          [
            76.7173249,
            8.7292744
          ],
          [
            76.7172812,
            8.7292645
          ]
        ]
      }
    },
    {
      "type": "Feature",
      "properties": {
        "id": "osm-way-1169933728",
        "name": "Unnamed Road",
        "highway": "unclassified",
        "lanes": null,
        "width": 5.5,
        "type": "road"
      },
      "geometry": {
        "type": "LineString",
        "coordinates": [
          [
            76.7162271,
            8.7303502
          ],
          [
            76.7168137,
            8.7303508
          ]
        ]
      }
    },
    {
      "type": "Feature",
      "properties": {
        "id": "osm-way-1169933729",
        "name": "Unnamed Road",
        "highway": "unclassified",
        "lanes": null,
        "width": 5.5,
        "type": "road"
      },
      "geometry": {
        "type": "LineString",
        "coordinates": [
          [
            76.7174622,
            8.7307938
          ],
          [
            76.7171238,
            8.7308418
          ],
          [
            76.7171082,
            8.7308432
          ],
          [
            76.7170897,
            8.7308418
          ]
        ]
      }
    },
    {
      "type": "Feature",
      "properties": {
        "id": "osm-way-1169933730",
        "name": "Unnamed Road",
        "highway": "unclassified",
        "lanes": null,
        "width": 5.5,
        "type": "road"
      },
      "geometry": {
        "type": "LineString",
        "coordinates": [
          [
            76.7174899,
            8.7308857
          ],
          [
            76.7179275,
            8.730853
          ]
        ]
      }
    },
    {
      "type": "Feature",
      "properties": {
        "id": "osm-way-1169933731",
        "name": "Unnamed Road",
        "highway": "unclassified",
        "lanes": null,
        "width": 5.5,
        "type": "road"
      },
      "geometry": {
        "type": "LineString",
        "coordinates": [
          [
            76.7175292,
            8.73101
          ],
          [
            76.7176511,
            8.7310043
          ],
          [
            76.7177149,
            8.7310015
          ],
          [
            76.7178042,
            8.7309945
          ]
        ]
      }
    },
    {
      "type": "Feature",
      "properties": {
        "id": "osm-way-1169933732",
        "name": "Unnamed Road",
        "highway": "unclassified",
        "lanes": null,
        "width": 5.5,
        "type": "road"
      },
      "geometry": {
        "type": "LineString",
        "coordinates": [
          [
            76.7176301,
            8.7312811
          ],
          [
            76.7179532,
            8.7312235
          ],
          [
            76.7180832,
            8.7312085
          ]
        ]
      }
    },
    {
      "type": "Feature",
      "properties": {
        "id": "osm-way-1169933733",
        "name": "Unnamed Road",
        "highway": "unclassified",
        "lanes": null,
        "width": 5.5,
        "type": "road"
      },
      "geometry": {
        "type": "LineString",
        "coordinates": [
          [
            76.7175779,
            8.7311407
          ],
          [
            76.717158,
            8.7311507
          ]
        ]
      }
    },
    {
      "type": "Feature",
      "properties": {
        "id": "osm-way-1169933734",
        "name": "Unnamed Road",
        "highway": "unclassified",
        "lanes": null,
        "width": 5.5,
        "type": "road"
      },
      "geometry": {
        "type": "LineString",
        "coordinates": [
          [
            76.7184074,
            8.7324979
          ],
          [
            76.717982,
            8.732488
          ],
          [
            76.7179245,
            8.732487
          ],
          [
            76.7179124,
            8.7324926
          ],
          [
            76.7178931,
            8.7325069
          ],
          [
            76.717881,
            8.7325308
          ]
        ]
      }
    },
    {
      "type": "Feature",
      "properties": {
        "id": "osm-way-1169933735",
        "name": "Unnamed Road",
        "highway": "residential",
        "lanes": null,
        "width": 5.5,
        "type": "road"
      },
      "geometry": {
        "type": "LineString",
        "coordinates": [
          [
            76.7162254,
            8.7338026
          ],
          [
            76.7165334,
            8.7331561
          ]
        ]
      }
    },
    {
      "type": "Feature",
      "properties": {
        "id": "osm-way-1169933736",
        "name": "Unnamed Road",
        "highway": "unclassified",
        "lanes": null,
        "width": 5.5,
        "type": "road"
      },
      "geometry": {
        "type": "LineString",
        "coordinates": [
          [
            76.7161398,
            8.7337759
          ],
          [
            76.7160976,
            8.7338915
          ],
          [
            76.716065,
            8.7340106
          ],
          [
            76.716031,
            8.7340904
          ],
          [
            76.7159842,
            8.734253
          ],
          [
            76.7159799,
            8.7342698
          ],
          [
            76.7159659,
            8.7342781
          ],
          [
            76.7159541,
            8.7342753
          ],
          [
            76.715924,
            8.7342643
          ],
          [
            76.7159051,
            8.734256
          ],
          [
            76.7158974,
            8.7342553
          ],
          [
            76.7158883,
            8.734258
          ],
          [
            76.71588,
            8.7342663
          ],
          [
            76.7158751,
            8.7342746
          ],
          [
            76.7158688,
            8.7342926
          ],
          [
            76.7158576,
            8.734314
          ]
        ]
      }
    },
    {
      "type": "Feature",
      "properties": {
        "id": "osm-way-1169933737",
        "name": "Unnamed Road",
        "highway": "residential",
        "lanes": null,
        "width": 5.5,
        "type": "road"
      },
      "geometry": {
        "type": "LineString",
        "coordinates": [
          [
            76.7150924,
            8.7327543
          ],
          [
            76.7149746,
            8.7327546
          ],
          [
            76.7147861,
            8.7327139
          ],
          [
            76.7146968,
            8.7326887
          ]
        ]
      }
    },
    {
      "type": "Feature",
      "properties": {
        "id": "osm-way-1169933740",
        "name": "Unnamed Road",
        "highway": "residential",
        "lanes": null,
        "width": 5.5,
        "type": "road"
      },
      "geometry": {
        "type": "LineString",
        "coordinates": [
          [
            76.7128751,
            8.7361213
          ],
          [
            76.7124416,
            8.7361468
          ]
        ]
      }
    },
    {
      "type": "Feature",
      "properties": {
        "id": "osm-way-1169933741",
        "name": "Unnamed Road",
        "highway": "unclassified",
        "lanes": null,
        "width": 5.5,
        "type": "road"
      },
      "geometry": {
        "type": "LineString",
        "coordinates": [
          [
            76.7123379,
            8.7295026
          ],
          [
            76.7116977,
            8.7294957
          ]
        ]
      }
    },
    {
      "type": "Feature",
      "properties": {
        "id": "osm-way-1169933742",
        "name": "Unnamed Road",
        "highway": "residential",
        "lanes": null,
        "width": 5.5,
        "type": "road"
      },
      "geometry": {
        "type": "LineString",
        "coordinates": [
          [
            76.7127605,
            8.7300627
          ],
          [
            76.7127891,
            8.7298957
          ],
          [
            76.712804,
            8.7298217
          ],
          [
            76.712814,
            8.7297893
          ],
          [
            76.7128365,
            8.7297354
          ],
          [
            76.712852,
            8.7294087
          ]
        ]
      }
    },
    {
      "type": "Feature",
      "properties": {
        "id": "osm-way-1171481192",
        "name": "Unnamed Road",
        "highway": "residential",
        "lanes": null,
        "width": 5.5,
        "type": "road"
      },
      "geometry": {
        "type": "LineString",
        "coordinates": [
          [
            76.7101936,
            8.7469714
          ],
          [
            76.7101791,
            8.7469337
          ],
          [
            76.7100469,
            8.746681
          ],
          [
            76.7099906,
            8.746559
          ],
          [
            76.7099582,
            8.7464337
          ],
          [
            76.7099246,
            8.7463328
          ],
          [
            76.7099121,
            8.7463107
          ],
          [
            76.7098666,
            8.7463018
          ],
          [
            76.709594,
            8.7463315
          ]
        ]
      }
    },
    {
      "type": "Feature",
      "properties": {
        "id": "osm-way-1171518015",
        "name": "Unnamed Road",
        "highway": "unclassified",
        "lanes": null,
        "width": 5.5,
        "type": "road"
      },
      "geometry": {
        "type": "LineString",
        "coordinates": [
          [
            76.7135445,
            8.7465292
          ],
          [
            76.7140531,
            8.746522
          ]
        ]
      }
    },
    {
      "type": "Feature",
      "properties": {
        "id": "osm-way-1171518016",
        "name": "Unnamed Road",
        "highway": "unclassified",
        "lanes": null,
        "width": 5.5,
        "type": "road"
      },
      "geometry": {
        "type": "LineString",
        "coordinates": [
          [
            76.7132308,
            8.7459914
          ],
          [
            76.7132931,
            8.7458421
          ],
          [
            76.7133193,
            8.7458017
          ],
          [
            76.7133536,
            8.7457727
          ],
          [
            76.7133862,
            8.7457533
          ],
          [
            76.7135234,
            8.7456952
          ]
        ]
      }
    },
    {
      "type": "Feature",
      "properties": {
        "id": "osm-way-1171518017",
        "name": "Unnamed Road",
        "highway": "residential",
        "lanes": null,
        "width": 5.5,
        "type": "road"
      },
      "geometry": {
        "type": "LineString",
        "coordinates": [
          [
            76.7120826,
            8.747288
          ],
          [
            76.7122571,
            8.7470044
          ],
          [
            76.7123591,
            8.746811
          ],
          [
            76.7125548,
            8.7468981
          ],
          [
            76.7125697,
            8.7469054
          ],
          [
            76.7125789,
            8.7469119
          ],
          [
            76.7125873,
            8.7469183
          ],
          [
            76.7126021,
            8.746932
          ],
          [
            76.7126142,
            8.7469421
          ],
          [
            76.7126327,
            8.7469522
          ],
          [
            76.7126708,
            8.7469705
          ]
        ]
      }
    },
    {
      "type": "Feature",
      "properties": {
        "id": "osm-way-1171563735",
        "name": "Unnamed Road",
        "highway": "unclassified",
        "lanes": null,
        "width": 5.5,
        "type": "road"
      },
      "geometry": {
        "type": "LineString",
        "coordinates": [
          [
            76.7237213,
            8.7285439
          ],
          [
            76.7234887,
            8.7285147
          ],
          [
            76.7234153,
            8.7285164
          ],
          [
            76.723394,
            8.7285115
          ],
          [
            76.7233614,
            8.7285002
          ],
          [
            76.723301,
            8.7284921
          ],
          [
            76.7231589,
            8.728497
          ],
          [
            76.7230642,
            8.7285018
          ],
          [
            76.7229776,
            8.7285051
          ],
          [
            76.7228895,
            8.7285002
          ],
          [
            76.7228437,
            8.7284873
          ],
          [
            76.7227948,
            8.7284712
          ],
          [
            76.7227686,
            8.7284615
          ],
          [
            76.7227474,
            8.7284599
          ],
          [
            76.7227082,
            8.7284534
          ],
          [
            76.7226462,
            8.7284486
          ],
          [
            76.7225547,
            8.7284534
          ],
          [
            76.7225204,
            8.7284566
          ],
          [
            76.7224584,
            8.7284663
          ],
          [
            76.7222853,
            8.7284728
          ],
          [
            76.7222314,
            8.7284734
          ],
          [
            76.7221992,
            8.7284744
          ],
          [
            76.7221855,
            8.7284768
          ],
          [
            76.7221727,
            8.728482
          ],
          [
            76.7221591,
            8.7284902
          ],
          [
            76.7221681,
            8.7285106
          ],
          [
            76.7221749,
            8.7285322
          ],
          [
            76.7221792,
            8.7285559
          ],
          [
            76.7221937,
            8.72867
          ],
          [
            76.7221884,
            8.7286894
          ],
          [
            76.7221788,
            8.7287005
          ],
          [
            76.7220858,
            8.7287285
          ],
          [
            76.7219387,
            8.7287882
          ],
          [
            76.7219123,
            8.7288255
          ],
          [
            76.7219424,
            8.7288889
          ],
          [
            76.7220141,
            8.7290902
          ],
          [
            76.7220745,
            8.7292431
          ],
          [
            76.7221084,
            8.7293363
          ],
          [
            76.7221348,
            8.7293661
          ],
          [
            76.722214,
            8.7293437
          ],
          [
            76.7223574,
            8.7293176
          ],
          [
            76.722414,
            8.7293176
          ],
          [
            76.722512,
            8.7292841
          ],
          [
            76.7226516,
            8.729258
          ],
          [
            76.7227497,
            8.7292282
          ],
          [
            76.7228214,
            8.7292095
          ],
          [
            76.7230779,
            8.7291834
          ],
          [
            76.7236027,
            8.7291412
          ]
        ]
      }
    },
    {
      "type": "Feature",
      "properties": {
        "id": "osm-way-1171909682",
        "name": "Unnamed Road",
        "highway": "unclassified",
        "lanes": null,
        "width": 5.5,
        "type": "road"
      },
      "geometry": {
        "type": "LineString",
        "coordinates": [
          [
            76.7198832,
            8.7318816
          ],
          [
            76.7198952,
            8.7316806
          ],
          [
            76.7198938,
            8.7314715
          ],
          [
            76.7198788,
            8.7313033
          ],
          [
            76.7198588,
            8.73114
          ],
          [
            76.7198438,
            8.7310708
          ],
          [
            76.7198486,
            8.7309584
          ],
          [
            76.7198647,
            8.7308048
          ],
          [
            76.7198707,
            8.7306897
          ],
          [
            76.7198751,
            8.7306609
          ],
          [
            76.7198805,
            8.7306458
          ],
          [
            76.7198938,
            8.7306156
          ],
          [
            76.7199592,
            8.730489
          ],
          [
            76.7199708,
            8.7304608
          ],
          [
            76.7199719,
            8.7304326
          ],
          [
            76.7199655,
            8.7303961
          ],
          [
            76.7198672,
            8.7301768
          ],
          [
            76.7198393,
            8.7301272
          ],
          [
            76.7197017,
            8.7299194
          ],
          [
            76.7196447,
            8.7298474
          ],
          [
            76.7196025,
            8.729779
          ],
          [
            76.7195962,
            8.7297578
          ],
          [
            76.7195947,
            8.7297419
          ],
          [
            76.7195941,
            8.7297223
          ],
          [
            76.7195988,
            8.7296883
          ],
          [
            76.7196129,
            8.729627
          ],
          [
            76.7196148,
            8.7295569
          ],
          [
            76.719619,
            8.7295214
          ],
          [
            76.7196338,
            8.7294577
          ],
          [
            76.7196391,
            8.7294284
          ],
          [
            76.7196475,
            8.7294075
          ],
          [
            76.719657,
            8.7293845
          ],
          [
            76.7197004,
            8.7293282
          ],
          [
            76.7198145,
            8.7291976
          ],
          [
            76.7198648,
            8.7291209
          ],
          [
            76.7198657,
            8.7291174
          ],
          [
            76.7198648,
            8.7291139
          ],
          [
            76.7198642,
            8.7291104
          ],
          [
            76.7198606,
            8.7291081
          ],
          [
            76.7197464,
            8.7290396
          ],
          [
            76.7196413,
            8.7289849
          ]
        ]
      }
    },
    {
      "type": "Feature",
      "properties": {
        "id": "osm-way-1171909683",
        "name": "Unnamed Road",
        "highway": "unclassified",
        "lanes": null,
        "width": 5.5,
        "type": "road"
      },
      "geometry": {
        "type": "LineString",
        "coordinates": [
          [
            76.7211813,
            8.730774
          ],
          [
            76.7212093,
            8.7307503
          ],
          [
            76.7212799,
            8.7307059
          ],
          [
            76.7213579,
            8.7306515
          ],
          [
            76.721379,
            8.730637
          ],
          [
            76.7214019,
            8.7306306
          ],
          [
            76.7214294,
            8.7306279
          ],
          [
            76.7215133,
            8.7306148
          ]
        ]
      }
    },
    {
      "type": "Feature",
      "properties": {
        "id": "osm-way-1171909684",
        "name": "Unnamed Road",
        "highway": "unclassified",
        "lanes": null,
        "width": 5.5,
        "type": "road"
      },
      "geometry": {
        "type": "LineString",
        "coordinates": [
          [
            76.7210493,
            8.7304288
          ],
          [
            76.7214594,
            8.7302311
          ],
          [
            76.7216493,
            8.7301445
          ],
          [
            76.7216623,
            8.7301396
          ],
          [
            76.7216727,
            8.7301379
          ],
          [
            76.7216854,
            8.7301388
          ],
          [
            76.7217012,
            8.730145
          ],
          [
            76.7217049,
            8.7301481
          ],
          [
            76.7217306,
            8.7301826
          ],
          [
            76.7217795,
            8.7302438
          ],
          [
            76.7218229,
            8.7303118
          ]
        ]
      }
    },
    {
      "type": "Feature",
      "properties": {
        "id": "osm-way-1171909686",
        "name": "Unnamed Road",
        "highway": "unclassified",
        "lanes": null,
        "width": 5.5,
        "type": "road"
      },
      "geometry": {
        "type": "LineString",
        "coordinates": [
          [
            76.7234967,
            8.7299171
          ],
          [
            76.7230739,
            8.7299855
          ]
        ]
      }
    },
    {
      "type": "Feature",
      "properties": {
        "id": "osm-way-1171909687",
        "name": "Unnamed Road",
        "highway": "unclassified",
        "lanes": null,
        "width": 5.5,
        "type": "road"
      },
      "geometry": {
        "type": "LineString",
        "coordinates": [
          [
            76.7236073,
            8.7310898
          ],
          [
            76.7233577,
            8.7310805
          ],
          [
            76.7231121,
            8.7310308
          ],
          [
            76.7228982,
            8.7310088
          ],
          [
            76.7228536,
            8.731018
          ],
          [
            76.7228397,
            8.7310208
          ],
          [
            76.7227996,
            8.731029
          ],
          [
            76.7227662,
            8.7310566
          ],
          [
            76.7227494,
            8.7310805
          ],
          [
            76.7226787,
            8.7310878
          ]
        ]
      }
    },
    {
      "type": "Feature",
      "properties": {
        "id": "osm-way-1171909688",
        "name": "Unnamed Road",
        "highway": "unclassified",
        "lanes": null,
        "width": 5.5,
        "type": "road"
      },
      "geometry": {
        "type": "LineString",
        "coordinates": [
          [
            76.7228397,
            8.7310208
          ],
          [
            76.7228304,
            8.7311967
          ],
          [
            76.7228262,
            8.7313408
          ],
          [
            76.7228501,
            8.731611
          ]
        ]
      }
    },
    {
      "type": "Feature",
      "properties": {
        "id": "osm-way-1171909689",
        "name": "Unnamed Road",
        "highway": "unclassified",
        "lanes": null,
        "width": 5.5,
        "type": "road"
      },
      "geometry": {
        "type": "LineString",
        "coordinates": [
          [
            76.7236098,
            8.7316134
          ],
          [
            76.7236115,
            8.73165
          ],
          [
            76.7236297,
            8.7316652
          ],
          [
            76.7237054,
            8.731668
          ],
          [
            76.7238035,
            8.7316736
          ],
          [
            76.723997,
            8.7316805
          ],
          [
            76.7241498,
            8.7316763
          ]
        ]
      }
    },
    {
      "type": "Feature",
      "properties": {
        "id": "osm-way-1171909690",
        "name": "Unnamed Road",
        "highway": "unclassified",
        "lanes": null,
        "width": 5.5,
        "type": "road"
      },
      "geometry": {
        "type": "LineString",
        "coordinates": [
          [
            76.7233285,
            8.7316515
          ],
          [
            76.7229677,
            8.731619
          ],
          [
            76.7228501,
            8.731611
          ],
          [
            76.722581,
            8.7316491
          ],
          [
            76.7223724,
            8.7316791
          ],
          [
            76.722216,
            8.7317049
          ],
          [
            76.7220465,
            8.7317736
          ],
          [
            76.7219422,
            8.7318337
          ],
          [
            76.7218988,
            8.7318767
          ],
          [
            76.7216766,
            8.731971
          ]
        ]
      }
    },
    {
      "type": "Feature",
      "properties": {
        "id": "osm-way-1171909691",
        "name": "Unnamed Road",
        "highway": "unclassified",
        "lanes": null,
        "width": 5.5,
        "type": "road"
      },
      "geometry": {
        "type": "LineString",
        "coordinates": [
          [
            76.7233478,
            8.7325898
          ],
          [
            76.7232219,
            8.7325728
          ],
          [
            76.7231405,
            8.7325532
          ],
          [
            76.7230343,
            8.7325459
          ],
          [
            76.7229183,
            8.7325435
          ],
          [
            76.7229035,
            8.7325346
          ],
          [
            76.7228906,
            8.7325202
          ],
          [
            76.722889,
            8.7324819
          ],
          [
            76.7228438,
            8.7320446
          ],
          [
            76.7228452,
            8.732043
          ]
        ]
      }
    },
    {
      "type": "Feature",
      "properties": {
        "id": "osm-way-1171909692",
        "name": "Unnamed Road",
        "highway": "unclassified",
        "lanes": null,
        "width": 5.5,
        "type": "road"
      },
      "geometry": {
        "type": "LineString",
        "coordinates": [
          [
            76.7219082,
            8.7322843
          ],
          [
            76.7214728,
            8.7324981
          ],
          [
            76.7213822,
            8.7325167
          ]
        ]
      }
    },
    {
      "type": "Feature",
      "properties": {
        "id": "osm-way-1171909693",
        "name": "Unnamed Road",
        "highway": "unclassified",
        "lanes": null,
        "width": 5.5,
        "type": "road"
      },
      "geometry": {
        "type": "LineString",
        "coordinates": [
          [
            76.7212857,
            8.7331988
          ],
          [
            76.7212636,
            8.7332813
          ],
          [
            76.7211404,
            8.7337401
          ],
          [
            76.7211186,
            8.7338131
          ],
          [
            76.7210926,
            8.7339548
          ],
          [
            76.7210535,
            8.7341223
          ],
          [
            76.7210287,
            8.7342727
          ],
          [
            76.72101,
            8.7343328
          ],
          [
            76.7209709,
            8.7344144
          ],
          [
            76.7209275,
            8.7345303
          ],
          [
            76.7209057,
            8.7346119
          ]
        ]
      }
    },
    {
      "type": "Feature",
      "properties": {
        "id": "osm-way-1171909694",
        "name": "Unnamed Road",
        "highway": "residential",
        "lanes": null,
        "width": 5.5,
        "type": "road"
      },
      "geometry": {
        "type": "LineString",
        "coordinates": [
          [
            76.7212857,
            8.7331988
          ],
          [
            76.7211906,
            8.7332584
          ],
          [
            76.721183,
            8.7332582
          ],
          [
            76.7210977,
            8.7332563
          ],
          [
            76.7209962,
            8.7332247
          ],
          [
            76.7209639,
            8.7332146
          ],
          [
            76.7208928,
            8.7331925
          ],
          [
            76.7208083,
            8.733192
          ],
          [
            76.7207088,
            8.7331967
          ],
          [
            76.7206291,
            8.7332224
          ],
          [
            76.7205161,
            8.7332643
          ],
          [
            76.7204029,
            8.7333307
          ],
          [
            76.7203795,
            8.7333544
          ],
          [
            76.7203442,
            8.7334061
          ],
          [
            76.7202797,
            8.7335347
          ]
        ]
      }
    },
    {
      "type": "Feature",
      "properties": {
        "id": "osm-way-1171909695",
        "name": "Unnamed Road",
        "highway": "unclassified",
        "lanes": null,
        "width": 5.5,
        "type": "road"
      },
      "geometry": {
        "type": "LineString",
        "coordinates": [
          [
            76.7209639,
            8.7332146
          ],
          [
            76.7208434,
            8.7336078
          ],
          [
            76.7208306,
            8.7336629
          ],
          [
            76.7208177,
            8.7337222
          ],
          [
            76.7208083,
            8.7337325
          ],
          [
            76.7207805,
            8.7337317
          ],
          [
            76.7207486,
            8.7337254
          ],
          [
            76.7207239,
            8.733723
          ],
          [
            76.7207169,
            8.7337235
          ],
          [
            76.7207107,
            8.7337297
          ],
          [
            76.720694,
            8.733791
          ],
          [
            76.720669,
            8.7339007
          ],
          [
            76.7206455,
            8.7339903
          ],
          [
            76.7205181,
            8.7344193
          ]
        ]
      }
    },
    {
      "type": "Feature",
      "properties": {
        "id": "osm-way-1171909696",
        "name": "Unnamed Road",
        "highway": "residential",
        "lanes": null,
        "width": 5.5,
        "type": "road"
      },
      "geometry": {
        "type": "LineString",
        "coordinates": [
          [
            76.7208083,
            8.733192
          ],
          [
            76.7207826,
            8.7333261
          ],
          [
            76.720745,
            8.7334494
          ],
          [
            76.7206138,
            8.7337767
          ],
          [
            76.7205826,
            8.7338782
          ],
          [
            76.7205652,
            8.7339698
          ]
        ]
      }
    },
    {
      "type": "Feature",
      "properties": {
        "id": "osm-way-1171909697",
        "name": "Unnamed Road",
        "highway": "residential",
        "lanes": null,
        "width": 5.5,
        "type": "road"
      },
      "geometry": {
        "type": "LineString",
        "coordinates": [
          [
            76.721805,
            8.7346181
          ],
          [
            76.7223452,
            8.7348037
          ],
          [
            76.7223579,
            8.7348052
          ],
          [
            76.7223738,
            8.7347974
          ],
          [
            76.722381,
            8.7347895
          ],
          [
            76.7224041,
            8.7347124
          ],
          [
            76.7225466,
            8.7343771
          ]
        ]
      }
    },
    {
      "type": "Feature",
      "properties": {
        "id": "osm-way-1171909698",
        "name": "Unnamed Road",
        "highway": "unclassified",
        "lanes": null,
        "width": 5.5,
        "type": "road"
      },
      "geometry": {
        "type": "LineString",
        "coordinates": [
          [
            76.7223579,
            8.7348052
          ],
          [
            76.7223573,
            8.7348319
          ],
          [
            76.7223509,
            8.7348527
          ],
          [
            76.7223353,
            8.7348827
          ],
          [
            76.7223087,
            8.7349407
          ],
          [
            76.722272,
            8.7350359
          ],
          [
            76.7222518,
            8.7350957
          ]
        ]
      }
    },
    {
      "type": "Feature",
      "properties": {
        "id": "osm-way-1171909699",
        "name": "Unnamed Road",
        "highway": "unclassified",
        "lanes": null,
        "width": 5.5,
        "type": "road"
      },
      "geometry": {
        "type": "LineString",
        "coordinates": [
          [
            76.7216927,
            8.7350532
          ],
          [
            76.7219794,
            8.7351368
          ],
          [
            76.7220666,
            8.7351576
          ],
          [
            76.7221248,
            8.7351656
          ],
          [
            76.7221364,
            8.73517
          ],
          [
            76.7221491,
            8.7351802
          ]
        ]
      }
    },
    {
      "type": "Feature",
      "properties": {
        "id": "osm-way-1171909700",
        "name": "Unnamed Road",
        "highway": "unclassified",
        "lanes": null,
        "width": 5.5,
        "type": "road"
      },
      "geometry": {
        "type": "LineString",
        "coordinates": [
          [
            76.7227838,
            8.7355101
          ],
          [
            76.722739,
            8.7355951
          ],
          [
            76.7226798,
            8.7357439
          ],
          [
            76.7225959,
            8.7359245
          ],
          [
            76.7225243,
            8.7361245
          ],
          [
            76.7224552,
            8.7364148
          ]
        ]
      }
    },
    {
      "type": "Feature",
      "properties": {
        "id": "osm-way-1171909701",
        "name": "Unnamed Road",
        "highway": "unclassified",
        "lanes": null,
        "width": 5.5,
        "type": "road"
      },
      "geometry": {
        "type": "LineString",
        "coordinates": [
          [
            76.7228673,
            8.7355338
          ],
          [
            76.7227985,
            8.7360016
          ],
          [
            76.7227278,
            8.736213
          ],
          [
            76.7227055,
            8.7362792
          ],
          [
            76.722672,
            8.736373
          ]
        ]
      }
    },
    {
      "type": "Feature",
      "properties": {
        "id": "osm-way-1171909702",
        "name": "Unnamed Road",
        "highway": "unclassified",
        "lanes": null,
        "width": 5.5,
        "type": "road"
      },
      "geometry": {
        "type": "LineString",
        "coordinates": [
          [
            76.7233236,
            8.7356682
          ],
          [
            76.7233233,
            8.7357314
          ],
          [
            76.7233122,
            8.7358289
          ],
          [
            76.7232824,
            8.7361745
          ],
          [
            76.7232712,
            8.7362977
          ],
          [
            76.7232564,
            8.7363694
          ]
        ]
      }
    },
    {
      "type": "Feature",
      "properties": {
        "id": "osm-way-1171909703",
        "name": "Unnamed Road",
        "highway": "unclassified",
        "lanes": null,
        "width": 5.5,
        "type": "road"
      },
      "geometry": {
        "type": "LineString",
        "coordinates": [
          [
            76.723924,
            8.7358298
          ],
          [
            76.723903,
            8.7359533
          ],
          [
            76.723903,
            8.736018
          ],
          [
            76.7238669,
            8.7362057
          ],
          [
            76.7238735,
            8.7362413
          ],
          [
            76.7240045,
            8.7362608
          ],
          [
            76.7241879,
            8.7362996
          ],
          [
            76.7244859,
            8.7363643
          ],
          [
            76.7245677,
            8.7363935
          ],
          [
            76.7246005,
            8.7364291
          ],
          [
            76.7246922,
            8.7365229
          ],
          [
            76.7248199,
            8.7365618
          ],
          [
            76.7250518,
            8.7366086
          ],
          [
            76.7250709,
            8.7366125
          ]
        ]
      }
    },
    {
      "type": "Feature",
      "properties": {
        "id": "osm-way-1171945095",
        "name": "Unnamed Road",
        "highway": "unclassified",
        "lanes": null,
        "width": 5.5,
        "type": "road"
      },
      "geometry": {
        "type": "LineString",
        "coordinates": [
          [
            76.7254882,
            8.7431991
          ],
          [
            76.7255262,
            8.7431971
          ],
          [
            76.7256092,
            8.74313
          ],
          [
            76.7256431,
            8.7431263
          ],
          [
            76.7257751,
            8.7431897
          ],
          [
            76.7258845,
            8.7432195
          ],
          [
            76.72596,
            8.7432493
          ],
          [
            76.7260581,
            8.7432754
          ],
          [
            76.7261071,
            8.7432941
          ],
          [
            76.7261712,
            8.7433015
          ],
          [
            76.7262275,
            8.7433033
          ],
          [
            76.7262919,
            8.7433052
          ],
          [
            76.7263259,
            8.7433164
          ],
          [
            76.7263674,
            8.7433463
          ],
          [
            76.7264127,
            8.7433574
          ],
          [
            76.7267069,
            8.7434145
          ]
        ]
      }
    },
    {
      "type": "Feature",
      "properties": {
        "id": "osm-way-1173699944",
        "name": "Unnamed Road",
        "highway": "unclassified",
        "lanes": null,
        "width": 5.5,
        "type": "road"
      },
      "geometry": {
        "type": "LineString",
        "coordinates": [
          [
            76.7108382,
            8.7315581
          ],
          [
            76.7111293,
            8.731144
          ],
          [
            76.7112592,
            8.7309217
          ],
          [
            76.7112997,
            8.7307923
          ]
        ]
      }
    },
    {
      "type": "Feature",
      "properties": {
        "id": "osm-way-1173699945",
        "name": "Unnamed Road",
        "highway": "unclassified",
        "lanes": null,
        "width": 5.5,
        "type": "road"
      },
      "geometry": {
        "type": "LineString",
        "coordinates": [
          [
            76.7164442,
            8.7290273
          ],
          [
            76.7165069,
            8.7288094
          ],
          [
            76.7165857,
            8.7286703
          ],
          [
            76.7168824,
            8.7281467
          ],
          [
            76.7169174,
            8.7279811
          ],
          [
            76.7168475,
            8.7278501
          ],
          [
            76.7165265,
            8.7274218
          ],
          [
            76.716487,
            8.7273232
          ],
          [
            76.7164837,
            8.727315
          ],
          [
            76.7164622,
            8.7271877
          ],
          [
            76.7164703,
            8.7270659
          ],
          [
            76.7165157,
            8.7269542
          ],
          [
            76.716708,
            8.7266294
          ],
          [
            76.71681,
            8.7262237
          ],
          [
            76.7168197,
            8.7261852
          ],
          [
            76.7168522,
            8.7259711
          ],
          [
            76.716852,
            8.7258765
          ],
          [
            76.7168475,
            8.7257122
          ],
          [
            76.7166568,
            8.7250815
          ],
          [
            76.716616,
            8.7241583
          ],
          [
            76.7169275,
            8.723388
          ],
          [
            76.7171247,
            8.7221091
          ],
          [
            76.7172138,
            8.7219555
          ],
          [
            76.7173255,
            8.7218582
          ],
          [
            76.7174923,
            8.7218217
          ]
        ]
      }
    },
    {
      "type": "Feature",
      "properties": {
        "id": "osm-way-1173859585",
        "name": "Unnamed Road",
        "highway": "residential",
        "lanes": null,
        "width": 5.5,
        "type": "road"
      },
      "geometry": {
        "type": "LineString",
        "coordinates": [
          [
            76.7118343,
            8.739604
          ],
          [
            76.7118218,
            8.7395193
          ],
          [
            76.711894,
            8.7393237
          ],
          [
            76.7119368,
            8.7390489
          ]
        ]
      }
    },
    {
      "type": "Feature",
      "properties": {
        "id": "osm-way-1173907192",
        "name": "Unnamed Road",
        "highway": "residential",
        "lanes": null,
        "width": 5.5,
        "type": "road"
      },
      "geometry": {
        "type": "LineString",
        "coordinates": [
          [
            76.7247993,
            8.742509
          ],
          [
            76.7248679,
            8.742267
          ],
          [
            76.7249752,
            8.7420374
          ],
          [
            76.7251628,
            8.7418299
          ],
          [
            76.7254174,
            8.7415959
          ],
          [
            76.7254309,
            8.7415817
          ],
          [
            76.7256229,
            8.7413795
          ],
          [
            76.7256721,
            8.7413354
          ],
          [
            76.7256962,
            8.7413175
          ],
          [
            76.7257593,
            8.7413118
          ]
        ]
      }
    },
    {
      "type": "Feature",
      "properties": {
        "id": "osm-way-1249405358",
        "name": "Unnamed Road",
        "highway": "unclassified",
        "lanes": null,
        "width": 5.5,
        "type": "road"
      },
      "geometry": {
        "type": "LineString",
        "coordinates": [
          [
            76.7095441,
            8.7319327
          ],
          [
            76.7083781,
            8.7317937
          ],
          [
            76.7080777,
            8.7317579
          ],
          [
            76.7080487,
            8.7317278
          ]
        ]
      }
    },
    {
      "type": "Feature",
      "properties": {
        "id": "osm-way-1263635071",
        "name": "Varkala - Edava - Kappil Bridge Approach Road",
        "highway": "secondary",
        "lanes": 2,
        "width": 7.0,
        "type": "road"
      },
      "geometry": {
        "type": "LineString",
        "coordinates": [
          [
            76.7102787,
            8.7513543
          ],
          [
            76.7107908,
            8.7512159
          ],
          [
            76.7110377,
            8.7510963
          ],
          [
            76.711241,
            8.7509979
          ],
          [
            76.7120628,
            8.75078
          ],
          [
            76.7121667,
            8.7507525
          ],
          [
            76.7125172,
            8.7506216
          ],
          [
            76.7127933,
            8.7504725
          ],
          [
            76.7131834,
            8.7502766
          ],
          [
            76.7133073,
            8.7501948
          ],
          [
            76.7134293,
            8.7501031
          ],
          [
            76.7135458,
            8.7500239
          ],
          [
            76.7136324,
            8.7499764
          ],
          [
            76.7139986,
            8.7497245
          ],
          [
            76.714367,
            8.7494727
          ],
          [
            76.7151168,
            8.7489732
          ],
          [
            76.7153427,
            8.7488326
          ],
          [
            76.7155642,
            8.7486812
          ],
          [
            76.7158123,
            8.7484727
          ],
          [
            76.7159042,
            8.7483845
          ],
          [
            76.7159615,
            8.7483294
          ],
          [
            76.716064,
            8.748231
          ],
          [
            76.7163244,
            8.7479913
          ]
        ]
      }
    },
    {
      "type": "Feature",
      "properties": {
        "id": "osm-way-1263665494",
        "name": "Varkala - Kallambalam Road",
        "highway": "secondary",
        "lanes": 2,
        "width": 7.0,
        "type": "road"
      },
      "geometry": {
        "type": "LineString",
        "coordinates": [
          [
            76.708884,
            8.7342153
          ],
          [
            76.7088747,
            8.7342015
          ],
          [
            76.7088688,
            8.7341808
          ],
          [
            76.7088696,
            8.7341622
          ],
          [
            76.708878,
            8.7341437
          ],
          [
            76.7088924,
            8.7341292
          ],
          [
            76.7089073,
            8.7341206
          ],
          [
            76.7089264,
            8.7341179
          ],
          [
            76.7092259,
            8.7340829
          ],
          [
            76.7095084,
            8.7340465
          ],
          [
            76.7096454,
            8.734007
          ],
          [
            76.7097836,
            8.7339562
          ],
          [
            76.7100169,
            8.7338784
          ],
          [
            76.7102439,
            8.7337795
          ],
          [
            76.7103699,
            8.7337154
          ],
          [
            76.710497,
            8.7336022
          ],
          [
            76.7105365,
            8.7335183
          ],
          [
            76.7105756,
            8.7334164
          ],
          [
            76.7105816,
            8.7333918
          ],
          [
            76.7105979,
            8.7333243
          ],
          [
            76.7106059,
            8.7332801
          ],
          [
            76.710634,
            8.733063
          ],
          [
            76.7106553,
            8.7328882
          ],
          [
            76.7106672,
            8.7328187
          ],
          [
            76.7107051,
            8.732699
          ],
          [
            76.7107502,
            8.732646
          ]
        ]
      }
    },
    {
      "type": "Feature",
      "properties": {
        "id": "osm-way-1288635904",
        "name": "Unnamed Road",
        "highway": "residential",
        "lanes": null,
        "width": 5.5,
        "type": "road"
      },
      "geometry": {
        "type": "LineString",
        "coordinates": [
          [
            76.7259954,
            8.7357597
          ],
          [
            76.7261752,
            8.7358529
          ],
          [
            76.7265858,
            8.7358704
          ],
          [
            76.7270858,
            8.7359025
          ],
          [
            76.7271414,
            8.7360231
          ],
          [
            76.7277241,
            8.7361222
          ],
          [
            76.7278141,
            8.736172
          ]
        ]
      }
    },
    {
      "type": "Feature",
      "properties": {
        "id": "osm-way-1305664628",
        "name": "Unnamed Road",
        "highway": "unclassified",
        "lanes": null,
        "width": 5.5,
        "type": "road"
      },
      "geometry": {
        "type": "LineString",
        "coordinates": [
          [
            76.7207322,
            8.7351157
          ],
          [
            76.7207335,
            8.7350087
          ],
          [
            76.7206226,
            8.7349843
          ],
          [
            76.72037,
            8.7348991
          ],
          [
            76.7195566,
            8.7347468
          ],
          [
            76.7192608,
            8.7346372
          ],
          [
            76.7189944,
            8.734503
          ]
        ]
      }
    },
    {
      "type": "Feature",
      "properties": {
        "id": "osm-way-1305664629",
        "name": "Unnamed Road",
        "highway": "unclassified",
        "lanes": null,
        "width": 5.5,
        "type": "road"
      },
      "geometry": {
        "type": "LineString",
        "coordinates": [
          [
            76.723607,
            8.7336721
          ],
          [
            76.723595,
            8.7337289
          ],
          [
            76.7235002,
            8.7341772
          ],
          [
            76.7231587,
            8.734563
          ],
          [
            76.7227603,
            8.7352622
          ],
          [
            76.722679,
            8.7354229
          ]
        ]
      }
    },
    {
      "type": "Feature",
      "properties": {
        "id": "osm-way-1305664631",
        "name": "Unnamed Road",
        "highway": "unclassified",
        "lanes": null,
        "width": 5.5,
        "type": "road"
      },
      "geometry": {
        "type": "LineString",
        "coordinates": [
          [
            76.7180524,
            8.7303787
          ],
          [
            76.7180717,
            8.7303339
          ],
          [
            76.7181084,
            8.7303291
          ],
          [
            76.7183835,
            8.7303881
          ],
          [
            76.7184184,
            8.7303795
          ],
          [
            76.7184621,
            8.7303522
          ],
          [
            76.7185923,
            8.7299666
          ],
          [
            76.7187384,
            8.7289381
          ],
          [
            76.7187763,
            8.7286916
          ]
        ]
      }
    },
    {
      "type": "Feature",
      "properties": {
        "id": "osm-way-1372618689",
        "name": "Varkala - Parippally - Madathara Road",
        "highway": "primary",
        "lanes": 2,
        "width": 7.0,
        "type": "road"
      },
      "geometry": {
        "type": "LineString",
        "coordinates": [
          [
            76.7243182,
            8.7382986
          ],
          [
            76.7246586,
            8.7375636
          ],
          [
            76.7249606,
            8.7369989
          ],
          [
            76.7250209,
            8.7368157
          ],
          [
            76.7250709,
            8.7366125
          ],
          [
            76.7251561,
            8.7362659
          ],
          [
            76.7253047,
            8.7356332
          ],
          [
            76.7253355,
            8.7355048
          ],
          [
            76.725446,
            8.7350444
          ],
          [
            76.7255452,
            8.7347844
          ],
          [
            76.7255452,
            8.7346898
          ],
          [
            76.7255341,
            8.7345934
          ],
          [
            76.7255024,
            8.734477
          ],
          [
            76.7254514,
            8.7343544
          ],
          [
            76.7253274,
            8.7341245
          ]
        ]
      }
    },
    {
      "type": "Feature",
      "properties": {
        "id": "osm-way-1412783813",
        "name": "Varkala - Kallambalam Road",
        "highway": "secondary",
        "lanes": 2,
        "width": 7.0,
        "type": "road"
      },
      "geometry": {
        "type": "LineString",
        "coordinates": [
          [
            76.7257503,
            8.7339732
          ],
          [
            76.7259473,
            8.7338367
          ],
          [
            76.7264017,
            8.7335315
          ],
          [
            76.7268759,
            8.7332561
          ]
        ]
      }
    },
    {
      "type": "Feature",
      "properties": {
        "id": "osm-way-1429733312",
        "name": "Varkala Taluk Hospital - Aliyirakkam Road",
        "highway": "secondary",
        "lanes": null,
        "width": 8.0,
        "type": "road"
      },
      "geometry": {
        "type": "LineString",
        "coordinates": [
          [
            76.7163853,
            8.7294537
          ],
          [
            76.7164241,
            8.7291248
          ],
          [
            76.7164442,
            8.7290273
          ]
        ]
      }
    },
    {
      "type": "Feature",
      "properties": {
        "id": "osm-way-1430208964",
        "name": "Unnamed Road",
        "highway": "residential",
        "lanes": null,
        "width": 5.5,
        "type": "road"
      },
      "geometry": {
        "type": "LineString",
        "coordinates": [
          [
            76.7221245,
            8.7333796
          ],
          [
            76.7221096,
            8.7334373
          ],
          [
            76.721805,
            8.7346181
          ],
          [
            76.7216927,
            8.7350532
          ],
          [
            76.7216404,
            8.735256
          ],
          [
            76.7215503,
            8.7355034
          ],
          [
            76.7211335,
            8.7366484
          ],
          [
            76.720848,
            8.7365941
          ],
          [
            76.7195399,
            8.7362664
          ]
        ]
      }
    },
    {
      "type": "Feature",
      "properties": {
        "id": "osm-way-1436610229",
        "name": "Unnamed Road",
        "highway": "secondary_link",
        "lanes": null,
        "width": 6.0,
        "type": "road"
      },
      "geometry": {
        "type": "LineString",
        "coordinates": [
          [
            76.7160754,
            8.7310709
          ],
          [
            76.7159442,
            8.731176
          ],
          [
            76.715734,
            8.7313112
          ]
        ]
      }
    },
    {
      "type": "Feature",
      "properties": {
        "id": "osm-way-1446203106",
        "name": "Unnamed Road",
        "highway": "secondary",
        "lanes": null,
        "width": 8.0,
        "type": "road"
      },
      "geometry": {
        "type": "LineString",
        "coordinates": [
          [
            76.7252516,
            8.7339527
          ],
          [
            76.7251553,
            8.7339414
          ],
          [
            76.7250601,
            8.7339258
          ],
          [
            76.7250123,
            8.7339292
          ]
        ]
      }
    },
    {
      "type": "Feature",
      "properties": {
        "id": "osm-way-1446203107",
        "name": "Varkala - Kallambalam Road",
        "highway": "secondary",
        "lanes": 2,
        "width": 7.0,
        "type": "road"
      },
      "geometry": {
        "type": "LineString",
        "coordinates": [
          [
            76.7250123,
            8.7339292
          ],
          [
            76.7250709,
            8.7339822
          ],
          [
            76.7251879,
            8.7340482
          ]
        ]
      }
    },
    {
      "type": "Feature",
      "properties": {
        "id": "osm-way-1464259564",
        "name": "Unnamed Road",
        "highway": "residential",
        "lanes": null,
        "width": 5.5,
        "type": "road"
      },
      "geometry": {
        "type": "LineString",
        "coordinates": [
          [
            76.7085039,
            8.7308946
          ],
          [
            76.7084972,
            8.730519
          ],
          [
            76.7084954,
            8.7304032
          ]
        ]
      }
    },
    {
      "type": "Feature",
      "properties": {
        "id": "osm-way-1467318321",
        "name": "Unnamed Road",
        "highway": "unclassified",
        "lanes": null,
        "width": 5.5,
        "type": "road"
      },
      "geometry": {
        "type": "LineString",
        "coordinates": [
          [
            76.7139871,
            8.7327166
          ],
          [
            76.7138284,
            8.732641
          ]
        ]
      }
    },
    {
      "type": "Feature",
      "properties": {
        "id": "osm-way-1467801032",
        "name": "Unnamed Road",
        "highway": "unclassified",
        "lanes": null,
        "width": 5.5,
        "type": "road"
      },
      "geometry": {
        "type": "LineString",
        "coordinates": [
          [
            76.7072219,
            8.7347336
          ],
          [
            76.7071447,
            8.7347564
          ],
          [
            76.7071204,
            8.734775
          ],
          [
            76.7069348,
            8.7349167
          ],
          [
            76.7068198,
            8.7350464
          ]
        ]
      }
    },
    {
      "type": "Feature",
      "properties": {
        "id": "osm-way-1468481744",
        "name": "Unnamed Road",
        "highway": "unclassified",
        "lanes": null,
        "width": 5.5,
        "type": "road"
      },
      "geometry": {
        "type": "LineString",
        "coordinates": [
          [
            76.7115049,
            8.7287908
          ],
          [
            76.7115038,
            8.7286937
          ],
          [
            76.7115107,
            8.7286292
          ]
        ]
      }
    },
    {
      "type": "Feature",
      "properties": {
        "id": "osm-way-1536486788",
        "name": "Unnamed Road",
        "highway": "residential",
        "lanes": null,
        "width": 5.5,
        "type": "road"
      },
      "geometry": {
        "type": "LineString",
        "coordinates": [
          [
            76.7222054,
            8.7371775
          ],
          [
            76.7221451,
            8.73722
          ]
        ]
      }
    },
    {
      "type": "Feature",
      "properties": {
        "id": "osm-bldg-799426969",
        "building": "yes",
        "height": 8.0,
        "type": "building"
      },
      "geometry": {
        "type": "Polygon",
        "coordinates": [
          [
            [
              76.7176648,
              8.7348016
            ],
            [
              76.7177828,
              8.7348864
            ],
            [
              76.7179062,
              8.7346955
            ],
            [
              76.7178418,
              8.7346584
            ],
            [
              76.7176648,
              8.7348016
            ]
          ]
        ]
      }
    },
    {
      "type": "Feature",
      "properties": {
        "id": "osm-bldg-799426974",
        "building": "yes",
        "height": 8.0,
        "type": "building"
      },
      "geometry": {
        "type": "Polygon",
        "coordinates": [
          [
            [
              76.7173429,
              8.7345948
            ],
            [
              76.7174287,
              8.7346796
            ],
            [
              76.717536,
              8.7345047
            ],
            [
              76.7174341,
              8.7344676
            ],
            [
              76.7173429,
              8.7345948
            ]
          ]
        ]
      }
    },
    {
      "type": "Feature",
      "properties": {
        "id": "osm-bldg-799426976",
        "building": "yes",
        "height": 8.0,
        "type": "building"
      },
      "geometry": {
        "type": "Polygon",
        "coordinates": [
          [
            [
              76.7179062,
              8.7348069
            ],
            [
              76.7179705,
              8.7348864
            ],
            [
              76.7180617,
              8.7347327
            ],
            [
              76.7179813,
              8.7346902
            ],
            [
              76.7179649,
              8.7347157
            ],
            [
              76.7179062,
              8.7348069
            ]
          ]
        ]
      }
    },
    {
      "type": "Feature",
      "properties": {
        "id": "osm-bldg-799427029",
        "building": "yes",
        "height": 8.0,
        "type": "building"
      },
      "geometry": {
        "type": "Polygon",
        "coordinates": [
          [
            [
              76.7191684,
              8.7393732
            ],
            [
              76.7192944,
              8.7393852
            ],
            [
              76.7192741,
              8.7392125
            ],
            [
              76.719144,
              8.7392165
            ],
            [
              76.7191684,
              8.7393732
            ]
          ]
        ]
      }
    },
    {
      "type": "Feature",
      "properties": {
        "id": "osm-bldg-799427034",
        "building": "yes",
        "height": 8.0,
        "type": "building"
      },
      "geometry": {
        "type": "Polygon",
        "coordinates": [
          [
            [
              76.7184163,
              8.7384048
            ],
            [
              76.718522,
              8.738445
            ],
            [
              76.718583,
              8.7383083
            ],
            [
              76.7185057,
              8.7382521
            ],
            [
              76.7184163,
              8.7384048
            ]
          ]
        ]
      }
    },
    {
      "type": "Feature",
      "properties": {
        "id": "osm-bldg-799427035",
        "building": "yes",
        "height": 8.0,
        "type": "building"
      },
      "geometry": {
        "type": "Polygon",
        "coordinates": [
          [
            [
              76.7177397,
              8.7405455
            ],
            [
              76.7178662,
              8.7405545
            ],
            [
              76.7178762,
              8.7404176
            ],
            [
              76.7177498,
              8.7404086
            ],
            [
              76.717745,
              8.7404739
            ],
            [
              76.7177362,
              8.7404733
            ],
            [
              76.7177329,
              8.7405177
            ],
            [
              76.7177417,
              8.7405183
            ],
            [
              76.7177397,
              8.7405455
            ]
          ]
        ]
      }
    },
    {
      "type": "Feature",
      "properties": {
        "id": "osm-bldg-799427036",
        "building": "yes",
        "height": 8.0,
        "type": "building"
      },
      "geometry": {
        "type": "Polygon",
        "coordinates": [
          [
            [
              76.718335,
              8.7405626
            ],
            [
              76.7184326,
              8.7405666
            ],
            [
              76.7184773,
              8.7403496
            ],
            [
              76.7183268,
              8.7403416
            ],
            [
              76.718335,
              8.7405626
            ]
          ]
        ]
      }
    },
    {
      "type": "Feature",
      "properties": {
        "id": "osm-bldg-799427037",
        "building": "yes",
        "height": 8.0,
        "type": "building"
      },
      "geometry": {
        "type": "Polygon",
        "coordinates": [
          [
            [
              76.7184854,
              8.7405063
            ],
            [
              76.7186074,
              8.7405104
            ],
            [
              76.7186399,
              8.7403778
            ],
            [
              76.7185139,
              8.7403255
            ],
            [
              76.7184854,
              8.7405063
            ]
          ]
        ]
      }
    },
    {
      "type": "Feature",
      "properties": {
        "id": "osm-bldg-799427038",
        "building": "yes",
        "height": 8.0,
        "type": "building"
      },
      "geometry": {
        "type": "Polygon",
        "coordinates": [
          [
            [
              76.7184417,
              8.739517
            ],
            [
              76.7185179,
              8.7395138
            ],
            [
              76.7185098,
              8.7393933
            ],
            [
              76.7184364,
              8.7393914
            ],
            [
              76.7184417,
              8.739517
            ]
          ]
        ]
      }
    },
    {
      "type": "Feature",
      "properties": {
        "id": "osm-bldg-802109579",
        "building": "yes",
        "height": 8.0,
        "type": "building"
      },
      "geometry": {
        "type": "Polygon",
        "coordinates": [
          [
            [
              76.7128561,
              8.738725
            ],
            [
              76.7128637,
              8.7386087
            ],
            [
              76.712993,
              8.738617
            ],
            [
              76.7129854,
              8.7387333
            ],
            [
              76.7128561,
              8.738725
            ]
          ]
        ]
      }
    },
    {
      "type": "Feature",
      "properties": {
        "id": "osm-bldg-804956185",
        "building": "yes",
        "height": 8.0,
        "type": "building"
      },
      "geometry": {
        "type": "Polygon",
        "coordinates": [
          [
            [
              76.7138234,
              8.735221
            ],
            [
              76.7138133,
              8.7352173
            ],
            [
              76.71379,
              8.7352646
            ],
            [
              76.7139276,
              8.735323
            ],
            [
              76.7139759,
              8.7352098
            ],
            [
              76.7138505,
              8.7351552
            ],
            [
              76.7138234,
              8.735221
            ]
          ]
        ]
      }
    },
    {
      "type": "Feature",
      "properties": {
        "id": "osm-bldg-804959996",
        "building": "yes",
        "height": 8.0,
        "type": "building"
      },
      "geometry": {
        "type": "Polygon",
        "coordinates": [
          [
            [
              76.713491,
              8.7355251
            ],
            [
              76.7135714,
              8.7355278
            ],
            [
              76.7136036,
              8.7354694
            ],
            [
              76.7135902,
              8.7353926
            ],
            [
              76.713491,
              8.7353952
            ],
            [
              76.713491,
              8.7355251
            ]
          ]
        ]
      }
    },
    {
      "type": "Feature",
      "properties": {
        "id": "osm-bldg-837013185",
        "building": "yes",
        "height": 8.0,
        "type": "building"
      },
      "geometry": {
        "type": "Polygon",
        "coordinates": [
          [
            [
              76.7139154,
              8.7391064
            ],
            [
              76.7139073,
              8.7389575
            ],
            [
              76.7140126,
              8.7389511
            ],
            [
              76.714019,
              8.7391
            ],
            [
              76.7139154,
              8.7391064
            ]
          ]
        ]
      }
    },
    {
      "type": "Feature",
      "properties": {
        "id": "osm-bldg-837013186",
        "building": "yes",
        "height": 8.0,
        "type": "building"
      },
      "geometry": {
        "type": "Polygon",
        "coordinates": [
          [
            [
              76.7140339,
              8.739092
            ],
            [
              76.7141002,
              8.7390868
            ],
            [
              76.7140924,
              8.7389482
            ],
            [
              76.7140456,
              8.738952
            ],
            [
              76.7140469,
              8.73897
            ],
            [
              76.7140274,
              8.7389726
            ],
            [
              76.7140339,
              8.739092
            ]
          ]
        ]
      }
    },
    {
      "type": "Feature",
      "properties": {
        "id": "osm-bldg-943962605",
        "building": "yes",
        "height": 8.0,
        "type": "building"
      },
      "geometry": {
        "type": "Polygon",
        "coordinates": [
          [
            [
              76.713769,
              8.7361708
            ],
            [
              76.7137721,
              8.7360938
            ],
            [
              76.7138687,
              8.7360892
            ],
            [
              76.7138764,
              8.7361815
            ],
            [
              76.713769,
              8.7361708
            ]
          ]
        ]
      }
    },
    {
      "type": "Feature",
      "properties": {
        "id": "osm-bldg-943962667",
        "building": "yes",
        "height": 8.0,
        "type": "building"
      },
      "geometry": {
        "type": "Polygon",
        "coordinates": [
          [
            [
              76.7150895,
              8.7363555
            ],
            [
              76.715172,
              8.7362385
            ],
            [
              76.7153122,
              8.7363231
            ],
            [
              76.7152265,
              8.7364478
            ],
            [
              76.7150895,
              8.7363555
            ]
          ]
        ]
      }
    },
    {
      "type": "Feature",
      "properties": {
        "id": "osm-bldg-943963293",
        "building": "yes",
        "height": 8.0,
        "type": "building"
      },
      "geometry": {
        "type": "Polygon",
        "coordinates": [
          [
            [
              76.7152997,
              8.7364478
            ],
            [
              76.7153807,
              8.7364847
            ],
            [
              76.7153729,
              8.7365063
            ],
            [
              76.7154103,
              8.7365248
            ],
            [
              76.7154663,
              8.7364293
            ],
            [
              76.7154399,
              8.7364201
            ],
            [
              76.7154461,
              8.7363801
            ],
            [
              76.7153776,
              8.7363524
            ],
            [
              76.7153527,
              8.7363755
            ],
            [
              76.7152997,
              8.7364478
            ]
          ]
        ]
      }
    },
    {
      "type": "Feature",
      "properties": {
        "id": "osm-bldg-943963366",
        "building": "yes",
        "height": 8.0,
        "type": "building"
      },
      "geometry": {
        "type": "Polygon",
        "coordinates": [
          [
            [
              76.7148092,
              8.7360476
            ],
            [
              76.7149164,
              8.7359455
            ],
            [
              76.7149859,
              8.7360117
            ],
            [
              76.7148777,
              8.7361154
            ],
            [
              76.7148092,
              8.7360476
            ]
          ]
        ]
      }
    },
    {
      "type": "Feature",
      "properties": {
        "id": "osm-bldg-943963399",
        "building": "yes",
        "height": 8.0,
        "type": "building"
      },
      "geometry": {
        "type": "Polygon",
        "coordinates": [
          [
            [
              76.7162169,
              8.7353781
            ],
            [
              76.7163493,
              8.735375
            ],
            [
              76.7163508,
              8.7352257
            ],
            [
              76.7162247,
              8.7352211
            ],
            [
              76.7162169,
              8.7353781
            ]
          ]
        ]
      }
    },
    {
      "type": "Feature",
      "properties": {
        "id": "osm-bldg-943963545",
        "building": "yes",
        "height": 8.0,
        "type": "building"
      },
      "geometry": {
        "type": "Polygon",
        "coordinates": [
          [
            [
              76.7166794,
              8.7353873
            ],
            [
              76.7168024,
              8.7354351
            ],
            [
              76.7168258,
              8.7353519
            ],
            [
              76.7166996,
              8.7353135
            ],
            [
              76.7166794,
              8.7353873
            ]
          ]
        ]
      }
    },
    {
      "type": "Feature",
      "properties": {
        "id": "osm-bldg-943963646",
        "building": "yes",
        "height": 8.0,
        "type": "building"
      },
      "geometry": {
        "type": "Polygon",
        "coordinates": [
          [
            [
              76.7154445,
              8.7348302
            ],
            [
              76.7155644,
              8.7348871
            ],
            [
              76.7155613,
              8.7349164
            ],
            [
              76.71558,
              8.7349179
            ],
            [
              76.7155691,
              8.7349702
            ],
            [
              76.7155271,
              8.7349564
            ],
            [
              76.7155193,
              8.7349749
            ],
            [
              76.7154539,
              8.7349518
            ],
            [
              76.7154726,
              8.7349071
            ],
            [
              76.7154196,
              8.734884
            ],
            [
              76.7154445,
              8.7348302
            ]
          ]
        ]
      }
    },
    {
      "type": "Feature",
      "properties": {
        "id": "osm-bldg-943964486",
        "building": "yes",
        "height": 8.0,
        "type": "building"
      },
      "geometry": {
        "type": "Polygon",
        "coordinates": [
          [
            [
              76.7157357,
              8.7346393
            ],
            [
              76.715812,
              8.7346901
            ],
            [
              76.7158759,
              8.7345885
            ],
            [
              76.7158011,
              8.7345439
            ],
            [
              76.7157357,
              8.7346393
            ]
          ]
        ]
      }
    },
    {
      "type": "Feature",
      "properties": {
        "id": "osm-bldg-1436611296",
        "building": "yes",
        "height": 8.0,
        "type": "building"
      },
      "geometry": {
        "type": "Polygon",
        "coordinates": [
          [
            [
              76.7187484,
              8.7358293
            ],
            [
              76.7188122,
              8.7358683
            ],
            [
              76.7188061,
              8.7358782
            ],
            [
              76.7188527,
              8.7359067
            ],
            [
              76.7189226,
              8.7357949
            ],
            [
              76.7188122,
              8.7357274
            ],
            [
              76.7187484,
              8.7358293
            ]
          ]
        ]
      }
    },
    {
      "type": "Feature",
      "properties": {
        "id": "osm-bldg-1436611297",
        "building": "yes",
        "height": 8.0,
        "type": "building"
      },
      "geometry": {
        "type": "Polygon",
        "coordinates": [
          [
            [
              76.7192037,
              8.7359618
            ],
            [
              76.7192895,
              8.7359638
            ],
            [
              76.7192922,
              8.7358491
            ],
            [
              76.7192063,
              8.7358472
            ],
            [
              76.7192037,
              8.7359618
            ]
          ]
        ]
      }
    },
    {
      "type": "Feature",
      "properties": {
        "id": "osm-bldg-1436611298",
        "building": "yes",
        "height": 8.0,
        "type": "building"
      },
      "geometry": {
        "type": "Polygon",
        "coordinates": [
          [
            [
              76.7191339,
              8.7356927
            ],
            [
              76.7192626,
              8.7357262
            ],
            [
              76.7192968,
              8.7355976
            ],
            [
              76.7191681,
              8.7355642
            ],
            [
              76.7191339,
              8.7356927
            ]
          ]
        ]
      }
    },
    {
      "type": "Feature",
      "properties": {
        "id": "osm-bldg-1436616285",
        "building": "yes",
        "height": 8.0,
        "type": "building"
      },
      "geometry": {
        "type": "Polygon",
        "coordinates": [
          [
            [
              76.7147666,
              8.7353163
            ],
            [
              76.7149108,
              8.7351813
            ],
            [
              76.7148005,
              8.7350662
            ],
            [
              76.7146564,
              8.7352012
            ],
            [
              76.7147666,
              8.7353163
            ]
          ]
        ]
      }
    },
    {
      "type": "Feature",
      "properties": {
        "id": "osm-bldg-1436631516",
        "building": "yes",
        "height": 8.0,
        "type": "building"
      },
      "geometry": {
        "type": "Polygon",
        "coordinates": [
          [
            [
              76.7131774,
              8.7376307
            ],
            [
              76.7131747,
              8.7377182
            ],
            [
              76.7133107,
              8.7377222
            ],
            [
              76.7133133,
              8.7376348
            ],
            [
              76.7131774,
              8.7376307
            ]
          ]
        ]
      }
    },
    {
      "type": "Feature",
      "properties": {
        "id": "osm-bldg-1436631523",
        "building": "yes",
        "height": 8.0,
        "type": "building"
      },
      "geometry": {
        "type": "Polygon",
        "coordinates": [
          [
            [
              76.7131653,
              8.7396972
            ],
            [
              76.7131975,
              8.7398205
            ],
            [
              76.7132672,
              8.7398027
            ],
            [
              76.7132529,
              8.7397477
            ],
            [
              76.7132819,
              8.7397403
            ],
            [
              76.7132641,
              8.739672
            ],
            [
              76.7131653,
              8.7396972
            ]
          ]
        ]
      }
    },
    {
      "type": "Feature",
      "properties": {
        "id": "osm-bldg-1436631524",
        "building": "yes",
        "height": 8.0,
        "type": "building"
      },
      "geometry": {
        "type": "Polygon",
        "coordinates": [
          [
            [
              76.7130768,
              8.7396906
            ],
            [
              76.7131157,
              8.739835
            ],
            [
              76.7131711,
              8.7398205
            ],
            [
              76.7131322,
              8.739676
            ],
            [
              76.7130768,
              8.7396906
            ]
          ]
        ]
      }
    },
    {
      "type": "Feature",
      "properties": {
        "id": "osm-bldg-1437063473",
        "building": "yes",
        "height": 8.0,
        "type": "building"
      },
      "geometry": {
        "type": "Polygon",
        "coordinates": [
          [
            [
              76.7176768,
              8.7397409
            ],
            [
              76.717671,
              8.7398127
            ],
            [
              76.7176464,
              8.7398107
            ],
            [
              76.7176419,
              8.7398662
            ],
            [
              76.7177205,
              8.7398724
            ],
            [
              76.7177181,
              8.7399023
            ],
            [
              76.7178358,
              8.7399116
            ],
            [
              76.7178386,
              8.7398771
            ],
            [
              76.717827,
              8.7398761
            ],
            [
              76.7178282,
              8.7398609
            ],
            [
              76.7178587,
              8.7398633
            ],
            [
              76.7178638,
              8.7398004
            ],
            [
              76.7178308,
              8.7397978
            ],
            [
              76.7178344,
              8.7397534
            ],
            [
              76.7176768,
              8.7397409
            ]
          ]
        ]
      }
    },
    {
      "type": "Feature",
      "properties": {
        "id": "osm-bldg-1437063474",
        "building": "yes",
        "height": 8.0,
        "type": "building"
      },
      "geometry": {
        "type": "Polygon",
        "coordinates": [
          [
            [
              76.7170425,
              8.7383326
            ],
            [
              76.7170954,
              8.738367
            ],
            [
              76.7171404,
              8.7382995
            ],
            [
              76.7170875,
              8.738265
            ],
            [
              76.7170425,
              8.7383326
            ]
          ]
        ]
      }
    },
    {
      "type": "Feature",
      "properties": {
        "id": "osm-bldg-1437063475",
        "building": "yes",
        "height": 8.0,
        "type": "building"
      },
      "geometry": {
        "type": "Polygon",
        "coordinates": [
          [
            [
              76.716783,
              8.738143
            ],
            [
              76.7168462,
              8.7381852
            ],
            [
              76.7168797,
              8.7381362
            ],
            [
              76.7168165,
              8.738094
            ],
            [
              76.716783,
              8.738143
            ]
          ]
        ]
      }
    },
    {
      "type": "Feature",
      "properties": {
        "id": "osm-bldg-1437063476",
        "building": "yes",
        "height": 8.0,
        "type": "building"
      },
      "geometry": {
        "type": "Polygon",
        "coordinates": [
          [
            [
              76.7164926,
              8.737856
            ],
            [
              76.7164501,
              8.7379367
            ],
            [
              76.7165426,
              8.7379844
            ],
            [
              76.7165852,
              8.7379037
            ],
            [
              76.7164926,
              8.737856
            ]
          ]
        ]
      }
    },
    {
      "type": "Feature",
      "properties": {
        "id": "osm-bldg-1437063477",
        "building": "yes",
        "height": 8.0,
        "type": "building"
      },
      "geometry": {
        "type": "Polygon",
        "coordinates": [
          [
            [
              76.7150328,
              8.7378739
            ],
            [
              76.7150623,
              8.7377175
            ],
            [
              76.7149755,
              8.7377015
            ],
            [
              76.714946,
              8.7378579
            ],
            [
              76.7150328,
              8.7378739
            ]
          ]
        ]
      }
    },
    {
      "type": "Feature",
      "properties": {
        "id": "osm-bldg-1437063478",
        "building": "yes",
        "height": 8.0,
        "type": "building"
      },
      "geometry": {
        "type": "Polygon",
        "coordinates": [
          [
            [
              76.7148188,
              8.7379448
            ],
            [
              76.7147976,
              8.73804
            ],
            [
              76.7149318,
              8.7380692
            ],
            [
              76.714953,
              8.737974
            ],
            [
              76.7148188,
              8.7379448
            ]
          ]
        ]
      }
    },
    {
      "type": "Feature",
      "properties": {
        "id": "osm-bldg-1437063479",
        "building": "yes",
        "height": 8.0,
        "type": "building"
      },
      "geometry": {
        "type": "Polygon",
        "coordinates": [
          [
            [
              76.7145292,
              8.7393028
            ],
            [
              76.7145272,
              8.7394312
            ],
            [
              76.7145333,
              8.7394313
            ],
            [
              76.7145328,
              8.7394593
            ],
            [
              76.7145663,
              8.7394598
            ],
            [
              76.7145668,
              8.7394318
            ],
            [
              76.7146079,
              8.7394325
            ],
            [
              76.7146088,
              8.7393767
            ],
            [
              76.7146548,
              8.7393774
            ],
            [
              76.714656,
              8.7393048
            ],
            [
              76.7145292,
              8.7393028
            ]
          ]
        ]
      }
    },
    {
      "type": "Feature",
      "properties": {
        "id": "osm-bldg-1437063480",
        "building": "yes",
        "height": 8.0,
        "type": "building"
      },
      "geometry": {
        "type": "Polygon",
        "coordinates": [
          [
            [
              76.7149825,
              8.739894
            ],
            [
              76.7149832,
              8.740006
            ],
            [
              76.7150373,
              8.7400057
            ],
            [
              76.7150372,
              8.7399868
            ],
            [
              76.7150948,
              8.7399865
            ],
            [
              76.7150943,
              8.7398934
            ],
            [
              76.7149825,
              8.739894
            ]
          ]
        ]
      }
    },
    {
      "type": "Feature",
      "properties": {
        "id": "osm-bldg-1437063481",
        "building": "yes",
        "height": 8.0,
        "type": "building"
      },
      "geometry": {
        "type": "Polygon",
        "coordinates": [
          [
            [
              76.7151817,
              8.7395467
            ],
            [
              76.7151703,
              8.7396439
            ],
            [
              76.7152977,
              8.7396585
            ],
            [
              76.7153091,
              8.7395613
            ],
            [
              76.7151817,
              8.7395467
            ]
          ]
        ]
      }
    },
    {
      "type": "Feature",
      "properties": {
        "id": "osm-bldg-1437063482",
        "building": "yes",
        "height": 8.0,
        "type": "building"
      },
      "geometry": {
        "type": "Polygon",
        "coordinates": [
          [
            [
              76.7152213,
              8.7395288
            ],
            [
              76.7153755,
              8.7395342
            ],
            [
              76.7153786,
              8.7394465
            ],
            [
              76.7152243,
              8.7394412
            ],
            [
              76.7152213,
              8.7395288
            ]
          ]
        ]
      }
    },
    {
      "type": "Feature",
      "properties": {
        "id": "osm-bldg-1437063483",
        "building": "yes",
        "height": 8.0,
        "type": "building"
      },
      "geometry": {
        "type": "Polygon",
        "coordinates": [
          [
            [
              76.715869,
              8.7393923
            ],
            [
              76.7158524,
              8.7394876
            ],
            [
              76.7159852,
              8.7395102
            ],
            [
              76.7160018,
              8.7394149
            ],
            [
              76.715869,
              8.7393923
            ]
          ]
        ]
      }
    },
    {
      "type": "Feature",
      "properties": {
        "id": "osm-water-102622660",
        "name": null,
        "natural": "water",
        "type": "water"
      },
      "geometry": {
        "type": "Polygon",
        "coordinates": [
          [
            [
              76.7075138,
              8.733233
            ],
            [
              76.7072443,
              8.7332264
            ],
            [
              76.7069103,
              8.7332184
            ],
            [
              76.706493,
              8.7331662
            ],
            [
              76.7064747,
              8.73316
            ],
            [
              76.7061835,
              8.733067
            ],
            [
              76.7059635,
              8.7330723
            ],
            [
              76.7057975,
              8.7330972
            ],
            [
              76.7057463,
              8.7330538
            ],
            [
              76.7056989,
              8.7329397
            ],
            [
              76.7056846,
              8.7329237
            ],
            [
              76.7056216,
              8.7329091
            ],
            [
              76.7055452,
              8.732921
            ],
            [
              76.7054553,
              8.7329913
            ],
            [
              76.7054117,
              8.7330237
            ],
            [
              76.7053708,
              8.7330721
            ],
            [
              76.70534,
              8.7331172
            ],
            [
              76.7053334,
              8.7331781
            ],
            [
              76.705285,
              8.7332286
            ],
            [
              76.7052059,
              8.7332696
            ],
            [
              76.7051268,
              8.7333452
            ],
            [
              76.7049793,
              8.7335308
            ],
            [
              76.7075138,
              8.733233
            ]
          ]
        ]
      }
    },
    {
      "type": "Feature",
      "properties": {
        "id": "osm-water-383756239",
        "name": "Parvathy Puthanar",
        "natural": "water",
        "type": "water"
      },
      "geometry": {
        "type": "Polygon",
        "coordinates": [
          [
            [
              76.7271417,
              8.7316718
            ],
            [
              76.7262813,
              8.7305883
            ],
            [
              76.7255374,
              8.7295632
            ],
            [
              76.7249652,
              8.7288492
            ],
            [
              76.7243715,
              8.7282412
            ],
            [
              76.723878,
              8.7279796
            ],
            [
              76.7231127,
              8.7279654
            ],
            [
              76.7215604,
              8.7280857
            ],
            [
              76.7199825,
              8.7280057
            ],
            [
              76.7192393,
              8.7277332
            ],
            [
              76.7191783,
              8.7277108
            ],
            [
              76.7184905,
              8.7268509
            ],
            [
              76.7182629,
              8.7259361
            ],
            [
              76.7180201,
              8.7242814
            ],
            [
              76.7176762,
              8.7215469
            ],
            [
              76.7176975,
              8.7211712
            ],
            [
              76.7175577,
              8.7204708
            ],
            [
              76.7175105,
              8.720047
            ],
            [
              76.7175975,
              8.7196505
            ],
            [
              76.7179839,
              8.7189737
            ],
            [
              76.7182168,
              8.7186828
            ],
            [
              76.7184993,
              8.7185122
            ],
            [
              76.7193713,
              8.7180254
            ],
            [
              76.7271417,
              8.7316718
            ]
          ]
        ]
      }
    },
    {
      "type": "Feature",
      "properties": {
        "id": "osm-water-434716083",
        "name": null,
        "natural": "water",
        "type": "water"
      },
      "geometry": {
        "type": "Polygon",
        "coordinates": [
          [
            [
              76.7071472,
              8.7341296
            ],
            [
              76.7070585,
              8.7339083
            ],
            [
              76.7064653,
              8.7338076
            ],
            [
              76.7064656,
              8.7338026
            ],
            [
              76.7071472,
              8.7341296
            ]
          ]
        ]
      }
    },
    {
      "type": "Feature",
      "properties": {
        "id": "osm-water-802101297",
        "name": "Perumkulam Pond",
        "natural": "water",
        "type": "water"
      },
      "geometry": {
        "type": "Polygon",
        "coordinates": [
          [
            [
              76.7106322,
              8.7296343
            ],
            [
              76.7106293,
              8.7289063
            ],
            [
              76.7116084,
              8.7289026
            ],
            [
              76.7116112,
              8.7296307
            ],
            [
              76.7106322,
              8.7296343
            ]
          ]
        ]
      }
    },
    {
      "type": "Feature",
      "properties": {
        "id": "osm-water-810537599",
        "name": "Pathra Kulam",
        "natural": "water",
        "type": "water"
      },
      "geometry": {
        "type": "Polygon",
        "coordinates": [
          [
            [
              76.7094016,
              8.7328011
            ],
            [
              76.7094027,
              8.7329314
            ],
            [
              76.7092726,
              8.7329333
            ],
            [
              76.7092737,
              8.7328594
            ],
            [
              76.7093395,
              8.7328599
            ],
            [
              76.7093391,
              8.7328027
            ],
            [
              76.7094016,
              8.7328011
            ]
          ]
        ]
      }
    },
    {
      "type": "Feature",
      "properties": {
        "id": "osm-water-897408698",
        "name": null,
        "natural": "water",
        "type": "water"
      },
      "geometry": {
        "type": "Polygon",
        "coordinates": [
          [
            [
              76.7243116,
              8.7451395
            ],
            [
              76.724197,
              8.7453963
            ],
            [
              76.7241314,
              8.745586
            ],
            [
              76.7240651,
              8.7456673
            ],
            [
              76.7243116,
              8.7451395
            ]
          ]
        ]
      }
    },
    {
      "type": "Feature",
      "properties": {
        "id": "osm-water-898228123",
        "name": null,
        "natural": "water",
        "type": "water"
      },
      "geometry": {
        "type": "Polygon",
        "coordinates": [
          [
            [
              76.7184493,
              8.7303289
            ],
            [
              76.7184904,
              8.7302524
            ],
            [
              76.718496,
              8.7301999
            ],
            [
              76.7185375,
              8.7300808
            ],
            [
              76.7185587,
              8.7299703
            ],
            [
              76.7185796,
              8.7297903
            ],
            [
              76.7186108,
              8.7294559
            ],
            [
              76.7186387,
              8.7292185
            ],
            [
              76.7186904,
              8.7289277
            ],
            [
              76.7187171,
              8.7287755
            ],
            [
              76.7187057,
              8.7287166
            ],
            [
              76.7187125,
              8.728626
            ],
            [
              76.7187103,
              8.7285807
            ],
            [
              76.718724,
              8.7285535
            ],
            [
              76.7187882,
              8.7285241
            ],
            [
              76.7188982,
              8.7284788
            ],
            [
              76.7190082,
              8.7284675
            ],
            [
              76.719054,
              8.7284493
            ],
            [
              76.7190953,
              8.7284176
            ],
            [
              76.7191021,
              8.728361
            ],
            [
              76.7190975,
              8.728318
            ],
            [
              76.7190953,
              8.7282138
            ],
            [
              76.7190517,
              8.7281526
            ],
            [
              76.7190219,
              8.7280801
            ],
            [
              76.7190311,
              8.728028
            ],
            [
              76.7190563,
              8.7279646
            ],
            [
              76.7190675,
              8.7279451
            ],
            [
              76.7184493,
              8.7303289
            ]
          ]
        ]
      }
    },
    {
      "type": "Feature",
      "properties": {
        "id": "osm-water-898228124",
        "name": null,
        "natural": "water",
        "type": "water"
      },
      "geometry": {
        "type": "Polygon",
        "coordinates": [
          [
            [
              76.7183376,
              8.7331344
            ],
            [
              76.7183698,
              8.7330319
            ],
            [
              76.7184038,
              8.7329666
            ],
            [
              76.7184056,
              8.7327881
            ],
            [
              76.7184127,
              8.7326185
            ],
            [
              76.7184145,
              8.7323147
            ],
            [
              76.7184494,
              8.7321142
            ],
            [
              76.7183376,
              8.7331344
            ]
          ]
        ]
      }
    },
    {
      "type": "Feature",
      "properties": {
        "id": "osm-water-898228126",
        "name": null,
        "natural": "water",
        "type": "water"
      },
      "geometry": {
        "type": "Polygon",
        "coordinates": [
          [
            [
              76.7191171,
              8.7278589
            ],
            [
              76.7191411,
              8.7278174
            ],
            [
              76.7192393,
              8.7277332
            ],
            [
              76.7191171,
              8.7278589
            ]
          ]
        ]
      }
    },
    {
      "type": "Feature",
      "properties": {
        "id": "osm-water-898228128",
        "name": null,
        "natural": "water",
        "type": "water"
      },
      "geometry": {
        "type": "Polygon",
        "coordinates": [
          [
            [
              76.7184628,
              8.7320373
            ],
            [
              76.7184765,
              8.7317949
            ],
            [
              76.7184834,
              8.731616
            ],
            [
              76.7185036,
              8.7314756
            ],
            [
              76.7185266,
              8.7313382
            ],
            [
              76.7185598,
              8.7312694
            ],
            [
              76.7185861,
              8.7311943
            ],
            [
              76.7186253,
              8.730994
            ],
            [
              76.7184628,
              8.7308164
            ],
            [
              76.7183917,
              8.7307349
            ],
            [
              76.7184628,
              8.7320373
            ]
          ]
        ]
      }
    },
    {
      "type": "Feature",
      "properties": {
        "id": "osm-water-1436619626",
        "name": null,
        "natural": "water",
        "type": "water"
      },
      "geometry": {
        "type": "Polygon",
        "coordinates": [
          [
            [
              76.7083396,
              8.7363253
            ],
            [
              76.7083554,
              8.7361629
            ],
            [
              76.7084861,
              8.7361754
            ],
            [
              76.7084702,
              8.7363378
            ],
            [
              76.7083396,
              8.7363253
            ]
          ]
        ]
      }
    },
    {
      "type": "Feature",
      "properties": {
        "id": "osm-water-1467801029",
        "name": null,
        "natural": "water",
        "type": "water"
      },
      "geometry": {
        "type": "Polygon",
        "coordinates": [
          [
            [
              76.7061347,
              8.7337968
            ],
            [
              76.7063115,
              8.7338025
            ],
            [
              76.7064653,
              8.7338076
            ],
            [
              76.7061347,
              8.7337968
            ]
          ]
        ]
      }
    },
    {
      "type": "Feature",
      "properties": {
        "id": "osm-water-1467801034",
        "name": null,
        "natural": "water",
        "type": "water"
      },
      "geometry": {
        "type": "Polygon",
        "coordinates": [
          [
            [
              76.7077429,
              8.7357199
            ],
            [
              76.7076735,
              8.7355893
            ],
            [
              76.7075988,
              8.7354768
            ],
            [
              76.7075431,
              8.7354048
            ],
            [
              76.7071439,
              8.7348145
            ],
            [
              76.7071204,
              8.734775
            ],
            [
              76.7070012,
              8.7345747
            ],
            [
              76.7069856,
              8.7344593
            ],
            [
              76.7070609,
              8.7343619
            ],
            [
              76.7071569,
              8.7342401
            ],
            [
              76.7071472,
              8.7341296
            ],
            [
              76.7077429,
              8.7357199
            ]
          ]
        ]
      }
    },
    {
      "type": "Feature",
      "properties": {
        "id": "osm-water-1467801053",
        "name": null,
        "natural": "water",
        "type": "water"
      },
      "geometry": {
        "type": "Polygon",
        "coordinates": [
          [
            [
              76.7064661,
              8.7337851
            ],
            [
              76.7064709,
              8.7337257
            ],
            [
              76.7063986,
              8.7337118
            ],
            [
              76.7064011,
              8.7335418
            ],
            [
              76.706493,
              8.7331662
            ],
            [
              76.7064661,
              8.7337851
            ]
          ]
        ]
      }
    },
    {
      "type": "Feature",
      "properties": {
        "id": "osm-water-1470240270",
        "name": null,
        "natural": "water",
        "type": "water"
      },
      "geometry": {
        "type": "Polygon",
        "coordinates": [
          [
            [
              76.7184172,
              8.7306307
            ],
            [
              76.7184261,
              8.7305944
            ],
            [
              76.7184536,
              8.7305152
            ],
            [
              76.7184078,
              8.7304676
            ],
            [
              76.7184441,
              8.7304081
            ],
            [
              76.7184172,
              8.7306307
            ]
          ]
        ]
      }
    }
  ]
}